"TOA5","BoiaSomorrostro_cr1000xs","CR1000X","27337","CR1000X.8.2.1","CPU:IcatmarBoiaBarcelona.CR1X","30101","Meteo"
"TIMESTAMP","RECORD","Latitude","Longitude","HASL","Rel_WindDir","Corr_WindDir","Corr_WindS","WindDir_True","Rel_WS","BP","RH","AirTemp","DP","AD","WBT"
"TS","RN","° (+N, -S)","° (+E, -W)","m","°","°","","°","m/s","hPa","%","°C","°C","kgm-3","°C"
"","","Smp","Smp","Smp","Smp","Smp","Smp","Smp","Smp","Smp","Smp","Smp","Smp","Smp","Smp"
"2025-08-13 17:00:00",0,41.38478,2.196121,141,11,109,2.55,111,2.55,1013.3,78,29.8,25.6,1.2,26.7
"2025-08-13 18:00:00",1,41.38517,2.195891,58,162,260,0.9,262,0.9,1013.4,64,31.4,24,1.2,26.1
"2025-08-13 19:00:00",2,41.38521,2.195838,75,317,55,0.3,56.95,0.3,1012.6,53,31.4,20.9,1.2,24.2
"2025-08-13 20:00:00",3,41.38528,2.195483,47,29,127,1.04,129,1.04,1012.9,62,30.6,22.5,1.2,24.9
"2025-08-13 21:00:00",4,41.38519,2.195688,30,192,289,1.07,291,1.09,1013,61,30,21.9,1.2,24.3
"2025-08-13 22:00:00",5,41.38509,2.196495,47,133,112,0.35,114,0.08,1013.6,60,29.8,21.3,1.2,23.9
"2025-08-13 23:00:00",6,100,1000,7999,212,310,1000,"NAN",0.54,1014.2,63,29.4,21.8,1.2,24.1
"2025-08-14 00:00:00",7,41.38522,2.195663,33,8,106,0.39,108,0.39,1014.4,66,29.2,22.3,1.2,24.3
"2025-08-14 01:00:00",8,41.38514,2.195758,40,234,332,0.4,334,0.4,1014.5,64,29,21.7,1.2,23.9
"2025-08-14 02:00:00",9,41.38525,2.195616,40,175,273,0.35,275,0.35,1014.5,64,28.7,21.3,1.2,23.5
"2025-08-14 03:00:00",10,41.38534,2.19567,30,341,79,0.93,81,0.93,1014.5,70,28.3,22.3,1.2,24
"2025-08-14 04:00:00",11,41.38517,2.195703,34,253,351,0.95,353,0.95,1014.6,75,27.7,23,1.2,24.3
"2025-08-14 05:00:00",12,41.38524,2.195641,39,72,170,0.34,172,0.34,1014.7,82,27.8,24.6,1.2,25.4
"2025-08-14 06:00:00",13,41.3853,2.195641,30,202,300,0.53,302,0.53,1014.7,78,27.3,23.3,1.2,24.3
"2025-08-14 07:00:00",14,41.3853,2.195551,30,307,45,0.07,46.95,0.07,1014.9,72,27,21.6,1.2,23.2
"2025-08-14 08:00:00",15,41.38507,2.195991,38,251,106,0.68,108,0.01,1015.2,65,27.5,20.5,1.2,22.6
"2025-08-14 09:00:00",16,100,1000,7999,345,83,1000,"NAN",0.43,1015.2,64,28.7,21.4,1.2,23.5
"2025-08-14 10:00:00",17,41.38519,2.19564,25,59,157,0.72,159,0.72,1015.5,72,28.7,23.2,1.2,24.7
"2025-08-14 11:00:00",18,41.3852,2.195754,33,34,132,1.38,134,1.38,1015.6,71,29.1,23.5,1.2,25
"2025-08-14 12:00:00",19,41.38538,2.195866,34,12,110,1.81,112,1.81,1015.6,69,30.4,24.1,1.2,25.8
"2025-08-14 13:00:00",20,41.38526,2.19578,15,34,132,1.7,134,1.7,1015.3,57,31,21.6,1.2,24.4
"2025-08-14 14:00:00",21,41.38528,2.195711,4,22,120,2.5,122,2.5,1014.6,49,32.8,20.7,1.2,24.5
"2025-08-14 15:00:00",22,41.3853,2.195656,47,20,120,2.12,122,2.19,1014.4,42,33,18.6,1.2,23.4
"2025-08-14 16:00:00",23,41.38533,2.195335,36,22,121,2.51,123,2.26,1014.2,43,32.7,18.8,1.2,23.4
"2025-08-14 17:00:00",24,41.3852,2.195438,37,15,112,2.15,114,1.92,1013.9,52,31.8,20.8,1.2,24.3
"2025-08-14 18:00:00",25,41.38563,2.195078,37,5,108,2.41,110,1.6,1014,54,31,20.8,1.2,24
"2025-08-14 19:00:00",26,41.38514,2.195861,93,202,301,1.52,303,1.54,1014,55,31.2,21.1,1.2,24.2
"2025-08-14 20:00:00",27,41.3852,2.195683,29,215,307,0.4,309,0.42,1014.1,59,30.7,21.8,1.2,24.5
"2025-08-14 21:00:00",28,41.38519,2.195685,32,12,110,0.67,112,0.69,1014.2,71,29.8,24,1.2,25.6
"2025-08-14 22:00:00",29,41.38485,2.197508,39,14,116,0.22,118,0.22,1015.1,65,29.8,22.8,1.2,24.8
"2025-08-14 23:00:00",30,100,1000,7999,359,97,1000,"NAN",0.06,1015.6,65,30.3,23.1,1.2,25.1
"2025-08-15 00:00:00",31,41.38533,2.19564,44,75,173,0.17,175,0.17,1015.8,68,29.8,23.3,1.2,25.1
"2025-08-15 01:00:00",32,41.38515,2.195751,34,232,330,0.05,332,0.05,1015.8,71,29.6,23.8,1.2,25.4
"2025-08-15 02:00:00",33,41.38522,2.195641,28,43,141,0.21,143,0.21,1015.8,69,28.9,22.7,1.2,24.5
"2025-08-15 03:00:00",34,41.38517,2.19567,34,170,268,0.66,270,0.66,1015.9,51,28.7,17.6,1.2,21.3
"2025-08-15 04:00:00",35,41.38536,2.195711,31,239,337,0.53,339,0.53,1015.8,51,28.7,17.5,1.2,21.3
"2025-08-15 05:00:00",36,41.38528,2.195629,45,215,313,0.5,315,0.5,1015.7,51,28.6,17.6,1.2,21.4
"2025-08-15 06:00:00",37,41.38768,2.202597,29,238,292,0.88,294,0.43,1015.9,51,28.4,17.4,1.2,21.1
"2025-08-15 07:00:00",38,41.38522,2.197866,42,180,270,3.12,272,0.95,1016.1,51,28.2,17.2,1.2,21
"2025-08-15 08:00:00",39,41.38531,2.195473,37,211,39,1.6,40.95,0.05,1016.6,52,28.2,17.5,1.2,21.1
"2025-08-15 09:00:00",40,100,1000,7999,336,73,1000,"NAN",0.38,1017,48,29.3,17.4,1.2,21.5
"2025-08-15 10:00:00",41,41.3852,2.195693,22,13,110,0.6,112,0.62,1017.3,56,29.3,19.8,1.2,22.8
"2025-08-15 11:00:00",42,41.38519,2.19593,55,43,141,2.36,143,2.36,1017.7,58,29.3,20.4,1.2,23.2
"2025-08-15 12:00:00",43,41.38543,2.195965,13,29,124,2.26,126,2.2,1018,69,29.7,23.4,1.2,25.2
"2025-08-15 13:00:00",44,41.38535,2.195726,-14,37,135,1.38,137,1.38,1017.9,67,30,23.4,1.2,25.3
"2025-08-15 14:00:00",45,41.38546,2.196056,17,3,101,2.61,103,2.61,1017.8,69,29.7,23.5,1.2,25.2
"2025-08-15 15:00:00",46,41.38536,2.195596,42,12,110,1.67,112,1.67,1017.3,68,29.7,23.1,1.2,25
"2025-08-15 16:00:00",47,41.3853,2.19559,39,19,107,1.77,109,1.88,1016.8,68,29.6,23.2,1.2,25
"2025-08-15 17:00:00",48,41.3851,2.196086,78,7,107,1.52,109,1.56,1016.4,69,29.2,23,1.2,24.8
"2025-08-15 18:00:00",49,41.38515,2.195793,44,32,128,1.3,130,1.28,1016.4,72,29.1,23.5,1.2,25
"2025-08-15 19:00:00",50,41.38528,2.195698,30,10,108,1.52,110,1.52,1016.1,74,28.9,24,1.2,25.3
"2025-08-15 20:00:00",51,41.38517,2.195603,37,33,131,1.06,133,1.06,1015.8,76,28.6,24.1,1.2,25.3
"2025-08-15 21:00:00",52,41.38519,2.19574,29,45,143,1.37,145,1.37,1016,82,28.3,25,1.2,25.9
"2025-08-15 22:00:00",53,41.38479,2.197523,36,282,276,0.28,278,0.01,1016.4,60,29.1,20.6,1.2,23.2
"2025-08-15 23:00:00",54,100,1000,7999,24,122,1000,"NAN",0.1,1016.7,45,30.6,17.6,1.2,22
"2025-08-16 00:00:00",55,41.38514,2.195641,41,203,321,0.38,323,0.18,1016.5,42,30.7,16.5,1.2,21.5
"2025-08-16 01:00:00",56,41.38459,2.196268,145,204,322,0.84,324,0.89,1016.2,49,30.2,18.4,1.2,22.3
"2025-08-16 02:00:00",57,41.38549,2.195678,33,207,305,0.24,307,0.24,1016.1,49,29.7,18,1.2,21.9
"2025-08-16 03:00:00",58,41.38551,2.195693,5,195,293,0.45,295,0.45,1015.3,49,29.3,17.5,1.2,21.5
"2025-08-16 04:00:00",59,41.38534,2.195668,26,217,315,0.16,317,0.16,1015,46,29.5,16.9,1.2,21.3
"2025-08-16 05:00:00",60,41.3852,2.195565,47,14,68,0.1,69.95,0.04,1014.9,45,29.7,16.6,1.2,21.2
"2025-08-16 06:00:00",61,41.38591,2.19785,42,25,79,1.19,81,0.58,1014.9,50,29.8,18.3,1.2,22.1
"2025-08-16 07:00:00",62,41.38515,2.197976,43,246,20,1.59,21.95,1.47,1015.1,53,28.5,18.2,1.2,21.6
"2025-08-16 08:00:00",63,100,1000,7999,285,23,1000,"NAN",0.27,1015.3,53,28.9,18.4,1.2,21.9
"2025-08-16 09:00:00",64,41.38519,2.195626,35,6,104,0.36,106,0.36,1015.5,53,30,19.5,1.2,22.9
"2025-08-16 10:00:00",65,41.38524,2.195688,23,152,252,0.8,254,0.79,1015.5,45,32,18.9,1.2,23.2
"2025-08-16 11:00:00",66,41.3851,2.195733,43,348,86,0.78,88,0.78,1015.7,48,34.5,22,1.2,25.8
"2025-08-16 12:00:00",67,41.3856,2.195818,12,32,134,1.03,136,0.89,1016,47,34,21.2,1.2,25.2
"2025-08-16 13:00:00",68,41.38589,2.196291,-32,1,73,1.52,74.95,1.42,1015.4,58,32.4,23.2,1.2,25.9
"2025-08-16 14:00:00",69,41.38537,2.196192,43,9,108,2.28,110,2.37,1015,52,32.4,21.3,1.2,24.7
"2025-08-16 15:00:00",70,100,1000,7999,47,145,1000,"NAN",1.39,1014.9,39,33.8,18.1,1.2,23.5
"2025-08-16 16:00:00",71,41.3854,2.195671,112,10,108,1.89,110,1.89,1014.6,59,31.7,22.8,1.2,25.4
"2025-08-16 17:00:00",72,41.38498,2.1962,102,20,118,1.42,120,1.42,1014.2,56,32.5,22.7,1.2,25.6
"2025-08-16 18:00:00",73,41.38503,2.195865,57,46,144,1.05,146,1.05,1014.2,79,30.5,26.5,1.2,27.5
"2025-08-16 19:00:00",74,41.38504,2.195754,78,24,117,1.08,119,1.1,1013.8,83,29.7,26.6,1.2,27.3
"2025-08-16 20:00:00",75,41.38534,2.195691,47,14,112,0.9,114,0.83,1013.8,87,29.3,26.9,1.2,27.5
"2025-08-16 21:00:00",76,41.38512,2.195613,19,12,100,1.06,102,0.88,1013.8,88,28.8,26.8,1.2,27.3
"2025-08-16 22:00:00",77,41.38426,2.196858,48,180,15,1.15,16.95,0.39,1014.1,57,30.7,21.4,1.2,24.2
"2025-08-16 23:00:00",78,100,1000,7999,73,171,1000,"NAN",0.37,1013.9,65,30.9,23.6,1.2,25.7
"2025-08-17 00:00:00",79,41.38512,2.195678,31,68,23,0.09,24.95,0.05,1013.6,72,30.1,24.5,1.2,26
"2025-08-17 01:00:00",80,41.38512,2.195811,42,27,126,0.23,128,0.23,1013.5,66,29.9,22.9,1.2,24.9
"2025-08-17 02:00:00",81,41.38527,2.195648,41,49,146,0.15,148,0.15,1013,64,29.5,22.2,1.2,24.3
"2025-08-17 03:00:00",82,41.38539,2.195748,40,182,280,0.42,282,0.42,1012.6,55,29.4,19.7,1.2,22.8
"2025-08-17 04:00:00",83,41.38531,2.195731,33,29,127,0.45,129,0.45,1012.2,63,29.4,21.8,1.2,24
"2025-08-17 05:00:00",84,41.38527,2.195665,46,227,325,0.43,327,0.43,1012.1,54,28.8,18.7,1.2,22
"2025-08-17 06:00:00",85,41.38469,2.193246,41,225,323,0.37,325,0.37,1012,47,29.1,16.6,1.2,21
"2025-08-17 07:00:00",86,41.38546,2.19585,-20,60,158,0.36,160,0.36,1012.2,48,29.2,17.2,1.2,21.3
"2025-08-17 08:00:00",87,41.38485,2.19658,38,241,36,1.04,37.95,1.48,1012.4,45,29.6,16.4,1.2,21
"2025-08-17 09:00:00",88,100,1000,7999,244,342,1000,"NAN",1.42,1012.4,46,29.1,16.4,1.2,20.9
"2025-08-17 10:00:00",89,100,1000,7999,159,258,1000,"NAN",0.52,1012.5,42,30.9,16.5,1.2,21.6
"2025-08-17 11:00:00",90,100,1000,7999,7,105,1000,"NAN",1.04,1012.4,50,31.2,19.7,1.2,23.4
"2025-08-17 12:00:00",91,41.38514,2.195604,46,7,105,1.18,107,1.18,1012.4,59,31.4,22.6,1.2,25.2
"2025-08-17 13:00:00",92,41.38536,2.195808,9,39,137,0.48,139,0.48,1012.5,51,32.5,21.3,1.2,24.8
"2025-08-17 14:00:00",93,41.38504,2.195633,25,60,156,1.07,158,1.07,1012.4,68,30.9,24.3,1.2,26.1
"2025-08-17 15:00:00",94,41.38536,2.19587,45,39,137,1.31,139,1.31,1012.3,73,30.6,25.4,1.2,26.7
"2025-08-17 16:00:00",95,41.38536,2.195738,80,14,112,1,114,1,1011.9,76,30.1,25.5,1.2,26.7
"2025-08-17 17:00:00",96,41.3852,2.195736,33,23,121,1.08,123,1.08,1011.5,82,29.6,26.3,1.2,27.1
"2025-08-17 18:00:00",97,41.38524,2.195633,24,17,115,2.11,117,2.11,1011.5,77,29.2,24.8,1.2,26
"2025-08-17 19:00:00",98,41.38537,2.195567,51,12,110,1.4,112,1.4,1011.2,76,29.2,24.6,1.2,25.8
"2025-08-17 20:00:00",99,41.38522,2.195573,53,27,125,0.61,127,0.61,1011,75,29,24.2,1.2,25.5
"2025-08-17 21:00:00",100,41.38493,2.195808,43,162,294,0.58,296,0.11,1011.1,72,29.1,23.7,1.2,25.2
"2025-08-17 22:00:00",101,41.38481,2.197378,39,199,282,0.63,284,0.36,1011.6,74,29.2,24.3,1.2,25.6
"2025-08-18 05:00:00",108,41.38522,2.19564,43,155,253,0.14,255,0.14,1011,80,28.1,24.5,1.2,25.4
"2025-08-18 06:00:00",109,41.38498,2.194446,41,242,340,0.46,342,0.46,1010.9,80,27.4,23.8,1.2,24.7
"2025-08-18 07:00:00",110,41.38505,2.198005,40,245,331,0.85,333,0.68,1011.2,81,27.2,23.7,1.2,24.6
"2025-08-18 08:00:00",111,41.38528,2.195666,0,235,333,0.73,335,0.73,1011.8,80,27.6,23.8,1.2,24.8
"2025-08-18 09:00:00",112,41.38499,2.195196,-8,147,245,0.81,247,0.81,1012.2,66,28.5,21.5,1.2,23.6
"2025-08-18 10:00:00",113,41.38385,2.19432,-12,83,181,0.94,183,0.94,1012.2,55,29.5,19.6,1.2,22.8
"2025-08-18 11:00:00",114,41.38494,2.195358,49,341,260,0.06,262,0.01,1012.8,48,30.7,18.6,1.2,22.6
"2025-08-18 12:00:00",115,41.38515,2.195625,36,58,156,0.78,158,0.78,1012.6,48,30.9,18.7,1.2,22.8
"2025-08-18 13:00:00",116,41.38525,2.19572,9,50,148,1.29,150,1.29,1012.8,51,31.9,20.6,1.2,24.1
"2025-08-18 14:00:00",117,41.38517,2.195753,35,57,155,0.92,157,0.92,1012.7,57,30.5,21.1,1.2,24
"2025-08-18 15:00:00",118,100,1000,7999,43,141,1000,"NAN",1.03,1012.7,63,30.6,22.8,1.2,25.1
"2025-08-18 16:00:00",119,41.38534,2.195633,80,36,134,0.67,136,0.67,1012.1,68,29.8,23.3,1.2,25.1
"2025-08-18 17:00:00",120,41.38517,2.195673,30,49,147,0.92,149,0.92,1011.8,69,29.2,22.9,1.2,24.7
"2025-08-18 18:00:00",121,41.3852,2.195663,31,54,152,0.69,154,0.69,1011.8,61,29.6,21.5,1.2,23.9
"2025-08-18 19:00:00",122,41.38528,2.195661,38,47,145,1.22,147,1.22,1012.9,57,29.4,20,1.2,23
"2025-08-18 20:00:00",123,41.3852,2.195663,35,76,174,0.44,176,0.44,1012.6,58,29.2,20.3,1.2,23.1
"2025-08-18 21:00:00",124,41.38512,2.195629,44,65,163,1.22,165,1.22,1012.6,61,28.7,20.6,1.2,23.1
"2025-08-18 22:00:00",125,41.38481,2.197571,155,148,305,0.33,307,0.39,1013.4,56,28.9,19.3,1.2,22.4
"2025-08-18 23:00:00",126,100,1000,7999,25,123,1000,"NAN",0.49,1011.6,57,28.8,19.5,1.2,22.5
"2025-08-19 00:00:00",127,41.3852,2.195681,48,46,144,0.78,146,0.78,1012,67,28.4,21.9,1.2,23.8
"2025-08-19 01:00:00",128,41.38512,2.195943,58,51,149,0.47,151,0.47,1011.6,68,28.9,22.4,1.2,24.3
"2025-08-19 02:00:00",129,41.3852,2.19566,37,165,263,0.32,265,0.32,1012.5,73,28.4,23.1,1.2,24.6
"2025-08-19 03:00:00",130,41.3852,2.195671,34,44,142,0.87,144,0.87,1012.4,67,28.5,21.8,1.2,23.7
"2025-08-19 04:00:00",131,41.38527,2.195688,31,113,211,0.03,213,0.03,1012.6,54,28.7,18.6,1.2,21.9
"2025-08-19 05:00:00",132,41.38522,2.195663,44,41,139,0.45,141,0.45,1010.6,57,28.8,19.7,1.2,22.6
"2025-08-19 06:00:00",133,41.38529,2.195623,33,50,148,1.11,150,1.11,1011.5,69,28.4,22.2,1.2,24
"2025-08-19 07:00:00",134,41.38512,2.195991,40,28,126,1.66,128,1.66,1011,73,28,22.8,1.2,24.2
"2025-08-19 08:00:00",135,41.38479,2.196198,52,176,45,0.25,46.95,0.2,1011.7,69,28.3,22.2,1.2,23.9
"2025-08-19 09:00:00",136,100,1000,7999,3,101,1000,"NAN",0.55,1012.4,67,28.2,21.7,1.2,23.6
"2025-08-19 10:00:00",137,41.38538,2.196116,10,42,140,1.78,142,1.78,1010.3,52,29.5,18.8,1.2,22.3
"2025-08-19 11:00:00",138,41.38431,2.197186,41,65,135,0.29,137,0.47,1011.3,45,29,16,1.2,20.6
"2025-08-19 12:00:00",139,41.38527,2.195826,42,92,166,0.42,168,0.63,1010.8,51,29.4,18.3,1.2,22
"2025-08-19 13:00:00",140,41.38494,2.19702,42,62,285,6.79,287,0.88,1010.7,74,28.1,23.1,1.2,24.5
"2025-08-19 14:00:00",141,41.38533,2.195241,77,67,150,0.63,152,1.91,1010.5,79,27.4,23.5,1.2,24.5
"2025-08-19 15:00:00",142,100,1000,7999,87,185,1000,"NAN",0.5,1010.3,80,28,24.2,1.2,25.2
"2025-08-19 16:00:00",143,41.38512,2.195693,62,58,121,1.15,123,2.14,1009.8,79,27.7,23.7,1.2,24.8
"2025-08-19 17:00:00",144,41.38499,2.196143,66,84,182,1.68,184,1.68,1009.4,79,27.1,23.2,1.2,24.2
"2025-08-19 18:00:00",145,41.38603,2.193931,65,44,115,5.74,117,1.83,1009.2,76,27.2,22.7,1.2,23.9
"2025-08-19 19:00:00",146,41.3852,2.195563,27,47,146,1.87,148,1.91,1009.2,75,27.2,22.4,1.2,23.7
"2025-08-19 20:00:00",147,41.38519,2.195676,24,79,177,1.57,179,1.57,1009.1,75,27.1,22.4,1.2,23.7
"2025-08-19 21:00:00",148,41.38514,2.195626,43,57,155,0.71,157,0.71,1009.2,76,26.8,22.3,1.2,23.6
"2025-08-19 22:00:00",149,41.38485,2.196824,112,74,178,1.79,180,1.55,1009.5,79,26.5,22.8,1.2,23.8
"2025-08-19 23:00:00",150,100,1000,7999,144,242,1000,"NAN",0.55,1009.6,79,26.1,22.3,1.2,23.3
"2025-08-20 00:00:00",151,41.3854,2.195601,44,331,69,0.44,70.95,0.44,1009.4,76,25.8,21.3,1.2,22.6
"2025-08-20 01:00:00",152,41.38538,2.195705,56,73,171,1.41,173,1.41,1009.2,65,26.2,19.3,1.2,21.4
"2025-08-20 02:00:00",153,41.38517,2.19568,42,167,265,0.67,267,0.67,1008.6,66,26.4,19.6,1.2,21.7
"2025-08-20 03:00:00",154,41.38538,2.195736,42,212,310,0.61,312,0.61,1007.9,66,25.9,19.3,1.2,21.3
"2025-08-20 04:00:00",155,41.38528,2.195586,39,24,122,1.47,124,1.37,1007.8,63,26.6,19.2,1.2,21.5
"2025-08-20 05:00:00",156,41.38539,2.195555,39,103,201,0.37,203,0.37,1007.5,62,26.6,18.9,1.2,21.3
"2025-08-20 06:00:00",157,100,1000,7999,12,110,1000,"NAN",0.1,1007.7,62,26.3,18.5,1.2,21
"2025-08-20 07:00:00",158,41.38525,2.196161,11,171,268,0.47,270,0.49,1007.7,63,25.9,18.5,1.2,20.8
"2025-08-20 08:00:00",159,41.38517,2.195666,47,65,163,0.69,165,0.69,1008.1,60,25.2,17.1,1.2,19.8
"2025-08-20 09:00:00",160,100,1000,7999,281,19,1000,"NAN",0.58,1008.4,60,25.4,17.1,1.2,19.9
"2025-08-20 10:00:00",161,100,1000,7999,338,76,1000,"NAN",0.43,1008.7,59,25.9,17.3,1.2,20.2
"2025-08-20 11:00:00",162,41.38534,2.195853,19,119,217,0.31,219,0.31,1008.9,58,26.1,17.1,1.2,20.1
"2025-08-20 12:00:00",163,41.38522,2.195696,24,267,5,0.06,6.95,0.06,1009.2,56,26.7,17.4,1.2,20.5
"2025-08-20 13:00:00",164,41.38527,2.195585,13,27,125,1.29,127,1.29,1009.1,58,26.7,17.8,1.2,20.8
"2025-08-20 14:00:00",165,41.38539,2.195701,46,15,113,2.96,115,2.96,1008.6,66,26.9,20.1,1.2,22.2
"2025-08-20 15:00:00",166,100,1000,7999,17,115,1000,"NAN",1.22,1008.5,74,25.6,20.8,1.2,22.2
"2025-08-20 16:00:00",167,41.3853,2.19575,17,19,117,1.74,119,1.74,1008.2,75,23.6,19,1.2,20.3
"2025-08-20 17:00:00",168,41.38519,2.195594,18,15,113,1.33,115,1.33,1007.6,63,26.2,18.7,1.2,21.1
"2025-08-20 18:00:00",169,41.38521,2.195378,4,357,95,1.22,97,1.22,1007.4,67,26.5,20.1,1.2,22
"2025-08-20 19:00:00",170,41.38517,2.195495,60,9,107,0.99,109,0.99,1007.6,68,26.2,19.9,1.2,21.8
"2025-08-20 20:00:00",171,41.3852,2.195525,46,0,98,1.01,100,1.01,1007.6,72,26.2,20.8,1.2,22.4
"2025-08-20 21:00:00",172,41.38524,2.19564,73,8,106,1.47,108,1.47,1008.3,71,26.1,20.5,1.2,22.1
"2025-08-20 22:00:00",173,100,1000,7999,41,139,1000,"NAN",1.21,1009.4,69,24,18,1.2,19.9
"2025-08-20 23:00:00",174,41.38522,2.195756,38,61,159,0.73,161,0.73,1009.4,72,23.6,18.4,1.2,20
"2025-08-21 00:00:00",175,41.38521,2.195723,37,213,311,0.23,313,0.23,1009.8,72,23.9,18.6,1.2,20.2
"2025-08-21 01:00:00",176,41.38496,2.196008,62,30,128,2.26,130,2.26,1009.5,76,22.6,18.1,1.2,19.5
"2025-08-21 02:00:00",177,41.38525,2.195715,39,249,347,0.32,349,0.32,1009.2,76,22.6,18.1,1.2,19.5
"2025-08-21 03:00:00",178,41.3853,2.19567,30,215,313,0.25,315,0.25,1008.9,79,22.2,18.4,1.2,19.5
"2025-08-21 04:00:00",179,41.38527,2.195713,41,161,259,0.43,261,0.43,1008.7,76,22.4,18.1,1.2,19.4
"2025-08-21 05:00:00",180,41.38534,2.195671,47,354,92,0.09,94,0.09,1008.7,73,22.8,17.7,1.2,19.3
"2025-08-21 06:00:00",181,41.38525,2.195868,42,36,134,0.49,136,0.49,1008.4,71,22.9,17.5,1.2,19.2
"2025-08-21 07:00:00",182,41.38491,2.196233,45,47,282,1.97,284,0.25,1008.6,59,22.5,14.3,1.2,17.3
"2025-08-21 08:00:00",183,100,1000,7999,43,141,1000,"NAN",0.65,1009,57,22.5,13.7,1.2,16.9
"2025-08-21 09:00:00",184,41.38517,2.195632,30,40,138,0.27,140,0.27,1009.2,57,23,14,1.2,17.3
"2025-08-21 10:00:00",185,41.38524,2.195696,34,40,138,0.86,140,0.86,1009.2,56,23.6,14.4,1.2,17.7
"2025-08-21 11:00:00",186,41.38538,2.195723,31,78,175,0.66,177,0.66,1009.4,51,25.2,14.4,1.2,18.4
"2025-08-21 12:00:00",187,41.38499,2.195618,7,23,118,1.44,120,1.34,1009.4,52,26.7,16.1,1.2,19.8
"2025-08-21 13:00:00",188,41.3856,2.196129,-7,45,143,0.9,145,0.9,1009.5,55,26.4,16.9,1.2,20.1
"2025-08-21 14:00:00",189,41.38735,2.1928,-14,32,144,1.96,146,0.41,1009.2,44,28.3,14.9,1.2,19.8
"2025-08-21 15:00:00",190,41.38541,2.195798,-4,6,101,3.36,103,3.46,1009.2,61,26.5,18.6,1.2,21.1
"2025-08-21 16:00:00",191,41.38586,2.195128,-125,16,98,0.69,100,0.73,1009.5,56,27.3,17.7,1.2,20.9
"2025-08-21 17:00:00",192,41.38526,2.195743,19,32,132,1.4,134,1.4,1009.5,59,26.7,18.2,1.2,21
"2025-08-21 18:00:00",193,41.38517,2.195632,43,40,138,1.56,140,1.56,1009.8,60,25.9,17.6,1.2,20.3
"2025-08-21 19:00:00",194,41.38514,2.19554,75,58,156,2.09,158,2.09,1010.4,59,25.9,17.3,1.2,20.2
"2025-08-21 20:00:00",195,41.3852,2.195573,40,35,133,1.62,135,1.62,1010.6,66,25.9,19,1.2,21.2
"2025-08-21 21:00:00",196,41.38529,2.195703,70,86,191,0.78,193,0.72,1011.5,72,25.3,20,1.2,21.5
"2025-08-21 22:00:00",197,100,1000,7999,90,188,1000,"NAN",0.6,1012.2,73,25.3,20.1,1.2,21.6
"2025-08-21 23:00:00",198,41.38525,2.195745,40,73,171,0.82,173,0.82,1012.8,71,25.5,19.9,1.2,21.6
"2025-08-22 00:00:00",199,41.38517,2.195759,44,92,190,0.49,192,0.49,1013.2,69,25.6,19.7,1.2,21.5
"2025-08-22 01:00:00",200,41.38509,2.195908,54,93,191,0.15,193,0.15,1013.3,72,25.3,20,1.2,21.5
"2025-08-22 02:00:00",201,41.38524,2.195726,40,233,331,0.46,333,0.46,1013.6,73,24.8,19.7,1.2,21.2
"2025-08-22 03:00:00",202,41.38533,2.195733,32,121,219,0.15,221,0.15,1013.3,75,24.4,19.7,1.2,21.1
"2025-08-22 04:00:00",203,41.3853,2.195551,42,195,293,0.47,295,0.47,1013,75,24.2,19.7,1.2,21
"2025-08-22 05:00:00",204,41.38501,2.195443,35,229,321,1.22,323,1.11,1012.8,76,23.5,19.1,1.2,20.4
"2025-08-22 06:00:00",205,41.38524,2.195818,45,65,163,0.38,165,0.38,1012.8,69,23.6,17.8,1.2,19.6
"2025-08-22 07:00:00",206,41.38471,2.197423,44,183,281,0.62,283,0.62,1012.9,71,23.4,17.9,1.2,19.6
"2025-08-22 08:00:00",207,41.38512,2.19574,44,222,318,1.14,320,1.14,1013.6,65,23.3,16.6,1.2,18.8
"2025-08-22 09:00:00",208,100,1000,7999,203,301,1000,"NAN",0.98,1013.8,61,23.9,16,1.2,18.7
"2025-08-22 10:00:00",209,41.38568,2.196113,37,236,328,1.02,330,1,1014.1,58,24.6,15.8,1.2,18.9
"2025-08-22 11:00:00",210,100,1000,7999,128,226,1000,"NAN",0.15,1014.5,54,26.3,16.5,1.2,19.9
"2025-08-22 12:00:00",211,41.38527,2.195766,13,31,129,2.6,131,2.6,1014.3,57,27.9,18.7,1.2,21.7
"2025-08-22 13:00:00",212,41.38534,2.19579,18,21,119,2.55,121,2.55,1014,64,26.9,19.6,1.2,21.9
"2025-08-22 14:00:00",213,41.3854,2.195748,45,40,138,2.58,140,2.58,1013.7,71,26.3,20.6,1.2,22.3
"2025-08-22 15:00:00",214,41.38548,2.195773,46,34,128,2.32,130,2.46,1013.9,71,26.7,21.1,1.2,22.7
"2025-08-22 16:00:00",215,41.38529,2.195218,-21,18,116,3.35,118,3.35,1013.4,74,26.4,21.5,1.2,22.9
"2025-08-22 17:00:00",216,41.38509,2.196211,78,31,129,2.27,131,2.27,1013.3,73,26.2,21,1.2,22.5
"2025-08-22 18:00:00",217,41.38546,2.196091,79,36,134,3.01,136,3.01,1013.2,71,26.2,20.7,1.2,22.3
"2025-08-22 19:00:00",218,41.38521,2.195588,48,16,114,2.66,116,2.66,1013.3,72,26.3,21,1.2,22.6
"2025-08-22 20:00:00",219,41.38524,2.195628,34,26,109,2.04,111,2.07,1013.3,72,25.9,20.6,1.2,22.1
"2025-08-22 21:00:00",220,41.38507,2.195628,25,22,120,1.57,122,1.57,1013.9,74,25.9,21,1.2,22.4
"2025-08-22 22:00:00",221,41.3838,2.198365,273,255,353,0.29,355,0.29,1014.7,90,23.5,21.8,1.2,22.2
"2025-08-22 23:00:00",222,100,1000,7999,140,238,1000,"NAN",0.37,1015,82,23.4,20.2,1.2,21.1
"2025-08-23 00:00:00",223,41.38519,2.195735,40,150,248,0.36,250,0.36,1015.2,80,24,20.5,1.2,21.5
"2025-08-23 01:00:00",224,41.3851,2.195851,41,205,303,1.32,305,1.32,1015,84,23.8,20.9,1.2,21.7
"2025-08-23 02:00:00",225,41.38533,2.195695,44,170,268,0.39,270,0.39,1015.1,84,23.7,20.8,1.2,21.6
"2025-08-23 03:00:00",226,41.38534,2.195701,44,238,336,0.57,338,0.57,1014.8,81,23.9,20.6,1.2,21.5
"2025-08-23 04:00:00",227,41.38511,2.195383,50,272,10,0.39,11.95,0.39,1014.8,81,23.8,20.4,1.2,21.4
"2025-08-23 05:00:00",228,41.38525,2.195675,40,296,34,0.06,35.95,0.06,1014.6,82,23.6,20.4,1.2,21.3
"2025-08-23 06:00:00",229,41.38526,2.195591,34,171,269,0.3,271,0.3,1014.3,81,23.4,20,1.2,21
"2025-08-23 07:00:00",230,41.38524,2.195685,0,122,220,0.28,222,0.28,1014.4,78,23.6,19.7,1.2,20.8
"2025-08-23 08:00:00",231,41.38512,2.19554,42,107,216,0.37,218,0.37,1014.7,77,23.8,19.6,1.2,20.8
"2025-08-23 09:00:00",232,41.38512,2.195343,3,229,327,0.14,329,0.14,1015.1,73,24.8,19.9,1.2,21.3
"2025-08-23 10:00:00",233,41.38528,2.195843,0,68,166,0.24,168,0.24,1015,66,26,19.3,1.2,21.4
"2025-08-23 11:00:00",234,100,1000,7999,17,115,1000,"NAN",1.2,1015.5,66,27.1,20.4,1.2,22.4
"2025-08-23 12:00:00",235,41.38564,2.196201,1,19,114,2.51,116,2.53,1015.1,65,27.6,20.5,1.2,22.6
"2025-08-23 13:00:00",236,100,1000,7999,334,72,1000,"NAN",0.55,1015,71,27.2,21.6,1.2,23.2
"2025-08-23 14:00:00",237,41.38514,2.195632,42,9,107,1.94,109,1.94,1014.8,71,27.3,21.8,1.2,23.3
"2025-08-23 15:00:00",238,41.38543,2.195756,63,38,135,1.73,137,1.76,1014.4,71,27.2,21.7,1.2,23.3
"2025-08-23 16:00:00",239,41.3849,2.19555,67,54,152,2.73,154,2.73,1013.4,68,27.5,21.2,1.2,23.1
"2025-08-23 17:00:00",240,41.38507,2.195991,59,18,116,2.82,118,2.78,1012.8,68,27.9,21.5,1.2,23.4
"2025-08-23 18:00:00",241,41.38535,2.195951,63,358,92,1.1,94,1.26,1012.6,67,28.1,21.5,1.2,23.4
"2025-08-23 19:00:00",242,41.3852,2.195608,43,206,304,1.38,306,1.38,1012.4,66,27.8,21,1.2,23
"2025-08-23 20:00:00",243,41.38525,2.195646,33,261,359,0.48,0.95,0.48,1012.2,70,27,21.2,1.2,22.9
"2025-08-23 21:00:00",244,41.38515,2.195598,40,192,290,0.37,292,0.37,1012.7,73,26.7,21.5,1.2,23
"2025-08-23 22:00:00",245,41.38549,2.197845,38,185,283,0.63,285,0.63,1013.2,74,26.4,21.4,1.2,22.8
"2025-08-23 23:00:00",246,41.38538,2.195826,40,196,255,0.32,257,0.22,1013.5,74,26.4,21.4,1.2,22.8
"2025-08-24 00:00:00",247,41.38524,2.195588,31,101,217,0.26,219,0.34,1013.9,72,26.3,20.9,1.2,22.5
"2025-08-24 01:00:00",248,41.3852,2.195668,40,202,300,0.24,302,0.24,1014,73,26.1,20.9,1.2,22.4
"2025-08-24 02:00:00",249,41.38534,2.195655,36,207,305,0.5,307,0.5,1014,73,25.9,20.8,1.2,22.2
"2025-08-24 03:00:00",250,41.38537,2.195743,37,227,325,0.25,327,0.25,1013.8,75,25.4,20.7,1.2,22.1
"2025-08-24 04:00:00",251,41.385,2.195529,62,203,301,0.4,303,0.4,1013.5,76,25.3,20.9,1.2,22.2
"2025-08-24 05:00:00",252,41.38514,2.195413,42,195,293,0.15,295,0.15,1013.5,78,24.7,20.8,1.2,21.9
"2025-08-24 06:00:00",253,41.38569,2.198811,46,169,43,0.38,44.95,0.14,1013.1,77,25.2,21,1.2,22.2
"2025-08-24 07:00:00",254,100,1000,7999,50,148,1000,"NAN",0.12,1013.2,77,24.5,20.4,1.2,21.6
"2025-08-24 08:00:00",255,41.38521,2.195628,32,131,229,0.53,231,0.53,1013.4,77,24,19.7,1.2,21
"2025-08-24 09:00:00",256,41.38525,2.195599,29,225,323,0.93,325,0.93,1013.7,74,24.6,19.7,1.2,21.2
"2025-08-24 10:00:00",257,41.3852,2.195685,22,142,240,0.34,242,0.34,1014.1,69,26,20,1.2,21.8
"2025-08-24 11:00:00",258,100,1000,7999,26,124,1000,"NAN",0.43,1014.6,70,27.2,21.2,1.2,23
"2025-08-24 12:00:00",259,41.38538,2.196001,56,51,152,1.57,154,1.75,1014.6,71,28.2,22.5,1.2,24.1
"2025-08-24 13:00:00",260,41.38453,2.204713,22,13,98,3.08,100,1.38,1014.8,71,27.6,22,1.2,23.6
"2025-08-24 14:00:00",261,41.38578,2.197213,21,90,207,1.07,209,0.69,1014.6,73,27.2,21.9,1.2,23.4
"2025-08-24 15:00:00",262,100,1000,7999,61,159,1000,"NAN",1.18,1014.2,72,27.9,22.5,1.2,24
"2025-08-24 16:00:00",263,41.38474,2.195701,107,45,145,1.26,147,1.28,1013.8,74,27.9,23.1,1.2,24.4
"2025-08-24 17:00:00",264,41.38533,2.195665,40,35,133,1.94,135,1.95,1013.6,78,27.8,23.7,1.2,24.8
"2025-08-24 18:00:00",265,41.38534,2.19578,61,33,131,2.8,133,2.8,1013.3,81,27.2,23.7,1.2,24.6
"2025-08-24 19:00:00",266,41.38528,2.19533,53,62,160,1.57,162,1.57,1013.2,77,27.5,23.1,1.2,24.3
"2025-08-24 20:00:00",267,41.38517,2.195948,16,26,125,2.06,127,2.05,1013.2,76,27.6,23,1.2,24.2
"2025-08-24 21:00:00",268,100,1000,7999,14,112,1000,"NAN",1,1013.8,77,27.1,22.8,1.2,24
"2025-08-24 22:00:00",269,41.38527,2.19573,29,30,128,0.57,130,0.57,1014.3,76,27.2,22.8,1.2,24
"2025-08-24 23:00:00",270,41.38507,2.19554,33,29,127,1.04,129,1.04,1014.6,79,27,23,1.2,24.1
"2025-08-25 00:00:00",271,41.38522,2.195759,41,16,114,0.95,116,0.95,1014.5,79,26.8,23,1.2,24
"2025-08-25 01:00:00",272,41.38515,2.195819,69,73,171,0.11,173,0.11,1014.7,78,26.9,22.7,1.2,23.9
"2025-08-25 02:00:00",273,41.38529,2.195658,41,188,286,0.55,288,0.55,1014.4,77,26.5,22.4,1.2,23.5
"2025-08-25 03:00:00",274,41.3854,2.195766,36,224,322,0.24,324,0.24,1014.5,79,26.4,22.5,1.2,23.6
"2025-08-25 04:00:00",275,41.38515,2.195603,42,184,282,0.49,284,0.49,1014.6,78,26.1,22.1,1.2,23.2
"2025-08-25 05:00:00",276,41.38527,2.195601,32,229,327,0.45,329,0.45,1014.6,78,25.9,21.8,1.2,23
"2025-08-25 06:00:00",277,41.38522,2.195793,34,52,150,0.19,152,0.19,1014.6,77,26.1,21.9,1.2,23.1
"2025-08-25 07:00:00",278,41.38517,2.195811,33,134,232,0.21,234,0.21,1014.6,76,26.1,21.7,1.2,22.9
"2025-08-25 08:00:00",279,41.38556,2.196066,7,232,304,0.12,306,0.09,1015,75,26,21.4,1.2,22.7
"2025-08-25 09:00:00",280,41.38546,2.196593,7,49,242,0.55,244,0.28,1015,76,26.6,22,1.2,23.3
"2025-08-25 10:00:00",281,100,1000,7999,11,109,1000,"NAN",0.7,1015.6,75,26.7,21.9,1.2,23.3
"2025-08-25 11:00:00",282,41.38533,2.195821,7,67,177,0.27,179,0.22,1015.9,73,27,21.8,1.2,23.3
"2025-08-25 12:00:00",283,41.3852,2.19568,11,54,163,0.35,165,0.33,1015.8,76,27,22.4,1.2,23.6
"2025-08-25 13:00:00",284,41.38524,2.195748,23,32,130,0.46,132,0.46,1015.8,83,26.1,23.1,1.2,23.9
"2025-08-25 14:00:00",285,41.38514,2.195759,40,216,314,0.46,316,0.46,1016.1,85,26,23.3,1.2,24
"2025-08-25 15:00:00",286,41.38505,2.195956,55,110,208,0.22,210,0.22,1015.7,79,26.7,22.9,1.2,23.9
"2025-08-25 16:00:00",287,41.38521,2.195663,22,11,109,1.57,111,1.57,1014.4,67,28,21.5,1.2,23.4
"2025-08-25 17:00:00",288,41.38512,2.195768,45,225,323,0.35,325,0.35,1013.9,63,28.7,20.9,1.2,23.3
"2025-08-25 18:00:00",289,41.3853,2.19572,39,331,36,0.15,37.95,0.12,1013.7,76,28.2,23.5,1.2,24.8
"2025-08-25 19:00:00",290,41.38521,2.195661,39,209,307,0.26,309,0.26,1013.7,72,28.2,22.8,1.2,24.3
"2025-08-25 20:00:00",291,41.38535,2.195673,56,160,258,0.52,260,0.52,1013.6,70,28.2,22.3,1.2,23.9
"2025-08-25 21:00:00",292,41.38522,2.19566,64,242,340,0.28,342,0.28,1013.8,69,27.8,21.6,1.2,23.4
"2025-08-25 22:00:00",293,100,1000,7999,227,325,1000,"NAN",0.33,1014.1,69,27.8,21.6,1.2,23.4
"2025-08-25 23:00:00",294,41.38524,2.195766,57,291,197,0.32,199,0.29,1014.2,68,28,21.7,1.2,23.5
"2025-08-26 00:00:00",295,41.38517,2.196003,56,227,29,0.38,30.95,0.25,1014.2,71,27.4,21.8,1.2,23.4
"2025-08-26 01:00:00",296,41.38525,2.195711,40,197,295,0.2,297,0.2,1013.7,73,27.2,22,1.2,23.4
"2025-08-26 02:00:00",297,41.38522,2.195721,46,191,289,0.06,291,0.06,1013.5,73,27.1,21.8,1.2,23.3
"2025-08-26 03:00:00",298,41.3853,2.195768,34,205,303,0.21,305,0.21,1012.7,69,26.9,20.8,1.2,22.6
"2025-08-26 04:00:00",299,41.38519,2.195433,47,201,299,0.31,301,0.31,1012.2,68,26.5,20.1,1.2,22
"2025-08-26 05:00:00",300,41.3851,2.19552,16,214,312,0.28,314,0.28,1011.8,68,26.4,20.3,1.2,22.1
"2025-08-26 06:00:00",301,41.38544,2.195491,23,203,301,0.18,303,0.18,1011.6,71,26.3,20.8,1.2,22.4
"2025-08-26 07:00:00",302,100,1000,7999,243,341,1000,"NAN",0.34,1011.6,70,26,20.3,1.2,22
"2025-08-26 08:00:00",303,41.38514,2.195615,35,220,318,0.68,320,0.68,1012,68,25.8,19.5,1.2,21.4
"2025-08-26 09:00:00",304,41.38517,2.195632,34,82,180,0.45,182,0.45,1012.2,80,26.6,22.9,1.2,23.9
"2025-08-26 10:00:00",305,41.38519,2.196137,48,8,130,0.29,132,0.33,1012.6,86,26.4,23.9,1.2,24.6
"2025-08-26 11:00:00",306,41.38514,2.195745,57,51,88,0.55,90,0.18,1012.7,85,26.5,23.9,1.2,24.5
"2025-08-26 12:00:00",307,41.38534,2.195891,-9,90,185,1.7,187,1.85,1012.7,85,26.7,24,1.2,24.7
"2025-08-26 13:00:00",308,41.38557,2.196316,37,59,157,1.4,159,1.4,1012.5,82,27,23.7,1.2,24.6
"2025-08-26 14:00:00",309,41.38533,2.195646,59,25,123,0.59,125,0.59,1012.5,79,27.5,23.5,1.2,24.6
"2025-08-26 15:00:00",310,41.38551,2.19569,61,45,154,1.48,156,1.16,1012.1,79,27.4,23.6,1.2,24.6
"2025-08-26 16:00:00",311,41.38485,2.195703,81,59,155,1.78,157,1.73,1011.4,80,27.2,23.5,1.2,24.5
"2025-08-26 17:00:00",312,41.38524,2.195888,51,47,149,1.43,151,1.3,1010.7,81,26.8,23.4,1.2,24.3
"2025-08-26 18:00:00",313,41.38526,2.195636,33,24,122,0.99,124,0.99,1010.2,83,26.9,23.7,1.2,24.5
"2025-08-26 19:00:00",314,41.38522,2.195629,42,40,138,1.12,140,1.12,1010.1,84,26.5,23.7,1.2,24.4
"2025-08-26 20:00:00",315,41.38522,2.195651,29,87,185,1.72,187,1.72,1010.1,84,26.4,23.5,1.2,24.3
"2025-08-26 21:00:00",316,41.38524,2.195661,31,86,184,1.04,186,1.04,1010.4,86,26.4,24,1.2,24.6
"2025-08-26 22:00:00",317,41.38467,2.198905,65,268,289,3.38,291,0.47,1010.9,86,26.2,23.8,1.2,24.4
"2025-08-26 23:00:00",318,41.38522,2.195618,33,117,215,1.11,217,1.11,1010.9,86,26,23.6,1.2,24.2
"2025-08-27 00:00:00",319,41.38515,2.195728,46,217,315,0.76,317,0.76,1011.1,68,26.8,20.6,1.2,22.5
"2025-08-27 01:00:00",320,41.38527,2.195716,47,144,242,0.94,244,0.94,1010.6,70,26.8,21,1.2,22.7
"2025-08-27 02:00:00",321,41.38527,2.195741,30,198,296,0.42,298,0.42,1010.7,66,27.1,20.2,1.2,22.3
"2025-08-27 03:00:00",322,41.38522,2.195653,41,75,173,2.05,175,2.05,1009.4,76,26.9,22.4,1.2,23.7
"2025-08-27 04:00:00",323,41.38524,2.195556,48,228,326,0.54,328,0.54,1009.8,80,26.4,22.7,1.2,23.7
"2025-08-27 05:00:00",324,41.38512,2.19536,51,21,119,0.17,121,0.17,1009.7,72,26,20.7,1.2,22.3
"2025-08-27 06:00:00",325,41.38534,2.197539,54,36,109,0.7,111,0.83,1008.6,73,26.6,21.5,1.2,23
"2025-08-27 07:00:00",326,100,1000,7999,197,295,1000,"NAN",0.51,1009.2,74,26.4,21.4,1.2,22.9
"2025-08-27 08:00:00",327,41.38517,2.19562,35,101,199,0.4,201,0.4,1009.6,73,25.9,20.7,1.2,22.2
"2025-08-27 09:00:00",328,41.38514,2.195413,22,140,238,1.55,240,1.55,1010.6,66,25.9,19.2,1.2,21.3
"2025-08-27 10:00:00",329,41.38514,2.195933,45,201,293,0.29,295,0.3,1009,64,26.4,19.3,1.2,21.5
"2025-08-27 11:00:00",330,41.38517,2.195741,47,325,28,0.12,29.95,0.5,1009.5,54,28.8,18.8,1.2,22.1
"2025-08-27 12:00:00",331,41.38515,2.195703,-3,340,75,1.35,76.95,1.34,1009.1,60,28.1,19.7,1.2,22.4
"2025-08-27 13:00:00",332,41.38595,2.196246,-31,104,202,1.04,204,1.04,1009,68,28,21.6,1.2,23.5
"2025-08-27 14:00:00",333,41.3853,2.19559,63,60,159,0.95,161,1.06,1008.6,72,27.9,22.5,1.2,24
"2025-08-27 15:00:00",334,41.38564,2.195785,60,53,156,2.05,158,2.07,1007.2,76,27.8,23.3,1.2,24.5
"2025-08-27 16:00:00",335,41.38478,2.195888,102,41,139,1.74,141,1.74,1006.2,76,27.9,23.5,1.2,24.7
"2025-08-27 17:00:00",336,41.38525,2.195515,12,29,127,1.12,129,1.11,1006.2,79,28.1,24.1,1.2,25.2
"2025-08-27 18:00:00",337,41.38522,2.195703,57,44,143,1.17,145,1.16,1005.9,83,27.1,24,1.2,24.8
"2025-08-27 19:00:00",338,41.3852,2.195486,47,62,160,1.8,162,1.8,1005.9,83,27,23.9,1.2,24.7
"2025-08-27 20:00:00",339,41.38522,2.195613,37,54,152,1.65,154,1.65,1005.4,85,26.6,23.9,1.2,24.6
"2025-08-27 21:00:00",340,41.38517,2.19575,43,56,154,1.72,156,1.72,1005.7,83,26.7,23.6,1.2,24.4
"2025-08-27 22:00:00",341,100,1000,7999,65,163,1000,"NAN",1.4,1006.4,79,26.9,23.1,1.2,24.1
"2025-08-27 23:00:00",342,41.38524,2.195728,37,102,195,1.09,197,1,1005.4,76,27.1,22.5,1.2,23.8
"2025-08-28 00:00:00",343,41.38446,2.195975,162,327,56,0.69,57.95,0.13,1004.9,73,27.2,22,1.2,23.5
"2025-08-28 01:00:00",344,41.38515,2.195783,46,56,154,1.47,156,1.47,1004.5,79,26.6,22.7,1.2,23.8
"2025-08-28 02:00:00",345,41.38527,2.19583,34,220,318,0.61,320,0.61,1004.9,78,26.3,22.3,1.2,23.4
"2025-08-28 03:00:00",346,41.38525,2.195766,43,208,305,0.4,307,0.4,1004.7,75,26.3,21.5,1.2,22.8
"2025-08-28 04:00:00",347,41.3852,2.1955,41,162,260,1.2,262,1.2,1004.8,71,26.4,20.8,1.2,22.5
"2025-08-28 05:00:00",348,41.38499,2.195143,40,133,231,0.14,233,0.14,1004.4,71,26,20.3,1.2,22
"2025-08-28 06:00:00",349,41.38525,2.195618,30,191,289,0.14,291,0.14,1004.7,69,25.9,19.8,1.2,21.6
"2025-08-28 07:00:00",350,41.38535,2.195483,39,125,288,3.96,290,0.43,1005.1,69,25.7,19.6,1.2,21.5
"2025-08-28 08:00:00",351,100,1000,7999,151,249,1000,"NAN",0.23,1005.4,71,25.2,19.6,1.2,21.3
"2025-08-28 09:00:00",352,41.38559,2.195903,41,145,209,0.32,211,0.19,1005.2,70,25.8,19.9,1.2,21.6
"2025-08-28 10:00:00",353,100,1000,7999,187,285,1000,"NAN",0.73,1005.5,65,26.6,19.5,1.2,21.7
"2025-08-28 11:00:00",354,41.38528,2.195798,35,227,323,0.5,325,0.5,1005.3,68,26,19.6,1.2,21.6
"2025-08-28 12:00:00",355,41.38514,2.195643,-1,39,138,0.46,140,0.48,1005.8,69,26,20.1,1.2,21.8
"2025-08-28 13:00:00",356,41.38512,2.195765,51,192,290,0.31,292,0.31,1006.2,68,26.4,20,1.2,21.9
"2025-08-28 14:00:00",357,41.38595,2.196266,146,34,132,0.32,134,0.32,1005.6,62,28.2,20.5,1.2,22.9
"2025-08-28 15:00:00",358,100,1000,7999,218,316,1000,"NAN",0.31,1005.9,65,27.7,20.7,1.2,22.8
"2025-08-28 16:00:00",359,41.38509,2.195746,46,299,37,0.22,38.95,0.22,1005.5,65,26.2,19.2,1.2,21.4
"2025-08-28 17:00:00",360,41.38524,2.195621,22,12,110,2.26,112,2.26,1005.9,80,26,22.3,1.2,23.3
"2025-08-28 18:00:00",361,41.38528,2.195651,39,12,110,3.46,112,3.46,1006.4,76,25.9,21.4,1.2,22.7
"2025-08-28 19:00:00",362,41.38531,2.195653,37,19,117,1.93,119,1.93,1006.7,75,25.9,21.1,1.2,22.5
"2025-08-28 20:00:00",363,41.38527,2.19569,52,357,95,2.94,97,2.94,1007.2,74,25.9,20.9,1.2,22.4
"2025-08-28 21:00:00",364,41.38519,2.195928,51,137,235,0.68,237,0.68,1008.2,83,24.1,21,1.2,21.9
"2025-08-28 22:00:00",365,100,1000,7999,35,133,1000,"NAN",0.5,1009,81,23.4,20.1,1.2,21
"2025-08-28 23:00:00",366,41.38557,2.195804,26,215,305,0.67,307,0.84,1009.3,80,22.5,18.9,1.2,19.9
"2025-08-29 00:00:00",367,41.38507,2.195912,54,207,305,0.81,307,0.81,1009.4,81,22.7,19.4,1.2,20.3
"2025-08-29 01:00:00",368,41.38529,2.195708,43,220,318,0.32,320,0.32,1009.5,81,23.2,19.8,1.2,20.8
"2025-08-29 02:00:00",369,41.38535,2.195728,32,231,329,0.18,331,0.18,1009.6,80,23.3,19.7,1.2,20.8
"2025-08-29 03:00:00",370,41.38529,2.195696,32,202,300,0.62,302,0.62,1009.2,82,23.1,19.9,1.2,20.8
"2025-08-29 04:00:00",371,41.38525,2.19566,45,207,305,1.06,307,1.06,1009.1,79,22.6,19,1.2,20
"2025-08-29 05:00:00",372,41.38527,2.19554,57,269,7,0.27,8.95,0.27,1009.3,65,22.5,15.8,1.2,18
"2025-08-29 06:00:00",373,100,1000,7999,229,327,1000,"NAN",0.16,1009.3,59,22.5,14.1,1.2,17.1
"2025-08-29 07:00:00",374,100,1000,7999,95,193,1000,"NAN",0.13,1009.7,54,22.1,12.5,1.2,16.2
"2025-08-29 08:00:00",375,41.3852,2.195653,34,148,246,0.2,248,0.2,1010,52,22.1,12,1.2,15.9
"2025-08-29 09:00:00",376,41.38524,2.195468,30,189,287,0.26,289,0.26,1010.2,50,22.8,11.9,1.2,16.1
"2025-08-29 10:00:00",377,41.38486,2.196411,26,226,321,0.61,323,0.66,1009.7,43,24.6,11.3,1.2,16.6
"2025-08-29 11:00:00",378,41.3854,2.194571,17,221,314,0.72,316,0.57,1010,40,26.3,11.7,1.2,17.4
"2025-08-29 12:00:00",379,41.3856,2.1962,6,18,113,2.03,115,2.21,1009.1,51,25.7,14.8,1.2,18.8
"2025-08-29 13:00:00",380,41.38585,2.196875,-66,28,118,1.36,120,1.68,1008.7,51,25.9,15,1.2,18.9
"2025-08-29 14:00:00",381,41.3854,2.19552,65,352,86,1.33,88,1.33,1008.2,47,26.7,14.4,1.2,18.9
"2025-08-29 15:00:00",382,41.3854,2.195878,61,231,310,1.12,312,0.62,1007.5,45,27.6,14.6,1.2,19.4
"2025-08-29 16:00:00",383,41.38545,2.195611,20,37,138,1.34,140,1.34,1007.3,33,29.4,11.8,1.2,18.7
"2025-08-29 17:00:00",384,41.38524,2.196158,62,38,133,0.86,135,0.82,1006.9,33,30,12.1,1.2,19.1
"2025-08-29 18:00:00",385,41.38525,2.195801,52,301,38,0.23,39.95,0.23,1006.8,34,29.9,12.4,1.2,19.1
"2025-08-29 19:00:00",386,41.38529,2.195578,37,40,138,0.71,140,0.71,1007,34,29.6,12.2,1.2,19
"2025-08-29 20:00:00",387,41.38519,2.195733,52,288,26,0.27,27.95,0.27,1008.1,49,28.2,16.7,1.2,20.7
"2025-08-29 21:00:00",388,41.38488,2.197543,57,67,164,2.18,166,2.48,1009.7,63,24.4,17,1.2,19.4
"2025-08-29 22:00:00",389,100,1000,7999,54,152,1000,"NAN",1.38,1010.7,66,23.9,17.3,1.2,19.4
"2025-08-29 23:00:00",390,41.38557,2.195585,13,53,146,1.7,148,1.91,1011.3,62,23.6,16,1.2,18.6
"2025-08-30 00:00:00",391,41.3852,2.195796,28,26,124,1.05,126,1.05,1011.6,70,23.1,17.3,1.2,19.2
"2025-08-30 01:00:00",392,41.38527,2.19569,33,61,159,0.96,161,0.96,1011.9,69,22.8,16.9,1.2,18.8
"2025-08-30 02:00:00",393,41.38517,2.195553,25,94,192,0.1,194,0.1,1011.6,70,23,17.3,1.2,19.1
"2025-08-30 03:00:00",394,41.38534,2.195698,36,257,355,0.87,357,0.87,1011.5,67,22.5,16,1.2,18.2
"2025-08-30 04:00:00",395,41.38528,2.195634,41,161,259,0.78,261,0.78,1011.6,67,21.9,15.5,1.2,17.7
"2025-08-30 05:00:00",396,41.38517,2.19524,51,172,270,0.49,272,0.49,1011.4,68,21.7,15.6,1.2,17.7
"2025-08-30 06:00:00",397,41.3853,2.19566,32,194,292,0.95,294,0.95,1011.3,68,21.2,15.2,1.2,17.3
"2025-08-30 07:00:00",398,41.38526,2.19585,35,230,328,0.19,330,0.19,1011.3,69,21.4,15.6,1.2,17.5
"2025-08-30 08:00:00",399,100,1000,7999,123,221,1000,"NAN",0.19,1011.9,71,21.5,16,1.2,17.8
"2025-08-30 09:00:00",400,41.38479,2.195008,58,122,224,0.6,226,0.4,1012.2,67,23.3,17,1.2,19.1
"2025-08-30 10:00:00",401,41.38915,2.201398,52,35,180,2.43,182,0.59,1012.4,48,25.3,13.5,1.2,17.9
"2025-08-30 11:00:00",402,100,1000,7999,27,125,1000,"NAN",0.76,1013,44,26.5,13.4,1.2,18.4
"2025-08-30 12:00:00",403,41.38548,2.195576,43,10,95,1.67,97,1.92,1013,52,27.2,16.5,1.2,20.2
"2025-08-30 13:00:00",404,41.38515,2.19572,33,24,122,2.02,124,2.02,1013.2,51,26.9,16,1.2,19.8
"2025-08-30 14:00:00",405,41.38522,2.19571,30,16,113,1.82,115,1.84,1013.3,58,26.6,17.6,1.2,20.6
"2025-08-30 15:00:00",406,41.38538,2.195706,46,81,179,2.01,181,2.01,1013.4,67,26.2,19.8,1.2,21.7
"2025-08-30 16:00:00",407,41.38519,2.195879,23,54,150,1.63,152,1.69,1013,67,25.9,19.4,1.2,21.4
"2025-08-30 17:00:00",408,41.38515,2.195949,49,6,104,1.41,106,1.41,1013.2,68,26,19.8,1.2,21.7
"2025-08-30 18:00:00",409,41.38527,2.195562,48,48,147,0.97,149,1.25,1012.9,70,25.9,20.1,1.2,21.8
"2025-08-30 19:00:00",410,41.3852,2.19551,46,52,149,1.65,151,1.68,1012.9,72,25.5,20.3,1.2,21.8
"2025-08-30 20:00:00",411,41.38528,2.195723,46,71,169,0.83,171,0.83,1013,75,24.8,20,1.2,21.4
"2025-08-30 21:00:00",412,100,1000,7999,47,145,1000,"NAN",1.51,1013.3,75,24.5,19.9,1.2,21.2
"2025-08-30 22:00:00",413,100,1000,7999,47,145,1000,"NAN",1.15,1013.8,75,24.6,19.9,1.2,21.3
"2025-08-30 23:00:00",414,100,1000,7999,39,137,1000,"NAN",1.47,1014.1,75,24.5,19.9,1.2,21.3
"2025-08-31 00:00:00",415,41.38559,2.195515,20,46,144,1.16,146,1.16,1014,75,24.4,19.9,1.2,21.2
"2025-08-31 01:00:00",416,41.38533,2.195693,43,40,138,0.78,140,0.78,1013.9,76,24.5,20,1.2,21.3
"2025-08-31 02:00:00",417,41.38515,2.195603,33,68,166,1.75,168,1.75,1013.6,75,24.6,20.1,1.2,21.4
"2025-08-31 03:00:00",418,41.3853,2.195731,40,338,76,0.31,77.95,0.31,1013.1,75,24.7,20.2,1.2,21.5
"2025-08-31 04:00:00",419,41.38528,2.195625,45,154,252,0.44,254,0.44,1012.7,75,23.9,19.3,1.2,20.7
"2025-08-31 05:00:00",420,41.38522,2.195585,43,290,28,0.05,29.95,0.05,1012.4,76,23.4,19,1.2,20.3
"2025-08-31 06:00:00",421,41.38514,2.195735,43,272,10,0.6,11.95,0.6,1011.9,77,23.3,19,1.2,20.3
"2025-08-31 07:00:00",422,41.38488,2.19649,36,251,82,0.32,84,0.75,1011.6,77,23.2,19,1.2,20.3
"2025-08-31 08:00:00",423,41.38515,2.195754,67,186,282,0.82,284,0.47,1011.9,77,23.4,19.1,1.2,20.4
"2025-08-31 09:00:00",424,41.38525,2.195861,41,163,280,1.56,282,0.74,1011.6,74,24.2,19.4,1.2,20.8
"2025-08-31 10:00:00",425,41.38469,2.196159,207,161,259,0.52,261,0.52,1011.6,72,25.6,20.2,1.2,21.8
"2025-08-31 11:00:00",426,41.38514,2.195711,19,48,146,1.05,148,1.05,1011.7,69,27,20.8,1.2,22.6
"2025-08-31 12:00:00",427,41.38554,2.195905,-7,16,114,1.74,116,1.74,1011.6,72,27,21.6,1.2,23.1
"2025-08-31 13:00:00",428,41.38512,2.195603,11,36,134,0.9,136,0.91,1011.1,71,27.6,22.1,1.2,23.7
"2025-08-31 14:00:00",429,41.38534,2.195735,13,30,123,1.77,125,1.83,1010.5,72,27.5,22,1.2,23.6
"2025-08-31 15:00:00",430,100,1000,7999,18,116,1000,"NAN",2.07,1009.7,69,27.9,21.8,1.2,23.6
"2025-08-31 16:00:00",431,41.38524,2.195598,46,31,127,2.45,129,2.23,1009,73,27.5,22.3,1.2,23.8
"2025-08-31 17:00:00",432,41.38517,2.196084,15,10,102,2.26,104,1.8,1008.1,75,27.7,23,1.2,24.3
"2025-08-31 18:00:00",433,41.38507,2.195771,82,43,138,1.43,140,1.47,1007.7,76,27.3,22.8,1.2,24
"2025-08-31 19:00:00",434,41.38507,2.195576,42,30,128,1.39,130,1.39,1007.2,72,27.6,22.1,1.2,23.6
"2025-08-31 20:00:00",435,41.38517,2.19567,37,9,107,0.94,109,0.94,1007.4,76,27.1,22.7,1.2,23.9
"2025-08-31 21:00:00",436,41.38503,2.197141,39,34,186,0.09,188,0.26,1007.5,72,27.3,22,1.2,23.5
"2025-08-31 22:00:00",437,100,1000,7999,41,139,1000,"NAN",1.52,1006.9,76,27.2,22.6,1.2,23.9
"2025-08-31 23:00:00",438,41.38509,2.195655,41,26,122,0.44,124,0.59,1007,74,27.3,22.4,1.2,23.8
"2025-09-01 00:00:00",439,41.38488,2.196184,100,46,144,0.51,146,0.51,1006.6,82,26.8,23.5,1.2,24.4
"2025-09-01 01:00:00",440,41.38514,2.1957,54,52,165,0.55,167,0.58,1006.7,81,26.7,23.2,1.2,24.1
"2025-09-01 02:00:00",441,41.38526,2.195646,50,34,132,0.52,134,0.52,1006.7,80,26.6,22.9,1.2,23.9
"2025-09-01 03:00:00",442,41.38524,2.195693,39,72,170,1.23,172,1.13,1005.8,80,26.6,23,1.2,24
"2025-09-01 04:00:00",443,41.38522,2.195618,47,22,120,1.16,122,1.16,1005.3,82,26.6,23.5,1.2,24.3
"2025-09-01 05:00:00",444,41.38526,2.195529,32,205,303,1.23,305,1.23,1005.2,80,24.8,21.3,1.2,22.2
"2025-09-01 06:00:00",445,41.3851,2.195884,37,182,293,0.19,295,0.18,1005.9,89,22.3,20.5,1.2,21
"2025-09-01 07:00:00",446,41.38507,2.195685,47,18,102,0.41,104,0.29,1006.8,88,21.7,19.7,1.2,20.2
"2025-09-01 08:00:00",447,41.38517,2.195696,44,45,146,0.14,148,0.07,1007.9,83,22.1,19.2,1.2,20
"2025-09-01 09:00:00",448,41.3875,2.198196,59,127,14,0.08,15.95,0.22,1008.6,76,22.4,18.1,1.2,19.4
"2025-09-01 10:00:00",449,100,1000,7999,98,196,1000,"NAN",0.76,1009.1,69,23.3,17.4,1.2,19.3
"2025-09-01 11:00:00",450,41.38519,2.19568,38,34,132,0.31,134,0.31,1009.4,62,24.5,16.8,1.2,19.4
"2025-09-01 12:00:00",451,41.38546,2.195648,70,349,87,1.26,89,1.26,1009.5,62,25.5,17.8,1.2,20.3
"2025-09-01 13:00:00",452,41.38507,2.19585,70,32,130,2.3,132,2.3,1009.4,60,26,17.9,1.2,20.5
"2025-09-01 14:00:00",453,41.3854,2.195655,43,52,150,0.89,152,0.89,1009.2,37,27.8,11.9,1.2,18.1
"2025-09-01 15:00:00",454,41.38539,2.195833,42,44,132,2.03,134,1.75,1009.1,61,25.9,18,1.2,20.6
"2025-09-01 16:00:00",455,41.38581,2.196275,-20,13,111,3.96,113,3.96,1008.9,62,25.9,18.2,1.2,20.7
"2025-09-01 17:00:00",456,41.3853,2.195848,40,20,118,1.95,120,1.95,1009,62,26.1,18.4,1.2,20.8
"2025-09-01 18:00:00",457,41.3852,2.195611,54,16,112,2.92,114,2.96,1008.9,49,26.9,15.3,1.2,19.5
"2025-09-01 19:00:00",458,41.38515,2.195525,43,231,329,0.66,331,0.66,1009.2,37,28.2,12.2,1.2,18.4
"2025-09-01 20:00:00",459,41.38536,2.195533,43,22,120,0.6,122,0.6,1009.7,31,27.6,8.9,1.2,16.7
"2025-09-01 21:00:00",460,41.38481,2.196883,41,57,155,0.44,157,0.44,1010.9,33,26.8,9.5,1.2,16.7
"2025-09-01 22:00:00",461,100,1000,7999,338,76,1000,"NAN",0.48,1012.2,52,25.9,15.3,1.2,19.1
"2025-09-01 23:00:00",462,41.38514,2.195706,55,43,142,1.7,144,1.7,1012.6,72,24.6,19.3,1.2,20.9
"2025-09-02 00:00:00",463,41.38505,2.196083,58,36,134,1.4,136,1.4,1013.2,65,24,17.1,1.2,19.4
"2025-09-02 01:00:00",464,41.3853,2.19569,33,61,159,1.97,161,1.97,1013.4,68,24,17.8,1.2,19.8
"2025-09-02 02:00:00",465,41.38527,2.195703,18,57,155,1.32,157,1.32,1013.6,69,23.1,17.2,1.2,19.1
"2025-09-02 03:00:00",466,41.38552,2.195645,43,71,169,0.85,171,0.85,1013.4,69,23.1,17.2,1.2,19.1
"2025-09-02 04:00:00",467,41.38525,2.195645,52,46,144,1.13,146,1.13,1013.4,64,23.6,16.4,1.2,18.8
"2025-09-02 05:00:00",468,41.38462,2.192783,38,207,305,0.3,307,0.3,1013.4,65,23.3,16.4,1.2,18.7
"2025-09-02 06:00:00",469,41.38544,2.195956,-9,233,329,0.89,331,0.82,1013.5,67,22.5,16.2,1.2,18.3
"2025-09-02 07:00:00",470,41.38522,2.195723,41,181,278,1.25,280,1.28,1013.8,63,21.7,14.5,1.2,17
"2025-09-02 08:00:00",471,100,1000,7999,272,10,1000,"NAN",0.29,1014.1,54,21.4,12,1.2,15.6
"2025-09-02 09:00:00",472,100,1000,7999,278,16,1000,"NAN",0.61,1014.7,50,22.1,11.3,1.2,15.5
"2025-09-02 10:00:00",473,41.38536,2.195634,103,187,311,0.55,313,0.45,1015.1,44,23.6,10.7,1.2,15.9
"2025-09-02 11:00:00",474,41.38525,2.195686,31,17,115,0.13,117,0.13,1015.7,41,25.1,10.9,1.2,16.6
"2025-09-02 12:00:00",475,41.38525,2.195756,16,200,298,1.76,300,1.79,1015.1,35,27.2,10.4,1.2,17.2
"2025-09-02 13:00:00",476,41.38505,2.195888,75,338,76,0.31,77.95,0.31,1014.6,35,27.6,11.1,1.2,17.7
"2025-09-02 14:00:00",477,100,1000,7999,39,137,1000,"NAN",2.65,1013.8,51,26.1,15.3,1.2,19.2
"2025-09-02 15:00:00",478,41.38541,2.19549,57,222,28,0.39,29.95,0.49,1013.4,44,27.2,14.2,1.2,19
"2025-09-02 16:00:00",479,41.38522,2.195685,35,228,326,1.95,328,1.95,1012.5,41,27.9,13.5,1.2,19
"2025-09-02 17:00:00",480,41.38528,2.195738,27,192,290,1.97,292,1.97,1012.3,38,28,12.4,1.2,18.5
"2025-09-02 18:00:00",481,41.38543,2.196015,-3,38,154,0.25,156,0.38,1012.9,45,27.3,14.5,1.2,19.2
"2025-09-02 19:00:00",482,41.38534,2.195575,51,5,103,0.64,105,0.64,1012.9,45,27.3,14.5,1.2,19.2
"2025-09-02 20:00:00",483,41.38525,2.19561,41,179,277,0.91,279,0.91,1013.7,52,26.3,15.8,1.2,19.5
"2025-09-02 21:00:00",484,41.38462,2.199768,47,154,264,1,266,1.26,1014.3,58,25.9,17,1.2,20
"2025-09-02 22:00:00",485,41.38534,2.194356,46,113,125,1.02,127,0.02,1015.2,60,25.9,17.6,1.2,20.3
"2025-09-02 23:00:00",486,41.38594,2.195583,46,29,127,0.43,129,0.43,1015.3,61,25.9,17.8,1.2,20.4
"2025-09-03 00:00:00",487,41.38488,2.196179,91,146,236,0.77,238,0.71,1015.5,62,25.7,17.9,1.2,20.4
"2025-09-03 01:00:00",488,41.38534,2.195711,46,6,104,0.04,106,0.04,1015.5,63,25.6,18,1.2,20.4
"2025-09-03 02:00:00",489,41.3853,2.19573,32,99,197,0.09,199,0.09,1015.4,64,25.2,18.1,1.2,20.3
"2025-09-03 03:00:00",490,41.38538,2.195741,49,76,174,0.38,176,0.38,1015.1,66,24.2,17.5,1.2,19.7
"2025-09-03 04:00:00",491,41.38527,2.195828,48,189,287,0.79,289,0.79,1015,60,22.6,14.6,1.2,17.5
"2025-09-03 05:00:00",492,41.38527,2.19564,41,201,299,0.89,301,0.89,1014.8,59,22.6,14.4,1.2,17.3
"2025-09-03 06:00:00",493,41.38507,2.196159,36,225,323,1.64,325,1.64,1015,58,22.1,13.5,1.2,16.7
"2025-09-03 07:00:00",494,100,1000,7999,140,238,1000,"NAN",0.65,1015,59,21.8,13.6,1.2,16.6
"2025-09-03 08:00:00",495,41.38515,2.195613,20,215,313,1.02,315,1.02,1015.1,57,21.8,13,1.2,16.3
"2025-09-03 09:00:00",496,41.38515,2.195708,20,225,323,1.67,325,1.67,1015.4,56,22.7,13.7,1.2,17
"2025-09-03 10:00:00",497,41.38522,2.195665,59,215,319,0.39,321,0.35,1015.5,55,24.7,15.3,1.2,18.6
"2025-09-03 11:00:00",498,41.38515,2.195725,3,6,98,1.3,100,1.03,1015.6,63,26.3,18.7,1.2,21.1
"2025-09-03 12:00:00",499,41.3853,2.195963,48,8,112,2.27,114,2.53,1015.5,69,26.7,20.6,1.2,22.4
"2025-09-03 13:00:00",500,41.38564,2.195878,48,40,135,2.68,137,2.94,1015.1,66,27,20.3,1.2,22.3
"2025-09-03 14:00:00",501,100,1000,7999,10,108,1000,"NAN",2.94,1014.4,69,27.1,21,1.2,22.8
"2025-09-03 15:00:00",502,41.3853,2.195703,92,29,127,2.34,129,2.34,1013.5,66,27.9,21.2,1.2,23.2
"2025-09-03 16:00:00",503,41.38501,2.196034,56,17,115,0.87,117,0.87,1013,67,28.1,21.6,1.2,23.5
"2025-09-03 17:00:00",504,41.38524,2.195775,40,351,89,0.43,91,0.43,1012.4,61,28,19.9,1.2,22.4
"2025-09-03 18:00:00",505,41.38527,2.19566,29,212,310,1.8,312,1.8,1011.9,62,27.6,19.7,1.2,22.1
"2025-09-03 19:00:00",506,41.38525,2.19561,44,92,190,0.27,192,0.27,1012,67,27.3,20.7,1.2,22.7
"2025-09-03 20:00:00",507,41.38524,2.195615,42,194,292,0.25,294,0.25,1011.9,70,26.8,21,1.2,22.7
"2025-09-03 21:00:00",508,100,1000,7999,93,191,1000,"NAN",0.37,1012.4,71,26.5,21,1.2,22.6
"2025-09-03 22:00:00",509,41.38506,2.195656,64,193,285,0.45,287,0.28,1012.7,70,26.1,20.3,1.2,22
"2025-09-03 23:00:00",510,41.38515,2.195698,45,104,202,0.19,204,0.19,1013,74,26,21,1.2,22.5
"2025-09-04 00:00:00",511,41.38511,2.195851,53,244,342,0.18,344,0.18,1013.1,74,25.5,20.7,1.2,22.1
"2025-09-04 01:00:00",512,41.38524,2.195726,41,194,283,0.38,285,0.38,1013.2,73,25.4,20.2,1.2,21.7
"2025-09-04 02:00:00",513,41.38534,2.195683,42,83,181,0.08,183,0.08,1012.9,73,25.2,20.2,1.2,21.7
"2025-09-04 03:00:00",514,41.38529,2.195741,44,208,306,0.74,308,0.74,1012.9,75,25,20.4,1.2,21.7
"2025-09-04 04:00:00",515,41.3852,2.19558,32,176,274,0.49,276,0.49,1012.5,76,24.9,20.5,1.2,21.7
"2025-09-04 05:00:00",516,41.38521,2.195738,48,345,83,0.32,85,0.32,1012.3,76,24.2,19.8,1.2,21.1
"2025-09-04 06:00:00",517,41.38517,2.19643,42,217,315,0.58,317,0.58,1012.3,78,23.8,19.8,1.2,21
"2025-09-04 07:00:00",518,41.38515,2.195838,48,193,293,1.15,295,0.91,1012.4,78,23.4,19.5,1.2,20.6
"2025-09-04 08:00:00",519,100,1000,7999,171,269,1000,"NAN",1.12,1012.8,78,23.6,19.6,1.2,20.7
"2025-09-04 09:00:00",520,41.38503,2.195217,-10,244,183,1.5,185,0.32,1012.8,75,24.9,20.2,1.2,21.5
"2025-09-04 10:00:00",521,41.39085,2.20272,53,24,101,0.3,103,0.72,1013.3,73,26.3,21.1,1.2,22.6
"2025-09-04 11:00:00",522,41.38524,2.195636,47,348,84,1.6,86,1.69,1013.3,73,27.2,22,1.2,23.5
"2025-09-04 12:00:00",523,41.38535,2.195838,33,6,104,1.38,106,1.38,1013.4,66,28,21.1,1.2,23.1
"2025-09-04 13:00:00",524,41.38507,2.195878,77,353,91,2.15,93,2.15,1013.4,68,28,21.6,1.2,23.5
"2025-09-04 14:00:00",525,41.3854,2.195583,21,17,115,2.27,117,2.27,1013.2,63,28.1,20.5,1.2,22.8
"2025-09-04 15:00:00",526,41.38514,2.195541,21,21,119,1000,121,2.91,1012.8,68,27.7,21.5,1.2,23.3
"2025-09-04 16:00:00",527,41.3852,2.195678,21,356,95,2.71,97,2.75,1012.4,68,27.5,21.3,1.2,23.1
"2025-09-04 17:00:00",528,41.38535,2.19573,52,23,115,1.56,117,1.34,1012.6,68,27.5,21.1,1.2,23
"2025-09-04 18:00:00",529,41.38533,2.195818,4,12,110,1.82,112,1.82,1012.4,69,27.4,21.2,1.2,23
"2025-09-04 19:00:00",530,41.38514,2.195562,39,240,337,0.75,339,0.75,1012.8,68,27.5,21.2,1.2,23.1
"2025-09-04 20:00:00",531,41.38517,2.195621,60,32,130,0.99,132,0.99,1013,70,27.3,21.3,1.2,23
"2025-09-04 21:00:00",532,100,1000,7999,23,121,1000,"NAN",0.52,1014,71,26.8,21.1,1.2,22.8
"2025-09-04 22:00:00",533,100,1000,7999,186,284,1000,"NAN",0.35,1015,72,26.7,21.4,1.2,22.9
"2025-09-04 23:00:00",534,41.38507,2.195809,75,66,166,0.33,168,0.45,1015.8,75,26.7,22.1,1.2,23.4
"2025-09-05 00:00:00",535,41.38512,2.195865,53,60,158,3.53,160,3.53,1016.5,71,25.1,19.6,1.2,21.3
"2025-09-05 01:00:00",536,41.38536,2.195567,54,17,115,1.13,117,1.13,1016.9,71,25.2,19.7,1.2,21.4
"2025-09-05 02:00:00",537,41.38554,2.195553,-65,101,199,0.58,201,0.58,1017.4,66,25.2,18.5,1.2,20.6
"2025-09-05 03:00:00",538,41.3852,2.195753,46,30,128,0.99,130,0.99,1017.5,63,25,17.7,1.2,20.1
"2025-09-05 04:00:00",539,41.38526,2.195601,41,53,151,1.91,153,1.91,1017.7,61,24.5,16.6,1.2,19.3
"2025-09-05 05:00:00",540,41.3852,2.195693,68,86,184,1.49,186,1.65,1017.7,64,23.8,16.7,1.2,19.1
"2025-09-05 06:00:00",541,41.3853,2.195523,21,77,175,1.79,177,1.79,1018.2,62,23.7,16.1,1.2,18.7
"2025-09-05 07:00:00",542,41.38524,2.195688,24,168,266,0.26,268,0.26,1018.6,61,23.2,15.5,1.2,18.2
"2025-09-05 08:00:00",543,41.38524,2.195643,24,125,223,0.74,225,0.74,1019.3,61,23.1,15.4,1.2,18
"2025-09-05 09:00:00",544,100,1000,7999,243,341,1000,"NAN",0.53,1019.8,60,23.3,15.2,1.2,18
"2025-09-05 10:00:00",545,41.38512,2.195663,28,37,135,0.93,137,0.93,1020.3,61,24.5,16.6,1.2,19.3
"2025-09-05 11:00:00",546,41.38519,2.195658,28,41,138,1.21,140,1.21,1020.5,60,25.3,17.1,1.2,19.8
"2025-09-05 12:00:00",547,41.38527,2.195703,31,46,143,0.73,145,0.73,1020.6,59,26.1,17.5,1.2,20.4
"2025-09-05 13:00:00",548,41.38525,2.19568,32,44,142,1.81,144,1.81,1020.6,58,26.3,17.5,1.2,20.4
"2025-09-05 14:00:00",549,41.38485,2.19349,55,17,109,1.64,111,1.52,1020.3,58,26,17.3,1.2,20.2
"2025-09-05 15:00:00",550,41.38525,2.196186,56,16,113,1.44,115,1.44,1020.1,57,26,16.9,1.2,20
"2025-09-05 16:00:00",551,41.38512,2.196061,56,37,135,0.96,137,0.96,1019.7,58,25.9,17.2,1.2,20.2
"2025-09-05 17:00:00",552,41.38527,2.195625,41,57,155,2.75,157,2.75,1019.2,57,25.4,16.3,1.2,19.4
"2025-09-05 18:00:00",553,41.38525,2.195695,31,73,171,0.9,173,0.9,1019,56,25.2,15.8,1.2,19.1
"2025-09-05 19:00:00",554,41.38514,2.19559,31,37,135,1.07,137,1.07,1019,58,24.8,16.1,1.2,19.1
"2025-09-05 20:00:00",555,41.38514,2.195634,38,33,131,0.96,133,0.96,1019.1,60,24.3,16.2,1.2,19
"2025-09-05 21:00:00",556,100,1000,7999,35,133,1000,"NAN",1.61,1019.5,58,24.2,15.4,1.2,18.5
"2025-09-05 22:00:00",557,100,1000,7999,341,79,1000,"NAN",0.99,1019.8,58,24.1,15.6,1.2,18.6
"2025-09-05 23:00:00",558,41.38528,2.195723,26,64,162,0.65,164,0.65,1019.8,57,24.1,15.2,1.2,18.3
"2025-09-06 00:00:00",559,41.38521,2.195671,20,98,196,0.48,198,0.48,1019.9,56,24.1,15,1.2,18.2
"2025-09-06 01:00:00",560,41.38521,2.195665,37,187,290,0.45,292,0.43,1019.7,59,23.5,15.2,1.2,18.1
"2025-09-06 02:00:00",561,41.3853,2.195705,18,264,2,0.38,3.95,0.38,1019.6,61,22.7,14.9,1.2,17.7
"2025-09-06 03:00:00",562,41.38517,2.195634,45,227,329,0.21,331,0.2,1019.1,61,22.5,14.8,1.2,17.5
"2025-09-06 04:00:00",563,41.38527,2.195693,47,256,354,0.47,356,0.47,1018.4,62,22.6,15,1.2,17.7
"2025-09-06 05:00:00",564,41.38524,2.195565,37,164,262,0.75,264,0.75,1017.8,63,22.3,14.9,1.2,17.5
"2025-09-06 06:00:00",565,41.38491,2.196703,44,166,266,0.68,268,0.68,1017.6,64,22.1,15,1.2,17.5
"2025-09-06 07:00:00",566,41.38524,2.195293,46,280,20,0.25,21.95,0.26,1017.5,65,22,15.2,1.2,17.5
"2025-09-06 08:00:00",567,100,1000,7999,207,305,1000,"NAN",0.52,1017.9,66,22,15.5,1.2,17.7
"2025-09-06 09:00:00",568,100,1000,7999,235,333,1000,"NAN",0.38,1018.1,63,23.2,15.8,1.2,18.3
"2025-09-06 10:00:00",569,100,1000,7999,32,130,1000,"NAN",1.32,1018.5,61,24.4,16.6,1.2,19.2
"2025-09-06 11:00:00",570,41.38509,2.195356,-184,25,125,1.92,127,1.81,1018.7,62,25.1,17.4,1.2,19.9
"2025-09-06 12:00:00",571,41.3854,2.195632,46,14,105,1.49,107,1.94,1018.6,63,25.9,18.5,1.2,20.8
"2025-09-06 13:00:00",572,100,1000,7999,33,131,1000,"NAN",2.32,1018.3,62,25.9,18,1.2,20.6
"2025-09-06 14:00:00",573,41.38564,2.195771,139,18,108,1.57,110,1.74,1018,61,26.5,18.5,1.2,21
"2025-09-06 15:00:00",574,41.3856,2.195675,-46,22,109,1.43,111,1.56,1017.5,62,26.7,18.8,1.2,21.3
"2025-09-06 16:00:00",575,41.385,2.195782,50,15,107,2.32,109,2.2,1017,63,26.4,18.8,1.2,21.2
"2025-09-06 17:00:00",576,41.38521,2.195421,49,3,98,0.4,100,0.74,1016.3,66,26.4,19.7,1.2,21.7
"2025-09-06 18:00:00",577,41.38527,2.19578,26,10,108,2.2,110,2.2,1016.2,68,25.9,19.6,1.2,21.5
"2025-09-06 19:00:00",578,41.38521,2.195645,31,23,121,1.18,123,1.18,1016,68,26,19.7,1.2,21.6
"2025-09-06 20:00:00",579,41.3851,2.195634,19,37,135,1.06,137,1.06,1016.1,69,25.9,19.9,1.2,21.7
"2025-09-06 21:00:00",580,41.38459,2.197113,186,214,259,0.11,261,0.22,1016.3,70,25.7,20,1.2,21.7
"2025-09-06 22:00:00",581,100,1000,7999,43,141,1000,"NAN",0.68,1016.3,72,25.7,20.4,1.2,21.9
"2025-09-06 23:00:00",582,41.38528,2.195761,31,227,325,0.12,327,0.12,1016.2,73,25.4,20.3,1.2,21.8
"2025-09-07 00:00:00",583,41.38522,2.195683,26,130,228,0.02,230,0.02,1015.6,73,25.2,20.1,1.2,21.6
"2025-09-07 01:00:00",584,41.38534,2.195651,40,33,131,0.1,133,0.1,1016.9,73,25.3,20.2,1.2,21.7
"2025-09-07 02:00:00",585,41.38535,2.195563,30,167,265,0.68,267,0.68,1016.8,74,25.2,20.3,1.2,21.7
"2025-09-07 03:00:00",586,41.38515,2.19565,43,358,96,0.3,98,0.3,1016.1,73,24.4,19.3,1.2,20.8
"2025-09-07 04:00:00",587,41.38526,2.195636,40,54,152,0.22,154,0.22,1015.6,73,24.2,19.1,1.2,20.6
"2025-09-07 05:00:00",588,41.38522,2.195543,39,220,318,0.23,320,0.23,1015.2,74,24.5,19.6,1.2,21
"2025-09-07 06:00:00",589,41.38464,2.197083,72,215,313,0.74,315,0.74,1014.3,74,24.3,19.5,1.2,20.9
"2025-09-07 07:00:00",590,41.3849,2.195266,81,169,267,0.52,269,0.47,1014.1,75,23.8,19.2,1.2,20.6
"2025-09-07 08:00:00",591,41.38525,2.195585,33,215,302,0.6,304,0.55,1014.8,75,23.8,19.1,1.2,20.5
"2025-09-07 09:00:00",592,41.38512,2.195613,58,169,267,0.78,269,0.78,1014.4,77,24.9,20.6,1.2,21.8
"2025-09-07 10:00:00",593,100,1000,7999,35,133,1000,"NAN",0.17,1014.7,76,26.1,21.6,1.2,22.9
"2025-09-07 11:00:00",594,41.38548,2.196146,59,331,52,0.49,53.95,0.07,1015.2,78,26.6,22.5,1.2,23.7
"2025-09-07 12:00:00",595,41.38521,2.196998,51,54,99,3.33,101,0.32,1015.3,75,27.7,23,1.2,24.3
"2025-09-07 13:00:00",596,41.38546,2.196036,49,69,135,0.57,137,0.45,1014.9,75,27.2,22.4,1.2,23.7
"2025-09-07 14:00:00",597,100,1000,7999,26,124,1000,"NAN",1.96,1014.5,70,28.3,22.3,1.2,24
"2025-09-07 15:00:00",598,41.3852,2.195618,27,6,104,1.5,106,1.5,1014,71,28.3,22.7,1.2,24.3
"2025-09-07 16:00:00",599,41.38517,2.195655,23,22,120,1.63,122,1.63,1013.5,76,27.5,22.9,1.2,24.2
"2025-09-07 17:00:00",600,41.38527,2.195754,33,19,113,2.22,115,2.24,1012.6,79,27.2,23.2,1.2,24.3
"2025-09-07 18:00:00",601,41.38536,2.19561,37,57,155,0.64,157,0.64,1012.7,80,27,23.3,1.2,24.3
"2025-09-07 19:00:00",602,41.38525,2.195666,36,40,138,1.65,140,1.65,1012.7,80,26.9,23.3,1.2,24.2
"2025-09-07 20:00:00",603,41.38511,2.195693,64,161,253,0.17,255,0.18,1012.7,77,27.1,22.7,1.2,23.9
"2025-09-07 21:00:00",604,41.38534,2.197171,42,181,282,1.17,284,1.39,1013.1,75,26.9,22.1,1.2,23.4
"2025-09-07 22:00:00",605,41.38534,2.195711,45,218,311,0.77,313,0.7,1013.7,75,26.6,22,1.2,23.3
"2025-09-07 23:00:00",606,41.3853,2.195768,25,65,163,0.33,165,0.33,1013.6,73,27,21.8,1.2,23.3
"2025-09-08 00:00:00",607,41.38515,2.195711,35,215,313,0.28,315,0.28,1013.9,73,26.9,21.7,1.2,23.2
"2025-09-08 01:00:00",608,41.3853,2.195708,31,250,333,0.4,335,0.31,1013.9,75,26.5,21.8,1.2,23.1
"2025-09-08 02:00:00",609,41.38546,2.195748,29,132,230,0.3,232,0.3,1013.7,81,26.4,23,1.2,23.9
"2025-09-08 03:00:00",610,41.38519,2.195713,45,1,99,0.12,101,0.12,1013.3,80,26,22.3,1.2,23.3
"2025-09-08 04:00:00",611,41.38524,2.195678,38,105,203,1.03,205,1.03,1013.3,85,26.2,23.5,1.2,24.2
"2025-09-08 05:00:00",612,41.3853,2.195069,18,73,106,2.95,108,1.24,1013.2,85,26,23.3,1.2,24
"2025-09-08 06:00:00",613,100,1000,7999,74,172,1000,"NAN",1.36,1013.4,86,25.7,23.3,1.2,23.9
"2025-09-08 07:00:00",614,41.3852,2.19567,35,47,145,2.06,147,2.06,1013.4,88,25.2,23.1,1.2,23.7
"2025-09-08 08:00:00",615,41.38517,2.195616,34,67,165,1.01,167,1.01,1013.9,87,25.4,23.1,1.2,23.7
"2025-09-08 09:00:00",616,41.38525,2.195555,37,45,143,1.82,145,1.82,1014.1,86,25.4,23,1.2,23.6
"2025-09-08 10:00:00",617,100,1000,7999,48,146,1000,"NAN",0.26,1014.3,82,25.7,22.5,1.2,23.3
"2025-09-08 11:00:00",618,41.38544,2.195863,-39,35,119,0.8,121,0.91,1014.2,81,25.9,22.5,1.2,23.4
"2025-09-08 12:00:00",619,41.38546,2.196154,30,32,139,1.81,141,1.53,1015.2,82,26,22.7,1.2,23.6
"2025-09-08 13:00:00",620,100,1000,7999,37,138,1000,"NAN",0.91,1014.9,86,25,22.5,1.2,23.1
"2025-09-08 14:00:00",621,41.38534,2.1957,72,70,171,0.71,173,0.71,1014.4,79,26,22.2,1.2,23.2
"2025-09-08 15:00:00",622,41.38511,2.195833,56,37,138,0.5,140,0.5,1014,73,26.4,21.4,1.2,22.8
"2025-09-08 16:00:00",623,41.38517,2.196066,77,339,80,0.25,82,0.25,1013.6,70,26.7,20.9,1.2,22.6
"2025-09-08 17:00:00",624,41.3853,2.195824,57,45,146,1.74,148,1.74,1013.3,73,26.3,21.2,1.2,22.7
"2025-09-08 18:00:00",625,41.38515,2.195608,42,61,162,0.99,164,0.99,1013.2,73,25.9,20.7,1.2,22.2
"2025-09-08 19:00:00",626,41.38527,2.19567,44,29,130,0.46,132,0.46,1013.5,73,25.9,20.8,1.2,22.3
"2025-09-08 20:00:00",627,41.38522,2.195571,64,46,147,1.85,149,1.85,1013.1,73,25.4,20.4,1.2,21.9
"2025-09-08 21:00:00",628,100,1000,7999,44,145,1000,"NAN",0.77,1014,75,25.3,20.7,1.2,22
"2025-09-08 22:00:00",629,41.38527,2.195811,37,96,199,0.81,201,0.9,1014.2,75,25.1,20.5,1.2,21.8
"2025-09-08 23:00:00",630,41.38533,2.19578,19,38,139,1.36,141,1.36,1013.8,75,24.9,20.2,1.2,21.6
"2025-09-09 00:00:00",631,41.38525,2.195686,33,44,145,1.32,147,1.32,1013.7,76,24.9,20.6,1.2,21.8
"2025-09-09 01:00:00",632,41.38524,2.195725,46,44,145,0.94,147,0.94,1013.4,76,24.9,20.4,1.2,21.7
"2025-09-09 02:00:00",633,41.38528,2.195713,34,24,125,1.04,127,1.04,1012.5,75,25.1,20.5,1.2,21.8
"2025-09-09 03:00:00",634,41.3852,2.1955,38,54,155,1.45,157,1.45,1012.3,77,24.9,20.8,1.2,22
"2025-09-09 04:00:00",635,41.38539,2.195586,34,18,119,1.38,121,1.38,1012.2,75,24.7,20.2,1.2,21.5
"2025-09-09 05:00:00",636,41.38528,2.195426,29,44,145,1.52,147,1.52,1012.2,78,24.5,20.6,1.2,21.7
"2025-09-09 06:00:00",637,100,1000,7999,46,147,1000,"NAN",0.72,1012.6,77,24.6,20.5,1.2,21.7
"2025-09-09 07:00:00",638,41.38521,2.195681,35,65,166,2.4,168,2.4,1012,78,23.4,19.5,1.2,20.6
"2025-09-09 08:00:00",639,41.3852,2.195621,33,198,299,0.44,301,0.44,1012.6,82,22.4,19.1,1.2,20
"2025-09-09 09:00:00",640,41.38517,2.195715,51,201,302,0.74,304,0.74,1012.9,77,21.7,17.5,1.2,18.8
"2025-09-09 10:00:00",641,100,1000,7999,284,25,1000,"NAN",0.11,1013.7,78,21.8,17.9,1.2,19.1
"2025-09-09 11:00:00",642,41.38527,2.19575,-10,239,340,0.11,342,0.11,1014.2,84,20.5,17.8,1.2,18.6
"2025-09-09 12:00:00",643,41.38552,2.196053,-4,145,252,0.61,254,0.7,1013.3,79,21.6,18,1.2,19.1
"2025-09-09 13:00:00",644,41.3884,2.202139,22,252,265,0.78,267,0.12,1012.6,69,23.8,17.9,1.2,19.8
"2025-09-09 14:00:00",645,41.38549,2.195765,13,29,133,1.24,135,0.75,1012.5,66,24.7,18.2,1.2,20.3
"2025-09-09 15:00:00",646,41.38454,2.19625,167,63,164,1.06,166,1.06,1012.3,66,24.2,17.5,1.2,19.6
"2025-09-09 16:00:00",647,41.3854,2.195996,63,59,160,0.59,162,0.72,1012.1,68,23.8,17.7,1.2,19.7
"2025-09-09 17:00:00",648,41.3853,2.195796,62,24,122,0.96,124,0.96,1011.6,67,23.8,17.4,1.2,19.4
"2025-09-09 18:00:00",649,41.38512,2.195611,51,104,202,1.07,204,1.07,1011.3,69,23.9,17.9,1.2,19.8
"2025-09-09 19:00:00",650,41.38517,2.195638,43,83,181,0.89,183,0.89,1011.3,73,23.9,18.9,1.2,20.4
"2025-09-09 20:00:00",651,41.38515,2.195618,43,59,157,1.07,159,1.07,1011.3,74,23.5,18.7,1.2,20.2
"2025-09-09 21:00:00",652,100,1000,7999,64,162,1000,"NAN",0.56,1012.1,72,23.7,18.3,1.2,20
"2025-09-09 22:00:00",653,41.38524,2.195625,59,27,125,0.25,127,0.25,1012.1,71,23.7,18.2,1.2,19.9
"2025-09-09 23:00:00",654,41.38525,2.195833,40,63,161,0.47,163,0.47,1012,70,23.7,18,1.2,19.8
"2025-09-10 00:00:00",655,41.38521,2.19572,41,173,271,0.09,273,0.09,1012,72,23.5,18.2,1.2,19.8
"2025-09-10 01:00:00",656,41.38546,2.195925,36,197,295,0.11,297,0.11,1011.7,72,23.3,18,1.2,19.7
"2025-09-10 02:00:00",657,41.3853,2.195713,39,140,238,0.23,240,0.23,1011.6,76,22.7,18.4,1.2,19.7
"2025-09-15 22:00:00",797,41.38511,2.195728,53,188,286,0.15,288,0.15,1019.5,80,25.9,22.2,1.2,23.2
"2025-09-15 23:00:00",798,41.3849,2.196095,79,176,274,0.44,276,0.44,1019.9,77,25.9,21.7,1.2,22.8
"2025-09-16 00:00:00",799,41.38525,2.19568,37,194,292,0.38,294,0.38,1020.4,78,25.7,21.6,1.2,22.7
"2025-09-16 01:00:00",800,41.38541,2.195693,4,179,277,0.47,279,0.47,1020.6,80,25.1,21.4,1.2,22.5
"2025-09-16 02:00:00",801,41.38524,2.19577,41,184,282,0.97,284,0.97,1020.6,82,24.9,21.7,1.2,22.6
"2025-09-16 03:00:00",802,41.38524,2.195651,40,204,302,0.68,304,0.68,1020.3,84,24.7,21.9,1.2,22.7
"2025-09-16 04:00:00",803,41.3853,2.195571,33,149,247,0.44,249,0.44,1020.4,85,24.7,22.2,1.2,22.8
"2025-09-16 05:00:00",804,41.3852,2.19561,34,340,76,1.22,77.95,0.88,1020.4,81,25,21.6,1.2,22.5
"2025-09-16 06:00:00",805,100,1000,7999,208,306,1000,"NAN",0.37,1020.6,82,24.4,21.2,1.2,22.1
"2025-09-16 07:00:00",806,41.38519,2.195585,36,60,158,0.98,160,0.98,1020.9,80,24.6,21,1.2,22
"2025-09-16 08:00:00",807,41.38521,2.196485,34,39,137,2.79,139,2.79,1021.1,79,25,21.1,1.2,22.2
"2025-09-16 09:00:00",808,41.38431,2.197409,36,9,111,1.87,113,1.93,1021.7,80,24.9,21.4,1.2,22.4
"2025-09-16 10:00:00",809,41.38551,2.195891,36,15,82,2.26,84,1.76,1022.4,78,25.1,21.1,1.2,22.2
"2025-09-16 11:00:00",810,41.38573,2.194255,36,27,125,0.8,127,0.8,1022.6,72,26.3,21,1.2,22.5
"2025-09-16 12:00:00",811,41.38517,2.193613,164,45,139,1.89,141,1.68,1022.5,72,26.5,21.1,1.2,22.7
"2025-09-16 13:00:00",812,100,1000,7999,10,108,1000,"NAN",2.09,1022.6,72,26,20.7,1.2,22.2
"2025-09-16 14:00:00",813,41.38529,2.195681,46,42,140,1.58,142,1.58,1022.6,72,25.9,20.5,1.2,22.1
"2025-09-16 15:00:00",814,41.3852,2.19572,26,14,112,1.34,114,1.34,1022.1,72,25.7,20.5,1.2,22
"2025-09-16 16:00:00",815,41.38522,2.195743,26,19,117,2.04,119,2.04,1021.8,72,25.2,19.8,1.2,21.4
"2025-09-16 17:00:00",816,41.38526,2.195863,38,8,106,1.93,108,1.93,1021.4,70,25.2,19.5,1.2,21.2
"2025-09-16 18:00:00",817,41.38533,2.195665,42,16,114,2.34,116,2.34,1020.7,72,24.9,19.6,1.2,21.2
"2025-09-16 19:00:00",818,41.38522,2.19565,50,13,111,1.43,113,1.49,1020.7,71,24.8,19.2,1.2,20.9
"2025-09-16 20:00:00",819,41.38465,2.199521,40,18,116,1.31,118,1.31,1020.9,71,25,19.6,1.2,21.2
"2025-09-16 21:00:00",820,41.3852,2.195761,42,22,120,0.89,122,0.89,1021.3,74,24.9,20.1,1.2,21.5
"2025-09-16 22:00:00",821,41.38514,2.195691,46,30,128,1.19,130,1.19,1021.9,76,24.8,20.3,1.2,21.6
"2025-09-16 23:00:00",822,41.38507,2.195949,53,78,176,0.23,178,0.23,1022.1,76,24.6,20.1,1.2,21.4
"2025-09-17 00:00:00",823,41.38514,2.195596,31,56,154,0.45,156,0.45,1021.9,76,24.5,20.1,1.2,21.4
"2025-09-17 01:00:00",824,41.38524,2.195735,34,32,130,0.36,132,0.36,1021.8,77,24.5,20.3,1.2,21.5
"2025-09-17 02:00:00",825,41.3853,2.195842,37,43,141,0.18,143,0.18,1021.7,79,24.6,20.8,1.2,21.8
"2025-09-17 03:00:00",826,41.3852,2.195698,39,313,28,0.14,29.95,0.08,1021.2,79,24.5,20.8,1.2,21.8
"2025-09-17 04:00:00",827,41.38524,2.195673,33,190,288,1.04,290,1.04,1020.9,79,23.7,20,1.2,21.1
"2025-09-17 05:00:00",828,41.38517,2.196028,30,191,289,0.64,291,0.64,1020.5,79,23.6,19.8,1.2,20.9
"2025-09-17 06:00:00",829,41.38493,2.196048,41,209,307,0.18,309,0.18,1020.4,79,23.9,20,1.2,21.1
"2025-09-17 07:00:00",830,100,1000,7999,219,317,1000,"NAN",0.17,1020.5,78,24.5,20.6,1.2,21.7
"2025-09-17 08:00:00",831,41.38478,2.195335,6,258,10,0.38,11.95,0.32,1020.8,78,24.2,20.2,1.2,21.4
"2025-09-17 09:00:00",832,41.38879,2.200465,35,50,114,1.2,116,0.27,1021.1,78,24.8,20.7,1.2,21.8
"2025-09-17 10:00:00",833,100,1000,7999,33,131,1000,"NAN",0.81,1021.6,76,25.4,21,1.2,22.2
"2025-09-17 11:00:00",834,41.38509,2.195675,51,34,125,0.84,127,0.88,1022,76,25.9,21.4,1.2,22.7
"2025-09-17 12:00:00",835,41.38517,2.1957,25,38,136,1.27,138,1.27,1022,76,26.3,21.8,1.2,23.1
"2025-09-17 13:00:00",836,41.38497,2.19557,32,30,115,1.62,117,1.75,1022,77,26.7,22.5,1.2,23.6
"2025-09-17 14:00:00",837,41.3854,2.196821,26,36,203,0.8,205,0.63,1021.7,75,27,22.4,1.2,23.6
"2025-09-17 15:00:00",838,41.38515,2.195976,45,12,110,1.35,112,1.35,1021.1,77,26.8,22.5,1.2,23.7
"2025-09-17 16:00:00",839,41.38524,2.195943,46,19,117,2.69,119,2.69,1020.8,80,26.7,23.1,1.2,24
"2025-09-17 17:00:00",840,41.38522,2.195701,44,2,100,1.86,102,1.86,1020.3,75,27.7,23,1.2,24.3
"2025-09-17 18:00:00",841,41.38527,2.195553,42,358,96,0.12,98,0.12,1020,71,28.3,22.6,1.2,24.2
"2025-09-17 19:00:00",842,41.38529,2.19562,67,198,296,0.55,298,0.55,1020.1,71,27.9,22.1,1.2,23.8
"2025-09-17 20:00:00",843,41.38422,2.19959,43,27,116,0.75,118,0.78,1020.1,79,26.8,23,1.2,24
"2025-09-17 21:00:00",844,41.3852,2.195777,58,198,296,0.3,298,0.3,1020.4,76,26.7,22.1,1.2,23.4
"2025-09-17 22:00:00",845,41.3851,2.195698,54,100,198,0.2,200,0.2,1020.9,78,26.4,22.4,1.2,23.5
"2025-09-17 23:00:00",846,41.38503,2.195898,53,176,274,0.03,276,0.03,1021.1,79,26.1,22.3,1.2,23.3
"2025-09-18 00:00:00",847,41.38525,2.195683,35,242,340,0.09,342,0.09,1021.2,80,26,22.4,1.2,23.4
"2025-09-18 01:00:00",848,41.38524,2.19567,36,222,320,0.09,322,0.09,1021.2,81,25.4,22,1.2,23
"2025-09-18 02:00:00",849,41.3853,2.195796,43,172,270,0.19,272,0.19,1021.1,82,25.2,21.9,1.2,22.8
"2025-09-18 03:00:00",850,41.38524,2.195648,42,207,305,0.5,307,0.5,1021,83,24.7,21.6,1.2,22.5
"2025-09-18 04:00:00",851,41.38524,2.195675,41,162,260,0.14,262,0.14,1021,82,24.5,21.4,1.2,22.2
"2025-09-18 05:00:00",852,41.38512,2.196121,35,209,307,0.39,309,0.39,1020.8,83,24.5,21.4,1.2,22.2
"2025-09-18 06:00:00",853,41.38515,2.19571,37,216,314,0.35,316,0.35,1020.5,82,24.1,20.9,1.2,21.8
"2025-09-18 07:00:00",854,41.38498,2.195593,34,241,339,0.47,341,0.47,1020.7,84,23.7,20.9,1.2,21.7
"2025-09-18 08:00:00",855,100,1000,7999,220,318,1000,"NAN",0.67,1021.3,84,23.3,20.4,1.2,21.2
"2025-09-18 09:00:00",856,41.38528,2.195801,11,113,217,0.42,219,0.56,1022,82,23.5,20.3,1.2,21.2
"2025-09-18 10:00:00",857,41.3853,2.19562,56,218,316,0.82,318,0.82,1022.6,74,24.7,19.8,1.2,21.3
"2025-09-18 11:00:00",858,41.38527,2.195735,25,59,157,1.2,159,1.2,1023.1,76,26.6,22.1,1.2,23.4
"2025-09-18 12:00:00",859,41.38512,2.195628,38,45,143,0.96,145,0.96,1023.3,77,27,22.8,1.2,24
"2025-09-18 13:00:00",860,41.38551,2.195583,22,43,147,1.09,149,0.66,1023.2,78,27.3,23.2,1.2,24.3
"2025-09-18 14:00:00",861,41.3852,2.196033,18,50,148,0.97,150,0.97,1023,79,27.4,23.5,1.2,24.5
"2025-09-18 15:00:00",862,41.38507,2.195983,55,25,123,1.26,125,1.26,1022.7,75,27.6,22.9,1.2,24.2
"2025-09-18 16:00:00",863,41.38522,2.195611,16,68,166,1.13,168,1.13,1022.4,79,27.4,23.5,1.2,24.5
"2025-09-18 17:00:00",864,41.38524,2.195761,26,27,125,2.18,127,2.18,1022.2,80,26.8,23.2,1.2,24.2
"2025-09-18 18:00:00",865,41.38515,2.195628,35,30,128,1,130,1,1022.1,82,26.4,23.2,1.2,24.1
"2025-09-18 19:00:00",866,41.38522,2.195618,58,47,145,0.98,147,0.98,1022,84,25.9,23.1,1.2,23.8
"2025-09-18 20:00:00",867,100,1000,7999,13,111,1000,"NAN",1.19,1022.1,85,25.8,23.2,1.2,23.9
"2025-09-18 21:00:00",868,41.38517,2.195715,45,61,159,0.44,161,0.44,1022.7,84,25.9,23,1.2,23.7
"2025-09-18 22:00:00",869,41.38515,2.195705,44,31,129,0.78,131,0.78,1022.8,84,25.7,22.8,1.2,23.6
"2025-09-18 23:00:00",870,41.38504,2.196033,47,18,117,1.14,119,1.18,1022.9,83,25.6,22.7,1.2,23.4
"2025-09-19 00:00:00",871,41.38524,2.195695,35,189,278,0.34,280,0.29,1023.1,83,25.3,22.3,1.2,23.1
"2025-09-19 01:00:00",872,41.38517,2.195626,31,240,338,0.46,340,0.46,1023.1,85,24.9,22.4,1.2,23
"2025-09-19 02:00:00",873,41.3853,2.1957,38,214,312,0.25,314,0.25,1023.1,86,24.8,22.3,1.2,23
"2025-09-19 03:00:00",874,41.38514,2.195571,42,210,308,1.11,310,1.11,1022.8,85,24.6,21.9,1.2,22.6
"2025-09-19 04:00:00",875,41.38521,2.195585,32,163,261,1.01,263,1.01,1022.4,86,23.9,21.6,1.2,22.2
"2025-09-19 05:00:00",876,41.38512,2.195324,38,97,135,0.22,137,0.18,1022.4,84,24.1,21.4,1.2,22.1
"2025-09-19 06:00:00",877,100,1000,7999,231,329,1000,"NAN",0.66,1022.2,84,23.2,20.5,1.2,21.2
"2025-09-19 07:00:00",878,41.38517,2.195604,28,206,304,1.62,306,1.62,1022.4,84,22.6,19.9,1.2,20.7
"2025-09-19 08:00:00",879,41.38524,2.19555,51,186,287,1.01,289,1.01,1022.9,78,22.3,18.4,1.2,19.6
"2025-09-19 09:00:00",880,41.38485,2.195831,66,225,323,1.32,325,1.29,1023.3,76,23.1,18.8,1.2,20.1
"2025-09-19 10:00:00",881,41.3851,2.19567,8,325,39,0.69,40.95,0.27,1023.7,76,24.3,19.8,1.2,21.1
"2025-09-19 11:00:00",882,41.38534,2.195562,62,57,152,1.26,154,1.2,1024.1,73,26.4,21.3,1.2,22.7
"2025-09-19 12:00:00",883,41.38567,2.195286,91,286,24,0.45,25.95,0.33,1024.1,74,27,22,1.2,23.4
"2025-09-19 13:00:00",884,41.38539,2.195733,6,34,142,1.44,144,1.39,1023.9,72,27.4,22,1.2,23.5
"2025-09-19 14:00:00",885,41.38567,2.195403,-53,67,165,0.82,167,0.76,1023.6,68,27.4,21.1,1.2,23
"2025-09-19 15:00:00",886,41.3852,2.195735,49,64,161,1.22,163,1.22,1023.3,69,27.3,21.2,1.2,23
"2025-09-19 16:00:00",887,41.38512,2.195343,-15,56,153,1.69,155,1.69,1022.8,73,26.9,21.7,1.2,23.2
"2025-09-19 17:00:00",888,41.38525,2.195693,39,7,104,0.33,106,0.33,1022.6,74,26.7,21.7,1.2,23.1
"2025-09-19 18:00:00",889,41.38517,2.195629,39,10,108,1.4,110,1.4,1022.6,74,26.4,21.6,1.2,22.9
"2025-09-19 19:00:00",890,41.38524,2.195695,69,48,145,0.6,147,0.6,1022.5,76,26.1,21.6,1.2,22.8
"2025-09-19 20:00:00",891,100,1000,7999,37,134,1000,"NAN",0.48,1022.6,77,25.9,21.7,1.2,22.9
"2025-09-19 21:00:00",892,41.3852,2.195731,56,20,117,0.52,119,0.52,1023.2,79,25.9,22,1.2,23
"2025-09-19 22:00:00",893,41.3852,2.195782,51,35,132,0.65,134,0.65,1023.3,79,25.7,22,1.2,23
"2025-09-19 23:00:00",894,41.38512,2.195851,52,36,134,0.27,136,0.27,1023.2,78,25.9,21.9,1.2,23
"2025-09-20 00:00:00",895,41.38524,2.195688,37,51,149,0.56,151,0.56,1022.9,80,25.7,22.1,1.2,23.1
"2025-09-20 01:00:00",896,41.38534,2.195768,40,212,310,0.27,312,0.27,1022.7,79,24.9,21.2,1.2,22.2
"2025-09-20 02:00:00",897,41.3852,2.195633,50,170,268,0.64,270,0.64,1022.3,79,24.6,20.9,1.2,21.9
"2025-09-20 03:00:00",898,41.38522,2.195658,43,84,182,0.57,184,0.57,1021.7,79,24.6,20.7,1.2,21.8
"2025-09-20 04:00:00",899,41.38522,2.195465,28,165,266,0.86,268,0.88,1021.2,78,24.4,20.4,1.2,21.5
"2025-09-20 05:00:00",900,41.38515,2.196179,16,204,300,1.75,302,1.61,1020.6,76,24.3,20,1.2,21.2
"2025-09-20 06:00:00",901,100,1000,7999,174,272,1000,"NAN",0.71,1020.5,75,24.2,19.6,1.2,21
"2025-09-20 07:00:00",902,100,1000,7999,175,273,1000,"NAN",0.68,1020.4,75,24.1,19.6,1.2,20.9
"2025-09-20 08:00:00",903,41.38519,2.195693,40,229,327,0.63,329,0.63,1020.3,76,24.2,19.8,1.2,21.1
"2025-09-20 09:00:00",904,41.38552,2.196296,52,157,255,0.64,257,0.64,1020.3,76,24.4,19.9,1.2,21.3
"2025-09-20 10:00:00",905,41.38524,2.195756,20,242,340,0.33,342,0.33,1020.4,74,25.9,20.9,1.2,22.3
"2025-09-20 11:00:00",906,41.38556,2.196028,-19,62,160,0.87,162,0.87,1020.6,73,27,21.7,1.2,23.2
"2025-09-20 12:00:00",907,41.38534,2.19572,42,63,160,1.09,162,1.06,1020.1,72,27.7,22.3,1.2,23.8
"2025-09-20 13:00:00",908,41.38576,2.195995,150,29,127,2.14,129,2.14,1019.6,76,26.9,22.5,1.2,23.7
"2025-09-20 14:00:00",909,41.38512,2.195728,46,22,120,2.85,122,2.85,1019,76,26.8,22.2,1.2,23.5
"2025-09-20 15:00:00",910,41.38517,2.196121,83,351,89,1.84,91,1.84,1018.5,75,27,22.3,1.2,23.6
"2025-09-20 16:00:00",911,41.38541,2.195788,47,1,99,1.5,101,1.5,1018,75,26.9,22.3,1.2,23.6
"2025-09-20 17:00:00",912,41.38527,2.195663,35,25,123,1.65,125,1.65,1017.5,75,26.6,22,1.2,23.3
"2025-09-20 18:00:00",913,41.38524,2.195671,35,39,137,1.27,139,1.27,1017,77,26.3,21.9,1.2,23.2
"2025-09-20 19:00:00",914,41.38517,2.195658,34,29,127,1.34,129,1.34,1016.5,79,26,22.1,1.2,23.2
"2025-09-20 20:00:00",915,41.37868,2.196196,5,34,74,1.21,75.95,1.28,1016.3,75,25.7,21,1.2,22.3
"2025-09-20 21:00:00",916,100,1000,7999,15,113,1000,"NAN",0.68,1016.9,72,25.9,20.5,1.2,22.1
"2025-09-20 22:00:00",917,41.38514,2.196041,72,23,118,0.76,120,0.85,1016.5,78,25.7,21.6,1.2,22.7
"2025-09-20 23:00:00",918,41.38514,2.195736,47,4,102,0.47,104,0.47,1016.1,79,25.7,21.8,1.2,22.9
"2025-09-21 00:00:00",919,41.38522,2.19571,40,39,137,0.07,139,0.07,1015.7,80,25.5,21.9,1.2,22.8
"2025-09-21 01:00:00",920,41.38526,2.195638,41,132,230,0.6,232,0.6,1015.5,77,25.3,20.9,1.2,22.2
"2025-09-21 02:00:00",921,41.38526,2.195641,43,25,123,0.16,125,0.16,1015,77,24.9,20.6,1.2,21.8
"2025-09-21 03:00:00",922,41.38501,2.195198,42,201,299,0.53,301,0.53,1014.5,77,24.7,20.6,1.2,21.8
"2025-09-21 04:00:00",923,41.38526,2.196198,37,221,271,2.99,273,0.45,1013.7,78,24.6,20.6,1.2,21.7
"2025-09-21 05:00:00",924,41.38488,2.196801,48,198,296,0.82,298,0.82,1012.9,79,24.3,20.5,1.2,21.6
"2025-09-21 06:00:00",925,41.38528,2.195599,39,183,299,0.92,301,0.68,1012.6,79,24.3,20.5,1.2,21.6
"2025-09-21 07:00:00",926,41.38507,2.195731,43,201,71,0.37,72.95,0.55,1012.6,80,24.2,20.5,1.2,21.5
"2025-09-21 08:00:00",927,41.3853,2.195718,43,220,186,1.41,188,1.43,1012.2,81,24,20.7,1.2,21.6
"2025-09-21 09:00:00",928,100,1000,7999,229,327,1000,"NAN",0.51,1012.3,90,23.1,21.4,1.2,21.8
"2025-09-21 10:00:00",929,41.38521,2.195731,34,157,255,0.25,257,0.25,1012.6,85,24.1,21.5,1.2,22.2
"2025-09-21 11:00:00",930,41.38524,2.195748,31,53,151,0.8,153,0.8,1012.3,81,25.5,22.1,1.2,23
"2025-09-21 12:00:00",931,41.38519,2.19573,42,42,140,0.54,142,0.54,1012.5,80,25.9,22.3,1.2,23.3
"2025-09-21 13:00:00",932,41.38553,2.195736,40,14,112,0.68,114,0.68,1012,77,25.9,21.7,1.2,22.9
"2025-09-21 14:00:00",933,41.38499,2.195638,70,34,174,0.73,176,0.54,1011,78,26,21.9,1.2,23.1
"2025-09-21 15:00:00",934,41.3852,2.195743,39,179,277,0.35,279,0.35,1010.6,80,25.3,21.6,1.2,22.6
"2025-09-21 16:00:00",935,41.3853,2.19565,32,14,112,0.64,114,0.64,1010.4,82,25.6,22.3,1.2,23.2
"2025-09-21 17:00:00",936,41.38525,2.195668,35,214,312,0.62,314,0.62,1009.9,58,25.3,16.6,1.2,19.5
"2025-09-21 18:00:00",937,41.38527,2.195695,36,246,344,0.31,346,0.31,1009.5,61,25.4,17.4,1.2,20
"2025-09-21 19:00:00",938,41.38522,2.195726,31,189,287,0.88,289,0.88,1009.6,85,20,17.5,1.2,18.2
"2025-09-21 20:00:00",939,41.38504,2.196533,77,48,146,1.21,148,1.21,1009.5,93,19.7,18.7,1.2,19
"2025-09-21 21:00:00",940,100,1000,7999,279,17,1000,"NAN",0.11,1010.5,92,19.5,18.2,1.2,18.5
"2025-09-21 22:00:00",941,41.3852,2.195695,53,226,324,0.32,326,0.32,1011,90,20,18.4,1.2,18.8
"2025-09-21 23:00:00",942,41.38525,2.195725,48,169,267,0.52,269,0.52,1010.5,89,20.3,18.4,1.2,18.9
"2025-09-22 00:00:00",943,41.38525,2.195603,38,201,299,0.73,301,0.73,1011.3,89,20.6,18.8,1.2,19.3
"2025-09-22 01:00:00",944,41.38536,2.195706,42,32,130,0.22,132,0.22,1010.7,89,20.9,19,1.2,19.5
"2025-09-22 02:00:00",945,41.38526,2.195668,42,146,244,0.18,246,0.18,1010.8,79,20.6,17,1.2,18
"2025-09-22 03:00:00",946,41.38538,2.195594,46,35,133,0.86,135,0.86,1011.3,69,20.7,14.8,1.2,16.8
"2025-09-22 04:00:00",947,41.38546,2.19718,47,8,106,0.71,108,0.71,1011.1,66,20.4,13.9,1.2,16.2
"2025-09-22 05:00:00",948,100,1000,7999,62,160,1000,"NAN",0.57,1011.3,66,19.5,13.1,1.2,15.4
"2025-09-22 06:00:00",949,41.38524,2.195695,29,40,138,0.37,140,0.37,1011.8,66,19.1,12.8,1.2,15
"2025-09-22 07:00:00",950,41.38517,2.195629,32,309,47,0.21,48.95,0.21,1011.9,63,18.3,11.4,1.2,14
"2025-09-22 08:00:00",951,41.38517,2.195634,38,55,153,0.6,155,0.6,1012.3,60,17.7,9.8,1.2,12.9
"2025-09-22 09:00:00",952,100,1000,7999,207,306,1000,"NAN",0.76,1013,61,17.7,10.3,1.2,13.2
"2025-09-22 10:00:00",953,41.3852,2.195696,-18,352,91,0.34,93,0.34,1013.8,58,18.8,10.4,1.2,13.7
"2025-09-22 11:00:00",954,41.38567,2.19606,-33,179,278,0.55,280,0.55,1014,58,19.4,11.1,1.2,14.3
"2025-09-22 12:00:00",955,41.38618,2.197573,3,72,203,0.82,205,0.65,1013.8,52,21.1,10.9,1.2,14.9
"2025-09-22 13:00:00",956,100,1000,7999,47,146,1000,"NAN",1,1013.9,50,21.9,11.1,1.2,15.4
"2025-09-22 14:00:00",957,41.38514,2.195625,38,341,80,0.24,82,0.24,1013.8,50,21.9,11.2,1.2,15.4
"2025-09-22 15:00:00",958,41.3852,2.195591,22,83,182,0.11,184,0.11,1013.3,43,23.3,10.3,1.2,15.6
"2025-09-22 16:00:00",959,41.3852,2.19575,36,12,110,2.4,112,2.4,1013.1,52,23.4,13.2,1.2,17
"2025-09-22 17:00:00",960,41.38526,2.195773,34,28,126,2.58,128,2.58,1013.2,53,22.8,12.8,1.2,16.5
"2025-09-22 18:00:00",961,41.38527,2.195796,38,40,138,1.97,140,1.97,1013.2,51,22.7,12.1,1.2,16.2
"2025-09-22 19:00:00",962,41.38524,2.195666,73,357,95,0.7,97,0.69,1013.4,48,22.4,10.9,1.2,15.5
"2025-09-22 20:00:00",963,41.38684,2.197833,35,200,312,1.04,314,0.81,1013.6,48,22.2,10.9,1.2,15.4
"2025-09-22 21:00:00",964,41.38534,2.195681,20,216,324,0.38,326,0.24,1014.1,48,22.1,10.9,1.2,15.4
"2025-09-22 22:00:00",965,41.38509,2.195758,55,221,324,0.5,326,0.41,1014.4,50,21.7,10.9,1.2,15.2
"2025-09-22 23:00:00",966,41.38517,2.195728,38,225,323,0.35,325,0.35,1014.3,51,21.4,11.1,1.2,15.1
"2025-09-23 00:00:00",967,41.38534,2.195655,38,279,17,0.79,18.95,0.79,1014.5,56,20.6,11.7,1.2,15.1
"2025-09-23 01:00:00",968,41.3853,2.195675,37,68,166,0.51,168,0.51,1014.6,59,19.7,11.7,1.2,14.8
"2025-09-23 02:00:00",969,41.3852,2.195593,46,225,323,0.95,325,0.95,1014.8,67,18.9,12.6,1.2,14.9
"2025-09-23 03:00:00",970,41.38517,2.195363,44,333,71,0.4,72.95,0.4,1014.9,71,18.4,13.1,1.2,15
"2025-09-23 04:00:00",971,41.3853,2.195943,49,324,62,0.53,63.95,0.53,1014.6,68,18.2,12.4,1.2,14.4
"2025-09-23 05:00:00",972,100,1000,7999,218,316,1000,"NAN",0.56,1014.8,68,17.6,11.7,1.2,13.8
"2025-09-23 06:00:00",973,41.38524,2.195665,36,122,220,0.43,222,0.43,1014.9,56,17.9,9,1.2,12.6
"2025-09-23 07:00:00",974,41.3852,2.195599,40,162,260,0.35,262,0.35,1015.1,53,17.9,8.2,1.2,12.2
"2025-09-23 08:00:00",975,41.38514,2.195768,37,240,323,0.05,325,0.05,1015.2,57,17.3,8.8,1.2,12.3
"2025-09-23 09:00:00",976,100,1000,7999,142,240,1000,"NAN",0.85,1015.2,56,17.4,8.7,1.2,12.3
"2025-09-23 10:00:00",977,41.38519,2.195575,-26,133,231,1.14,233,1.14,1015.4,56,18,9.1,1.2,12.7
"2025-09-23 11:00:00",978,41.38564,2.196015,-26,167,265,0.76,267,0.76,1016.1,52,19.6,9.7,1.2,13.7
"2025-09-23 12:00:00",979,41.38585,2.197476,15,0,50,0.14,51.95,0.14,1016,46,21.2,9.1,1.2,14.2
"2025-09-23 13:00:00",980,41.38543,2.195735,76,38,137,0.1,139,0.1,1015.8,42,21.9,8.5,1.2,14.2
"2025-09-23 14:00:00",981,41.38512,2.195731,47,197,296,1.59,298,1.59,1015.4,39,21.9,7.4,1.2,13.8
"2025-09-23 15:00:00",982,41.38514,2.196006,65,34,132,2.46,134,2.46,1015.1,50,21.9,11,1.2,15.3
"2025-09-23 16:00:00",983,41.38536,2.195716,43,2,100,3.67,102,3.67,1015,51,21.9,11.5,1.2,15.6
"2025-09-23 17:00:00",984,41.3852,2.195615,44,40,138,1.89,140,1.89,1015,53,21.7,11.7,1.2,15.6
"2025-09-23 18:00:00",985,41.38524,2.195665,34,11,109,0.95,111,0.95,1015,53,21.9,12.1,1.2,15.9
"2025-09-23 19:00:00",986,41.38514,2.195733,11,13,111,1.75,113,1.75,1015,49,21.8,10.7,1.2,15.1
"2025-09-23 20:00:00",987,100,1000,7999,74,172,1000,"NAN",1.65,1015.4,70,19.5,14,1.2,15.9
"2025-09-23 21:00:00",988,41.38538,2.19579,0,69,177,1.02,179,1,1016.3,66,18.9,12.5,1.2,14.8
"2025-09-23 22:00:00",989,41.38524,2.196033,45,63,160,1.15,162,1.06,1016.3,63,18.9,11.9,1.2,14.5
"2025-09-23 23:00:00",990,41.38507,2.195826,55,79,177,1.18,179,1.18,1016.7,61,18.8,11.3,1.2,14.2
"2025-09-24 00:00:00",991,41.38528,2.195785,39,60,158,1.56,160,1.56,1016.7,63,18.5,11.4,1.2,14.1
"2025-09-24 01:00:00",992,41.3853,2.195716,35,64,162,0.19,164,0.19,1017,63,17.3,10.3,1.2,13
"2025-09-24 02:00:00",993,41.38525,2.195576,42,185,283,1.1,285,1.1,1016.8,65,17.1,10.5,1.2,13
"2025-09-24 03:00:00",994,41.38497,2.195036,44,138,236,0.97,238,0.97,1016.8,64,17.4,10.5,1.2,13.2
"2025-09-24 04:00:00",995,41.3853,2.196595,46,196,336,0.3,338,0.49,1016.7,79,15.3,11.7,1.2,12.9
"2025-09-24 05:00:00",996,41.3853,2.195473,25,146,244,0.45,246,0.45,1016.7,76,15.8,11.7,1.2,13.1
"2025-09-24 06:00:00",997,41.38512,2.195568,49,102,199,1.14,201,1.14,1016.8,67,15.7,9.6,1.2,11.9
"2025-09-24 07:00:00",998,41.38521,2.195646,46,255,353,0.64,355,0.64,1017.1,57,15.9,7.5,1.2,11
"2025-09-24 08:00:00",999,41.38517,2.195884,22,142,240,1.11,242,1.11,1017.3,58,15.6,7.3,1.2,10.8
"2025-09-24 09:00:00",1000,100,1000,7999,127,225,1000,"NAN",0.43,1017.6,54,15.9,6.8,1.2,10.7
"2025-09-24 10:00:00",1001,100,1000,7999,187,18,0.9,"NAN",0.41,1018,52,17.5,7.7,1.2,11.9
"2025-09-24 11:00:00",1002,100,1000,7999,138,236,1000,"NAN",0.45,1018.5,51,19.1,8.7,1.2,13.1
"2025-09-24 12:00:00",1003,41.38521,2.195758,44,72,170,1.17,172,1.17,1018.3,50,20.9,10.4,1.2,14.6
"2025-09-24 13:00:00",1004,41.38526,2.19571,48,173,271,0.15,273,0.15,1018.1,45,21.2,8.9,1.2,14.1
"2025-09-24 14:00:00",1005,41.38509,2.195673,48,11,109,0.75,111,0.75,1017.4,46,21.5,9.4,1.2,14.4
"2025-09-24 15:00:00",1006,41.38517,2.195931,58,44,144,2.62,146,2.6,1016.8,53,21,11.1,1.2,15
"2025-09-24 16:00:00",1007,41.38515,2.195393,55,26,115,1.9,117,1.62,1016.5,49,21.1,10,1.2,14.5
"2025-09-24 17:00:00",1008,41.38534,2.19577,31,23,121,2.56,123,2.56,1016.5,56,21.3,12.2,1.2,15.6
"2025-09-24 18:00:00",1009,41.38525,2.195673,31,0,98,1.2,100,1.2,1016.7,52,21.2,10.9,1.2,15
"2025-09-24 19:00:00",1010,41.38512,2.195673,55,357,95,0.99,97,0.99,1017.1,53,21,11.2,1.2,15.1
"2025-09-24 20:00:00",1011,100,1000,7999,16,114,1000,"NAN",1.41,1017.3,58,21,12.5,1.2,15.7
"2025-09-24 21:00:00",1012,41.38533,2.195613,37,31,128,1.4,130,1.44,1017.8,61,21,13.2,1.2,16.1
"2025-09-24 22:00:00",1013,41.38504,2.196028,89,214,299,0.4,301,0.32,1018.3,56,20.7,11.8,1.2,15.2
"2025-09-24 23:00:00",1014,41.38517,2.195763,53,201,299,0.09,301,0.09,1018.4,58,20.4,12.1,1.2,15.2
"2025-09-25 00:00:00",1015,41.38522,2.195759,37,209,307,0.45,309,0.45,1018.4,58,20,11.7,1.2,14.9
"2025-09-25 01:00:00",1016,41.38525,2.195646,36,235,333,1.2,335,1.2,1018.7,77,19,15,1.2,16.3
"2025-09-25 02:00:00",1017,41.38524,2.195658,44,49,147,1.87,149,1.87,1018.9,82,18.5,15.6,1.2,16.5
"2025-09-25 03:00:00",1018,41.38527,2.195651,42,69,167,0.97,169,0.97,1018.3,79,18.5,14.9,1.2,16
"2025-09-25 04:00:00",1019,41.38527,2.195562,25,58,156,0.76,158,0.76,1017.5,79,18.8,15.2,1.2,16.4
"2025-09-25 05:00:00",1020,41.3852,2.19557,21,159,257,1.26,259,1.26,1017.4,80,17.5,14,1.2,15.1
"2025-09-25 06:00:00",1021,41.3852,2.195541,32,250,343,0.71,345,0.72,1017.4,80,16.8,13.4,1.2,14.5
"2025-09-25 07:00:00",1022,41.38502,2.195721,24,203,301,0.59,303,0.59,1017.5,79,17.2,13.6,1.2,14.8
"2025-09-25 08:00:00",1023,100,1000,7999,142,240,1000,"NAN",0.57,1017.6,77,17.3,13.3,1.2,14.6
"2025-09-25 09:00:00",1024,41.38535,2.195876,6,171,269,0.93,271,0.93,1017.9,75,17,12.6,1.2,14.1
"2025-09-25 10:00:00",1025,41.3852,2.195688,20,163,261,0.88,263,0.88,1018.1,74,17.3,12.7,1.2,14.3
"2025-09-25 11:00:00",1026,41.38514,2.195695,35,47,145,0.22,147,0.22,1018.1,72,18.2,13.1,1.2,14.9
"2025-09-25 12:00:00",1027,41.38512,2.195645,24,80,176,0.66,178,0.71,1017.9,66,20.6,14.2,1.2,16.4
"2025-09-25 13:00:00",1028,41.38541,2.195283,36,71,135,0.47,137,0.7,1017.7,68,20.9,14.9,1.2,16.9
"2025-09-25 14:00:00",1029,41.38533,2.194491,36,61,184,1.26,186,1.02,1017.4,59,22.3,14.1,1.2,17
"2025-09-25 15:00:00",1030,41.38517,2.195777,37,49,148,1.49,150,1.53,1017.1,55,22.6,13.3,1.2,16.7
"2025-09-25 16:00:00",1031,41.3852,2.195661,49,44,142,3.18,144,3.18,1016.8,68,21.7,15.7,1.2,17.7
"2025-09-25 17:00:00",1032,41.3853,2.195683,34,28,126,1.81,128,1.81,1016.6,55,21.8,12.5,1.2,16
"2025-09-25 18:00:00",1033,41.38504,2.19559,30,18,116,1.58,118,1.58,1016.6,68,21.8,15.7,1.2,17.7
"2025-09-25 19:00:00",1034,41.38503,2.196184,28,29,127,1.9,129,1.9,1017,71,21.3,15.8,1.2,17.6
"2025-09-25 20:00:00",1035,100,1000,7999,57,155,1000,"NAN",1.63,1017.5,76,19.4,15.2,1.2,16.5
"2025-09-25 21:00:00",1036,41.38514,2.195693,65,74,176,0.68,178,0.76,1018,77,19.5,15.4,1.2,16.7
"2025-09-25 22:00:00",1037,41.38464,2.196193,139,73,180,0.99,182,1.15,1018.6,75,19.5,15.1,1.2,16.5
"2025-09-25 23:00:00",1038,41.38529,2.195759,52,44,142,1.39,144,1.39,1018.9,74,19.5,14.9,1.2,16.4
"2025-09-26 00:00:00",1039,41.3852,2.195686,34,31,129,0.72,131,0.72,1019,75,18.9,14.5,1.2,15.9
"2025-09-26 01:00:00",1040,41.3853,2.195703,36,286,24,0.74,25.95,0.74,1018.9,76,18.4,14.3,1.2,15.6
"2025-09-26 02:00:00",1041,41.38529,2.195625,44,237,335,0.6,337,0.6,1018.7,75,18.2,13.8,1.2,15.2
"2025-09-26 03:00:00",1042,41.38528,2.195501,49,112,210,0.16,212,0.16,1018.6,73,18.3,13.3,1.2,15
"2025-09-26 04:00:00",1043,41.3852,2.196245,56,228,72,2.97,73.95,0.62,1017.9,71,17.8,12.6,1.2,14.4
"2025-09-26 05:00:00",1044,41.38632,2.192325,64,204,302,0.83,304,0.83,1017.6,71,17.9,12.5,1.2,14.4
"2025-09-26 06:00:00",1045,100,1000,7999,167,265,1000,"NAN",0.57,1017.4,70,17.7,12.2,1.2,14.2
"2025-09-26 07:00:00",1046,41.4244,1.904909,52,185,116,3.99,118,0.88,1017.5,70,17.8,12.4,1.2,14.3
"2025-09-26 08:00:00",1047,100,1000,7999,131,229,1000,"NAN",0.15,1017.5,71,17.8,12.6,1.2,14.4
"2025-09-26 09:00:00",1048,41.38533,2.195928,0,127,225,0.61,227,0.64,1017.7,71,18.1,12.8,1.2,14.7
"2025-09-26 10:00:00",1049,41.38524,2.195686,22,270,8,0.92,9.95,0.92,1017.9,68,19.4,13.3,1.2,15.4
"2025-09-26 11:00:00",1050,41.3852,2.195598,12,110,208,0.34,210,0.34,1018.2,66,20.9,14.4,1.2,16.7
"2025-09-26 12:00:00",1051,41.3852,2.195831,43,61,161,3.22,163,3.05,1018.2,67,22,15.7,1.2,17.8
"2025-09-26 13:00:00",1052,41.38546,2.195723,82,77,176,2.29,178,2.29,1018,69,21.5,15.6,1.2,17.6
"2025-09-26 14:00:00",1053,41.385,2.195916,81,56,155,1.76,157,1.76,1017.4,69,22,16.2,1.2,18.1
"2025-09-26 15:00:00",1054,41.38522,2.195792,41,67,165,0.98,167,0.98,1017,69,22.1,16.2,1.2,18.2
"2025-09-26 16:00:00",1055,41.3853,2.195738,46,49,147,1.78,149,1.78,1016.5,67,22.6,16.2,1.2,18.3
"2025-09-26 17:00:00",1056,41.38544,2.19564,43,9,107,0.44,109,0.44,1016.2,62,22.7,15.2,1.2,17.8
"2025-09-26 18:00:00",1057,41.3853,2.195645,50,11,109,1.53,111,1.53,1016.1,58,23,14.3,1.2,17.5
"2025-09-26 19:00:00",1058,41.38541,2.196309,51,81,179,0.15,181,0.15,1016.1,56,22.7,13.6,1.2,16.9
"2025-09-26 20:00:00",1059,100,1000,7999,46,144,1000,"NAN",1.26,1016.5,71,21.9,16.6,1.2,18.3
"2025-09-26 21:00:00",1060,41.3853,2.19587,48,82,193,2.23,195,1.14,1017.2,75,20.5,16.1,1.2,17.5
"2025-09-26 22:00:00",1061,41.38515,2.196015,48,84,186,3.29,188,3.21,1018,73,20.2,15.2,1.2,16.9
"2025-09-26 23:00:00",1062,41.38548,2.19567,46,233,331,0.61,333,0.61,1018.4,71,19.9,14.5,1.2,16.3
"2025-09-27 00:00:00",1063,41.3852,2.195634,34,66,333,0.17,335,0.12,1018.6,72,19.6,14.5,1.2,16.2
"2025-09-27 01:00:00",1064,41.38527,2.19544,36,204,302,0.51,304,0.51,1018.2,68,18.9,13.1,1.2,15.1
"2025-09-27 02:00:00",1065,41.38522,2.19562,48,102,200,0.07,202,0.07,1018.5,69,18.3,12.6,1.2,14.7
"2025-09-27 03:00:00",1066,41.38541,2.195811,47,170,268,1.59,270,1.59,1018.4,68,18.2,12.3,1.2,14.4
"2025-09-27 04:00:00",1067,41.38572,2.196135,-36,154,252,0.47,254,0.47,1018.1,68,18.1,12.3,1.2,14.4
"2025-09-27 05:00:00",1068,41.38533,2.195568,58,149,251,1.2,253,1.11,1017.9,67,18.1,12,1.2,14.2
"2025-09-27 06:00:00",1069,100,1000,7999,102,200,1000,"NAN",0.79,1017.8,66,18.2,11.9,1.2,14.2
"2025-09-27 07:00:00",1070,41.38533,2.1959,48,339,101,0.38,103,0.23,1017.7,66,17.9,11.6,1.2,13.9
"2025-09-27 08:00:00",1071,100,1000,7999,150,248,1000,"NAN",0.69,1017.7,66,17.9,11.5,1.2,13.9
"2025-09-27 09:00:00",1072,41.38527,2.195821,36,295,33,0.14,34.95,0.14,1018.1,65,18.4,11.7,1.2,14.2
"2025-09-27 10:00:00",1073,41.38525,2.195798,30,125,221,0.64,223,0.44,1018.3,65,19.5,12.8,1.2,15.2
"2025-09-27 11:00:00",1074,41.38526,2.195771,32,103,201,0.81,203,0.81,1018.6,65,21.2,14.5,1.2,16.8
"2025-09-27 12:00:00",1075,41.38524,2.19559,5,58,156,0.73,158,0.73,1018.6,67,22,15.6,1.2,17.7
"2025-09-27 13:00:00",1076,41.3854,2.195541,39,21,146,1.69,148,1.69,1018.3,68,22.7,16.6,1.2,18.6
"2025-09-27 14:00:00",1077,41.38507,2.195819,63,76,195,0.45,197,0.63,1018,70,22.9,17.2,1.2,19
"2025-09-27 15:00:00",1078,41.38512,2.195811,42,38,174,1.45,176,1.3,1017.5,69,23.3,17.4,1.2,19.3
"2025-09-27 16:00:00",1079,41.38512,2.195851,90,17,91,0.7,93,0.73,1016.9,72,23.4,18.2,1.2,19.8
"2025-09-27 17:00:00",1080,41.38534,2.195601,41,44,142,1.72,144,1.72,1016.3,74,23.3,18.4,1.2,19.9
"2025-09-27 18:00:00",1081,41.38515,2.195686,46,21,119,0.9,121,0.9,1016.1,76,23.2,18.8,1.2,20.1
"2025-09-27 19:00:00",1082,41.38514,2.195726,59,65,163,1.08,165,1.19,1016.1,77,23.1,19,1.2,20.2
"2025-09-27 20:00:00",1083,100,1000,7999,60,158,1000,"NAN",0.52,1016.1,79,23.1,19.3,1.2,20.4
"2025-09-27 21:00:00",1084,41.3853,2.195668,48,55,153,0.95,155,1.16,1016.5,81,22.8,19.4,1.2,20.4
"2025-09-27 22:00:00",1085,41.38512,2.195813,51,297,34,0.35,35.95,0.36,1016.7,80,22.7,19.2,1.2,20.2
"2025-09-27 23:00:00",1086,41.38527,2.195745,56,222,320,0.54,322,0.54,1016.7,82,22.3,19.2,1.2,20.1
"2025-09-28 00:00:00",1087,41.38538,2.195665,21,151,249,0.59,251,0.59,1016.6,82,22.2,19,1.2,19.9
"2025-09-28 01:00:00",1088,41.38522,2.195748,40,323,61,0.7,62.95,0.7,1016.5,82,22.1,19,1.2,19.9
"2025-09-28 02:00:00",1089,41.38525,2.195629,49,151,249,0.58,251,0.58,1016.4,82,21.8,18.6,1.2,19.6
"2025-09-28 03:00:00",1090,41.3853,2.195641,37,291,29,0.1,30.95,0.1,1016,83,21.2,18.2,1.2,19.1
"2025-09-28 04:00:00",1091,41.38526,2.195656,28,187,285,0.69,287,0.69,1015.6,83,20.3,17.4,1.2,18.2
"2025-09-28 05:00:00",1092,41.38528,2.195526,21,198,296,1.41,298,1.41,1015.1,81,20.5,17.2,1.2,18.2
"2025-09-28 06:00:00",1093,100,1000,7999,202,300,1000,"NAN",0.81,1015,82,21.1,18,1.2,18.9
"2025-09-28 07:00:00",1094,41.3836,2.193668,37,220,4,2.65,5.95,1.37,1014.9,81,20.3,17,1.2,18
"2025-09-28 08:00:00",1095,41.38651,2.197787,4,167,270,0.77,272,0.84,1015.3,80,20.1,16.7,1.2,17.7
"2025-09-28 09:00:00",1096,100,1000,7999,216,314,1000,"NAN",0.61,1015.5,79,20.3,16.7,1.2,17.8
"2025-09-28 10:00:00",1097,41.38529,2.195713,28,80,178,0.74,180,0.74,1015.7,81,21,17.7,1.2,18.6
"2025-09-28 11:00:00",1098,41.38493,2.195806,61,71,167,0.91,169,1.49,1015.9,81,21.5,18.1,1.2,19.1
"2025-09-28 12:00:00",1099,41.3853,2.19568,9,22,120,0.49,122,0.49,1016.1,77,22.2,18.1,1.2,19.3
"2025-09-28 13:00:00",1100,100,1000,7999,50,148,1000,"NAN",1.73,1016.1,78,22.2,18.2,1.2,19.4
"2025-09-28 14:00:00",1101,41.38503,2.195879,55,55,156,1.79,158,1.89,1015.8,77,22.8,18.7,1.2,19.9
"2025-09-28 15:00:00",1102,41.38521,2.196365,38,60,188,1.54,190,1.8,1015.3,74,23.3,18.5,1.2,20
"2025-09-28 16:00:00",1103,41.38514,2.195345,60,92,202,1.74,204,1.59,1015.1,76,22.8,18.4,1.2,19.7
"2025-09-28 17:00:00",1104,41.38525,2.195591,26,38,136,0.91,138,0.91,1014.9,79,22.5,18.7,1.2,19.8
"2025-09-28 18:00:00",1105,41.38517,2.195683,30,58,156,0.54,158,0.54,1015,80,22.5,19,1.2,20
"2025-09-28 19:00:00",1106,41.38498,2.195918,29,59,157,2.32,159,2.32,1015.3,80,22.2,18.8,1.2,19.8
"2025-09-28 20:00:00",1107,100,1000,7999,58,156,1000,"NAN",3.14,1015.5,80,21.8,18.3,1.2,19.3
"2025-09-28 21:00:00",1108,41.3853,2.195653,45,117,215,2.22,217,2.22,1016,76,21.8,17.4,1.2,18.8
"2025-09-28 22:00:00",1109,41.38509,2.195965,45,335,73,0.63,74.95,0.63,1016.4,75,21.8,17.3,1.2,18.7
"2025-09-28 23:00:00",1110,41.38525,2.195678,33,95,193,1.19,195,1.19,1016.7,77,21.8,17.7,1.2,19
"2025-09-29 00:00:00",1111,41.38533,2.19571,17,52,150,2.13,152,2.13,1016.8,77,21.6,17.6,1.2,18.8
"2025-09-29 01:00:00",1112,41.38534,2.195701,44,138,236,0.83,238,0.83,1017.1,78,21.4,17.4,1.2,18.6
"2025-09-29 02:00:00",1113,41.38515,2.195458,49,167,265,0.33,267,0.33,1016.9,79,20.2,16.6,1.2,17.7
"2025-09-29 03:00:00",1114,41.38494,2.194571,42,217,316,0.93,318,0.93,1016.9,79,19.5,15.8,1.2,17
"2025-09-29 04:00:00",1115,41.38557,2.195831,-37,151,249,0.78,251,0.78,1016.7,79,19.3,15.7,1.2,16.8
"2025-09-29 05:00:00",1116,41.38526,2.195282,45,217,315,0.93,317,0.93,1016.2,80,19,15.6,1.2,16.7
"2025-09-29 06:00:00",1117,41.38515,2.195008,-24,202,300,0.75,302,0.75,1016.3,81,18.5,15.3,1.2,16.3
"2025-09-29 07:00:00",1118,41.38514,2.195545,36,174,272,1.43,274,1.43,1016.5,80,18.2,14.9,1.2,15.9
"2025-09-29 08:00:00",1119,41.38498,2.196371,31,307,65,0.71,66.95,0.41,1017,79,18.2,14.7,1.2,15.8
"2025-09-29 09:00:00",1120,41.38461,2.195372,48,55,93,0.55,95,0.68,1017.2,75,18.9,14.5,1.2,15.9
"2025-09-29 10:00:00",1121,41.38552,2.196223,48,218,336,0.79,338,0.56,1017.7,65,20.2,13.5,1.2,15.8
"2025-09-29 11:00:00",1122,41.3853,2.195426,56,46,150,0.82,152,1.19,1018.2,53,22.2,12.2,1.2,16
"2025-09-29 12:00:00",1123,100,1000,7999,71,169,1000,"NAN",2.86,1018,52,22.7,12.5,1.2,16.4
"2025-09-29 13:00:00",1124,41.38534,2.195675,57,69,167,1.37,169,1.37,1017.9,65,22.4,15.6,1.2,17.9
"2025-09-29 14:00:00",1125,41.3852,2.195681,34,52,150,1.47,152,1.47,1017.6,68,22.6,16.4,1.2,18.4
"2025-09-29 15:00:00",1126,41.38522,2.195746,45,57,155,0.86,157,0.86,1017.4,66,23.2,16.6,1.2,18.8
"2025-09-29 16:00:00",1127,41.38524,2.195785,46,60,158,0.94,160,0.94,1017.3,67,23,16.7,1.2,18.8
"2025-09-29 17:00:00",1128,41.3853,2.1957,41,76,174,1.64,176,1.64,1017.3,65,22.7,15.8,1.2,18.1
"2025-09-29 18:00:00",1129,41.3853,2.195685,45,63,161,1.06,163,1.06,1017.5,63,22.7,15.4,1.2,17.9
"2025-09-29 19:00:00",1130,41.38507,2.196169,36,66,161,0.6,163,0.48,1017.7,71,22.3,16.9,1.2,18.6
"2025-09-29 20:00:00",1131,100,1000,7999,78,176,1000,"NAN",0.91,1017.8,74,22,17.2,1.2,18.7
"2025-09-29 21:00:00",1132,41.38507,2.19567,48,38,136,0.53,138,0.53,1018.2,75,21.9,17.4,1.2,18.8
"2025-09-29 22:00:00",1133,41.38503,2.195991,59,85,183,0.41,185,0.41,1018.5,75,21.8,17.2,1.2,18.7
"2025-09-29 23:00:00",1134,41.38514,2.195634,45,198,315,0.32,317,0.22,1018.8,76,21.7,17.4,1.2,18.7
"2025-09-30 00:00:00",1135,41.38535,2.195721,28,222,104,0.36,106,0.14,1018.9,77,21.5,17.3,1.2,18.6
"2025-09-30 01:00:00",1136,41.38533,2.195756,37,117,215,0.36,217,0.36,1018.6,77,20.9,16.9,1.2,18.1
"2025-09-30 02:00:00",1137,41.38524,2.195626,44,236,334,0.73,336,0.73,1018.4,78,20.3,16.4,1.2,17.6
"2025-09-30 03:00:00",1138,41.3853,2.195571,43,163,261,0.65,263,0.65,1018,80,20,16.4,1.2,17.5
"2025-09-30 04:00:00",1139,41.38545,2.19496,27,250,348,0.44,350,0.44,1017.5,79,19.9,16.3,1.2,17.4
"2025-09-30 05:00:00",1140,100,1000,7999,293,31,1000,"NAN",0.42,1017.5,78,19.9,16,1.2,17.2
"2025-09-30 06:00:00",1141,41.38522,2.195711,35,189,263,0.09,265,0.08,1017.5,75,20,15.6,1.2,17
"2025-09-30 07:00:00",1142,41.38515,2.195648,32,228,326,0.33,328,0.33,1018,75,20,15.6,1.2,17
"2025-09-30 08:00:00",1143,41.38501,2.195951,45,207,303,1.15,305,0.72,1018.5,76,19.9,15.7,1.2,17
"2025-09-30 09:00:00",1144,41.38522,2.195676,40,226,324,0.69,326,0.69,1018.7,77,19.8,15.7,1.2,17
"2025-09-30 10:00:00",1145,41.38534,2.195788,-9,222,335,0.62,337,0.57,1019.1,72,21,15.8,1.2,17.5
"2025-09-30 11:00:00",1146,41.38509,2.195743,37,51,143,0.38,145,0.41,1019.4,66,23.1,16.4,1.2,18.6
"2025-09-30 12:00:00",1147,41.38522,2.195696,22,22,120,2.06,122,2.06,1019.2,61,23.4,15.7,1.2,18.3
"2025-09-30 13:00:00",1148,41.38534,2.195656,58,35,133,3.15,135,3.15,1018.9,61,24.1,16.1,1.2,18.8
"2025-09-30 14:00:00",1149,41.38514,2.19587,51,29,127,1.76,129,1.76,1018.6,61,23.8,16,1.2,18.7
"2025-09-30 15:00:00",1150,41.38535,2.196169,67,22,120,2.21,122,2.21,1018,62,23.4,15.8,1.2,18.4
"2025-09-30 16:00:00",1151,41.38535,2.195331,53,25,110,2.43,112,2.3,1018,63,23.6,16.3,1.2,18.8
"2025-09-30 17:00:00",1152,41.38521,2.195711,26,28,126,1.98,128,1.98,1018.2,62,23.5,16.1,1.2,18.6
"2025-09-30 18:00:00",1153,41.38526,2.195688,28,26,124,1.85,126,1.85,1018.5,64,23.5,16.4,1.2,18.8
"2025-09-30 19:00:00",1154,41.38504,2.196193,54,29,127,0.83,129,0.83,1018.6,69,23.2,17.3,1.2,19.2
"2025-09-30 20:00:00",1155,100,1000,7999,43,141,1000,"NAN",0.7,1019.1,68,23.1,17.1,1.2,19
"2025-09-30 21:00:00",1156,41.38498,2.195596,54,24,138,1.31,140,1.14,1019.4,69,22.8,17,1.2,18.9
"2025-09-30 22:00:00",1157,41.38522,2.195759,78,81,56,0.1,57.95,0.06,1019.6,66,22.9,16.2,1.2,18.5
"2025-09-30 23:00:00",1158,41.3853,2.195663,41,327,170,0.18,172,0.02,1019.6,66,22.9,16.4,1.2,18.6
"2025-10-01 00:00:00",1159,41.38538,2.195738,30,156,253,0.22,255,0.22,1019.6,69,22.4,16.6,1.2,18.4
"2025-10-01 01:00:00",1160,41.38538,2.195753,32,242,340,0.25,342,0.25,1019.5,71,22,16.6,1.2,18.3
"2025-10-01 02:00:00",1161,41.38514,2.195478,48,194,292,0.42,294,0.42,1019.3,72,21.8,16.6,1.2,18.3
"2025-10-01 03:00:00",1162,41.38514,2.194933,48,231,329,0.35,331,0.35,1019.1,74,21.5,16.8,1.2,18.3
"2025-10-01 04:00:00",1163,41.38576,2.195746,-66,186,284,0.33,286,0.33,1018.8,75,21.1,16.7,1.2,18
"2025-10-01 05:00:00",1164,41.38538,2.19521,40,183,281,0.41,283,0.41,1018.6,76,20.9,16.6,1.2,17.9
"2025-10-01 06:00:00",1165,100,1000,7999,177,275,1000,"NAN",0.18,1018.5,78,20.2,16.4,1.2,17.6
"2025-10-01 07:00:00",1166,100,1000,7999,185,283,1000,"NAN",0.34,1018.7,79,19.8,16.1,1.2,17.3
"2025-10-01 08:00:00",1167,41.38192,2.195128,525,194,292,0.45,294,0.45,1019,80,19.3,15.9,1.2,17
"2025-10-01 09:00:00",1168,41.22752,1.763021,37,6,68,85,69.95,0.03,1019.1,78,20.3,16.5,1.2,17.6
"2025-10-01 10:00:00",1169,41.3852,2.19568,13,284,22,0.51,23.95,0.51,1019.5,74,21,16.3,1.2,17.8
"2025-10-01 11:00:00",1170,41.38507,2.195663,37,118,216,0.24,218,0.24,1019.7,68,22.5,16.4,1.2,18.4
"2025-10-01 12:00:00",1171,41.38538,2.195604,12,62,158,0.48,160,0.48,1019.7,65,23.5,16.6,1.2,18.9
"2025-10-01 13:00:00",1172,100,1000,7999,1,97,1000,"NAN",2.58,1019.3,66,23.6,17,1.2,19.1
"2025-10-01 14:00:00",1173,41.38507,2.196063,73,39,137,1.96,139,1.96,1019,66,23.8,17.1,1.2,19.3
"2025-10-01 15:00:00",1174,41.38506,2.196224,46,24,122,3.45,124,3.45,1018.7,69,23.6,17.6,1.2,19.5
"2025-10-01 16:00:00",1175,41.38519,2.195666,55,37,135,1.4,137,1.4,1018.6,65,23.7,16.9,1.2,19.1
"2025-10-01 17:00:00",1176,41.3854,2.195555,56,9,107,1.66,109,1.66,1018.4,61,23.6,15.7,1.2,18.4
"2025-10-01 18:00:00",1177,41.38529,2.195629,46,39,123,0.77,125,0.94,1018.4,56,23.5,14.4,1.2,17.7
"2025-10-01 19:00:00",1178,41.3852,2.195835,41,30,128,0.56,130,0.56,1018.7,60,23.5,15.5,1.2,18.2
"2025-10-01 20:00:00",1179,100,1000,7999,18,116,1000,"NAN",0.67,1019.3,62,23.4,15.9,1.2,18.5
"2025-10-01 21:00:00",1180,41.38528,2.19564,26,6,104,1.21,106,1.21,1019.9,66,23.4,16.9,1.2,19
"2025-10-01 22:00:00",1181,41.38522,2.195653,14,27,125,0.74,127,0.74,1020.1,69,23.2,17.3,1.2,19.2
"2025-10-01 23:00:00",1182,41.3853,2.19568,31,241,341,0.22,343,0.18,1020.3,68,23.1,17,1.2,19
"2025-10-02 00:00:00",1183,41.38534,2.195713,36,182,280,0.48,282,0.48,1020.3,69,23,17,1.2,19
"2025-10-02 01:00:00",1184,41.38534,2.195543,45,210,308,0.61,310,0.61,1020.1,71,22.4,17,1.2,18.7
"2025-10-02 02:00:00",1185,41.3853,2.195601,52,23,121,0.1,123,0.1,1020.2,70,21.7,16.1,1.2,18
"2025-10-02 03:00:00",1186,41.3853,2.195693,42,22,120,2.47,122,2.47,1020.5,74,22,17.2,1.2,18.7
"2025-10-02 04:00:00",1187,41.38525,2.195534,34,20,118,2.05,120,2.04,1020.2,68,22.1,16,1.2,18
"2025-10-02 05:00:00",1188,41.3853,2.195626,34,220,318,0.68,320,0.68,1020.1,68,22,16,1.2,18
"2025-10-02 06:00:00",1189,41.3853,2.195035,35,106,204,0.16,206,0.16,1020.2,69,21.9,16,1.2,18
"2025-10-02 07:00:00",1190,41.38663,2.197155,20,185,294,0.41,296,0.45,1020.2,67,21.8,15.5,1.2,17.6
"2025-10-02 08:00:00",1191,41.38326,2.195328,318,143,244,0.48,246,0.54,1020.5,68,21.9,15.9,1.2,17.9
"2025-10-02 09:00:00",1192,41.3852,2.195715,3,96,200,0.08,202,0.06,1020.9,67,22,15.7,1.2,17.8
"2025-10-02 10:00:00",1193,41.3852,2.195708,0,10,108,0.92,110,0.92,1021.4,63,22.5,15.1,1.2,17.7
"2025-10-02 11:00:00",1194,41.38506,2.195616,25,32,130,0.98,132,0.98,1021.5,55,23.3,13.9,1.2,17.3
"2025-10-02 12:00:00",1195,41.38525,2.195816,0,44,142,1.75,144,1.75,1021.7,55,23.2,13.8,1.2,17.2
"2025-10-02 13:00:00",1196,41.3854,2.195575,22,12,110,1.02,112,1.02,1021.6,55,22.5,13.2,1.2,16.6
"2025-10-02 14:00:00",1197,41.385,2.196036,80,21,119,2.05,121,2.05,1021.1,57,22.4,13.7,1.2,16.9
"2025-10-02 15:00:00",1198,41.3853,2.196348,81,3,97,1.24,99,1.67,1020.4,61,22.4,14.7,1.2,17.4
"2025-10-02 16:00:00",1199,41.3852,2.195601,50,12,111,2.39,113,2.34,1020.1,63,21.9,14.8,1.2,17.2
"2025-10-02 17:00:00",1200,41.38534,2.19555,42,35,133,1.77,135,1.77,1019.9,64,21.8,14.7,1.2,17.2
"2025-10-02 18:00:00",1201,41.38514,2.195515,53,26,124,2.4,126,2.4,1019.8,66,21.6,15.1,1.2,17.3
"2025-10-02 19:00:00",1202,41.38498,2.19575,60,12,109,0.89,111,0.87,1020.2,67,21.6,15.3,1.2,17.4
"2026-02-04 02:15:00",1861,41.38586,2.19591,-43,215,348,0.33,350,0.29,997.7,70,10.7,5.5,1.2,7.6
"2026-02-04 02:30:00",1862,41.38678,2.195056,-52,241,343,0.58,345,0.26,997.5,71,10.6,5.6,1.2,7.6
"2026-02-04 02:45:00",1863,41.38851,2.192321,-32,269,106,0.85,108,0.43,997.2,72,10.1,5.5,1.2,7.4
"2026-02-04 03:00:00",1864,41.40136,2.174338,-38,214,123,1.23,125,0.46,997,74,9.9,5.5,1.2,7.2
"2026-02-04 03:15:00",1865,100,1000,7999,218,316,1000,"NAN",0.43,997,74,9.8,5.5,1.2,7.2
"2026-02-04 03:30:00",1866,100,1000,7999,218,316,1000,"NAN",0.27,996.8,74,9.7,5.2,1.2,7
"2026-02-04 03:45:00",1867,100,1000,7999,246,344,1000,"NAN",0.72,996.6,74,9.5,5.2,1.2,6.9
"2026-02-04 04:00:00",1868,100,1000,7999,231,329,1000,"NAN",0.77,996.5,75,9.3,5.1,1.2,6.8
"2026-02-04 04:15:00",1869,41.3853,2.195618,41,220,293,0.63,295,0.43,996.2,75,9.2,5,1.2,6.7
"2026-02-04 04:30:00",1870,41.3853,2.195604,-17,189,287,1,289,1,996,75,9,4.9,1.2,6.6
"2026-02-04 04:45:00",1871,41.38525,2.195711,-27,243,341,0.6,343,0.6,995.6,75,9,4.8,1.2,6.5
"2026-02-04 05:00:00",1872,41.38535,2.195788,-15,194,292,1.23,294,1.23,995.3,74,8.8,4.5,1.2,6.3
"2026-02-04 05:15:00",1873,41.38527,2.19566,12,237,335,1.23,337,1.23,994.8,73,8.9,4.4,1.2,6.3
"2026-02-04 05:30:00",1874,41.38524,2.195623,18,160,258,1.15,260,1.15,994.5,73,8.8,4.2,1.2,6.1
"2026-02-04 05:45:00",1875,41.38522,2.195616,20,245,343,1.05,345,1.05,994.5,73,8.8,4.3,1.2,6.2
"2026-02-04 06:00:00",1876,41.38521,2.195591,23,244,342,0.62,344,0.62,994.1,72,8.9,4.3,1.2,6.2
"2026-02-04 06:15:00",1877,41.38521,2.195616,24,236,334,0.64,336,0.64,993.8,73,9,4.5,1.2,6.3
"2026-02-04 06:30:00",1878,41.38517,2.19565,30,227,325,0.55,327,0.55,993.8,72,9,4.4,1.2,6.3
"2026-02-04 06:45:00",1879,41.38527,2.19574,56,239,337,0.72,339,0.72,993.5,72,9,4.4,1.2,6.3
"2026-02-04 07:00:00",1880,41.3853,2.195725,57,230,328,0.61,330,0.61,993.3,73,9.2,4.7,1.2,6.6
"2026-02-04 07:15:00",1881,41.3853,2.195765,60,223,321,1.12,323,1.12,993,73,9.1,4.6,1.2,6.5
"2026-02-04 07:30:00",1882,41.38529,2.195731,54,155,253,0.78,255,0.78,992.9,73,9,4.6,1.2,6.4
"2026-02-04 07:45:00",1883,41.38534,2.195738,43,218,316,0.93,318,0.93,992.8,74,9.2,4.9,1.2,6.6
"2026-02-04 08:00:00",1884,41.38527,2.19565,46,213,311,0.86,313,0.86,992.7,76,9.3,5.4,1.2,6.9
"2026-02-04 08:15:00",1885,41.38528,2.19562,15,251,349,0.91,351,0.91,992.7,77,9.3,5.5,1.2,7
"2026-02-04 08:30:00",1886,41.38524,2.195688,18,236,334,0.39,336,0.39,992.7,77,9.4,5.6,1.2,7.1
"2026-02-04 08:45:00",1887,41.38525,2.195625,37,203,301,0.19,303,0.19,992.6,76,9.6,5.8,1.2,7.3
"2026-02-04 09:00:00",1888,41.3852,2.195733,40,184,282,0.07,284,0.07,992.5,77,9.9,6,1.2,7.5
"2026-02-04 09:15:00",1889,41.38517,2.195528,19,236,334,0.27,336,0.27,992.7,77,10.1,6.2,1.2,7.7
"2026-02-04 09:30:00",1890,41.38521,2.195558,22,229,327,0.45,329,0.45,992.6,76,10.1,6.2,1.2,7.7
"2026-02-04 09:45:00",1891,41.38512,2.195571,37,256,354,0.09,356,0.09,992.6,77,10.6,6.9,1.2,8.3
"2026-02-04 10:00:00",1892,41.38486,2.1964,30,221,318,0.51,320,0.51,992.4,78,10.8,7.2,1.2,8.6
"2026-02-04 10:15:00",1893,41.38458,2.195525,29,213,285,0.52,287,0.53,992.4,78,10.8,7.3,1.2,8.6
"2026-02-04 10:30:00",1894,100,1000,7999,233,331,1000,"NAN",0.19,992.3,78,10.9,7.3,1.2,8.7
"2026-02-04 10:45:00",1895,100,1000,7999,200,297,1000,"NAN",0.04,992.2,76,11.2,7.2,1.2,8.7
"2026-02-04 11:00:00",1896,100,1000,7999,325,62,1000,"NAN",0.08,992,75,11.3,7.1,1.2,8.7
"2026-02-04 11:15:00",1897,100,1000,7999,199,296,1000,"NAN",0.83,992,74,11.5,7.1,1.2,8.8
"2026-02-04 11:30:00",1898,41.38522,2.195665,36,312,51,0.13,52.95,0.13,991.9,73,11.7,7.1,1.2,8.9
"2026-02-04 11:45:00",1899,41.38521,2.195696,39,234,7,0.55,8.95,0.45,991.8,72,11.5,6.7,1.2,8.6
"2026-02-04 12:00:00",1900,41.38519,2.195668,40,137,304,0.4,306,0.4,991.7,71,11.6,6.7,1.2,8.7
"2026-02-04 12:15:00",1901,41.38509,2.195653,44,129,296,0.07,298,0.07,991.5,71,11.9,6.8,1.2,8.8
"2026-02-04 12:30:00",1902,41.38506,2.195671,39,183,351,0.39,353,0.39,991.5,68,12.1,6.6,1.2,8.8
"2026-02-04 12:45:00",1903,41.38524,2.195758,26,307,112,0.65,114,0.65,991.5,69,12.2,6.8,1.2,9
"2026-02-04 13:00:00",1904,41.38517,2.195711,32,318,99,1.02,101,1.02,991.4,71,11.9,7,1.2,8.9
"2026-02-04 13:15:00",1905,41.38515,2.195703,30,326,107,1.12,109,1.12,991.3,73,11.9,7.2,1.2,9
"2026-02-04 13:30:00",1906,41.38511,2.195788,38,335,84,0.4,86,0.58,991.2,72,11.9,7.1,1.2,9
"2026-02-04 13:45:00",1907,41.38529,2.195721,50,195,333,0.33,335,0.33,990.9,70,12.3,7,1.2,9.1
"2026-02-04 14:00:00",1908,41.3853,2.19575,42,159,297,0.48,299,0.48,990.8,68,12.4,6.8,1.2,9.1
"2026-02-04 14:15:00",1909,41.38527,2.19569,31,204,342,0.12,344,0.12,990.5,68,12.6,6.9,1.2,9.2
"2026-02-04 14:30:00",1910,41.3852,2.19565,30,314,83,0.7,85,0.71,990.2,68,12.6,7,1.2,9.2
"2026-02-04 14:45:00",1911,41.38512,2.195538,35,323,101,0.92,103,0.92,990.1,68,12.7,6.9,1.2,9.3
"2026-02-04 15:00:00",1912,41.38522,2.195598,27,182,320,0.67,322,0.67,990.1,70,12.6,7.3,1.2,9.4
"2026-02-04 15:15:00",1913,41.38527,2.195661,30,305,83,0.09,85,0.09,990.1,68,12.8,7.1,1.2,9.4
"2026-02-04 15:30:00",1914,41.38524,2.195626,28,143,281,0.07,283,0.07,990,67,13.2,7.3,1.2,9.7
"2026-02-04 15:45:00",1915,41.38534,2.195658,30,6,144,0.25,146,0.25,990.2,68,13.3,7.7,1.2,9.9
"2026-02-04 16:00:00",1916,41.38534,2.19579,34,25,163,0.18,165,0.18,990.3,66,13.2,7,1.2,9.5
"2026-02-04 16:15:00",1917,41.38524,2.195636,33,342,120,0.94,122,0.94,990.3,65,13.3,7,1.2,9.6
"2026-02-04 16:30:00",1918,41.38509,2.195708,41,243,25,0.62,26.95,0.34,990,65,13.4,7.1,1.2,9.7
"2026-02-04 16:45:00",1919,41.3852,2.195463,45,197,335,0.21,337,0.21,989.9,65,13.5,7.2,1.2,9.8
"2026-02-04 17:00:00",1920,41.38522,2.195529,45,178,316,0.4,318,0.4,990,65,13.8,7.4,1.2,10
"2026-02-04 17:15:00",1921,41.38525,2.195588,48,31,169,0.17,171,0.17,990,60,13.9,6.2,1.2,9.5
"2026-02-04 17:30:00",1922,41.38526,2.195598,47,328,106,0.34,108,0.34,990.1,59,14,6.3,1.2,9.6
"2026-02-04 17:45:00",1923,41.38527,2.195567,45,357,135,0.48,137,0.48,990.2,57,14.1,5.8,1.2,9.4
"2026-02-04 18:00:00",1924,41.38526,2.195703,42,313,91,0.41,93,0.41,990.2,56,14.2,5.7,1.2,9.4
"2026-02-04 18:15:00",1925,41.3853,2.19567,44,246,24,0.24,25.95,0.24,990.3,57,14.1,5.8,1.2,9.4
"2026-02-04 18:30:00",1926,41.38531,2.195681,43,195,333,0.59,335,0.59,990.4,57,14,5.7,1.2,9.3
"2026-02-04 18:45:00",1927,41.3853,2.195726,36,155,294,0.25,296,0.25,990.6,57,14,5.7,1.2,9.3
"2026-02-04 19:00:00",1928,41.38522,2.195836,42,284,62,0.29,63.95,0.29,990.7,57,13.9,5.5,1.2,9.2
"2026-02-05 09:00:00",1984,41.38515,2.195713,26,31,128,1.68,130,1.68,992,72,13.3,8.4,1.2,10.3
"2026-02-05 09:15:00",1985,41.38534,2.195632,25,213,310,0.39,312,0.39,992.5,68,13.1,7.5,1.2,9.7
"2026-02-05 09:30:00",1986,41.38504,2.195594,46,213,297,0.3,299,0.38,992.9,67,13.1,7.2,1.2,9.6
"2026-02-05 09:45:00",1987,41.38519,2.195521,30,254,351,0.15,353,0.15,992.9,67,13.2,7.2,1.2,9.6
"2026-02-05 10:00:00",1988,41.38533,2.19575,26,188,285,0.1,287,0.1,992.6,67,13.2,7.4,1.2,9.7
"2026-02-05 10:15:00",1989,41.38468,2.196905,27,189,236,0.27,238,0.21,992.4,68,13.4,7.6,1.2,9.9
"2026-02-05 10:30:00",1990,100,1000,7999,257,354,1000,"NAN",0.35,992.3,72,13.4,8.5,1.2,10.4
"2026-02-05 10:45:00",1991,100,1000,7999,21,118,1000,"NAN",0.19,992.2,73,13.4,8.7,1.2,10.5
"2026-02-05 11:00:00",1992,100,1000,7999,209,306,1000,"NAN",0.91,992.3,76,12.9,8.8,1.2,10.3
"2026-02-05 11:15:00",1993,41.3853,2.1957,45,212,309,0.57,311,0.57,992.5,79,12.8,9.3,1.2,10.6
"2026-02-05 11:30:00",1994,41.38521,2.195788,44,201,298,0.37,300,0.37,992.1,80,12.6,9.4,1.2,10.5
"2026-02-05 11:45:00",1995,41.38531,2.195733,28,215,312,0.19,314,0.19,991.9,81,12.6,9.6,1.2,10.6
"2026-02-05 12:00:00",1996,41.38533,2.195706,30,149,246,0.19,248,0.19,992.1,82,12.8,9.8,1.2,10.8
"2026-02-05 12:15:00",1997,41.38535,2.195683,32,207,304,0.39,306,0.39,991.9,81,12.9,9.8,1.2,10.8
"2026-02-05 12:30:00",1998,41.3853,2.195661,35,190,287,0.28,289,0.28,991.4,80,13,9.7,1.2,10.8
"2026-02-05 12:45:00",1999,41.38527,2.195666,35,35,132,0.17,134,0.17,991.2,81,13,9.9,1.2,10.9
"2026-02-05 13:00:00",2000,41.38522,2.195738,35,76,173,0.24,175,0.24,991,81,13.1,10,1.2,11.1
"2026-02-05 13:15:00",2001,41.38499,2.195705,36,92,189,0.07,191,0.07,990.5,80,13.3,10.1,1.2,11.2
"2026-02-05 13:30:00",2002,41.38503,2.195925,50,263,359,0.07,0.95,0.07,989.9,80,13.5,10.2,1.2,11.4
"2026-02-05 13:45:00",2003,41.38525,2.195668,32,355,92,0.39,94,0.39,989.8,82,13.6,10.6,1.2,11.6
"2026-02-05 14:00:00",2004,41.38525,2.195599,37,39,136,0.12,138,0.12,988.8,82,13.5,10.6,1.2,11.6
"2026-02-05 14:15:00",2005,41.38527,2.195638,31,21,118,0.26,120,0.26,988.5,83,13.3,10.6,1.2,11.5
"2026-02-05 14:30:00",2006,41.38526,2.195632,32,354,91,0.48,93,0.48,988.2,83,13.1,10.4,1.2,11.3
"2026-02-05 14:45:00",2007,41.3852,2.19559,29,10,107,1.02,109,1.02,987.9,84,13.1,10.5,1.2,11.4
"2026-02-05 15:00:00",2008,41.38533,2.195598,33,256,353,0.21,355,0.21,987.9,85,13.1,10.6,1.2,11.4
"2026-02-05 15:15:00",2009,41.38526,2.195608,38,28,125,1.37,127,1.37,987.2,86,13.2,11,1.2,11.7
"2026-02-05 15:30:00",2010,41.3853,2.19566,34,207,304,0.61,306,0.61,987.7,87,13.2,11.2,1.2,11.9
"2026-02-05 15:45:00",2011,41.38526,2.195678,29,1,98,1.37,100,1.37,987.1,88,13.6,11.8,1.2,12.4
"2026-02-05 16:00:00",2012,41.3852,2.19565,35,267,4,0.2,5.95,0.2,986.4,89,13.6,11.9,1.2,12.4
"2026-02-05 16:15:00",2013,41.38517,2.19566,35,10,107,1.07,109,1.07,986.3,89,13.8,12,1.2,12.5
"2026-02-05 16:30:00",2014,41.38527,2.195594,32,195,292,0.53,294,0.53,986.4,89,13.9,12.1,1.2,12.7
"2026-02-05 16:45:00",2015,41.38521,2.195468,36,349,86,0.4,88,0.4,986.5,88,14.4,12.5,1.2,13.1
"2026-02-05 17:00:00",2016,41.38524,2.195521,40,231,328,0.75,330,0.75,986.1,86,14.7,12.4,1.2,13.1
"2026-02-05 17:15:00",2017,41.38522,2.195545,43,326,63,0.69,64.95,0.69,985.9,84,15,12.5,1.2,13.3
"2026-02-05 17:30:00",2018,41.38521,2.19557,40,197,294,0.53,296,0.53,985.8,84,15.2,12.5,1.2,13.4
"2026-02-05 17:45:00",2019,41.38524,2.195598,39,215,312,0.49,314,0.49,985.6,83,15.4,12.6,1.2,13.5
"2026-02-05 18:00:00",2020,41.38528,2.195608,38,185,282,0.23,284,0.23,986,82,15.5,12.6,1.2,13.5
"2026-02-05 18:15:00",2021,41.3853,2.19566,38,227,324,0.86,326,0.86,986.3,82,15.5,12.6,1.2,13.5
"2026-02-05 18:30:00",2022,41.3853,2.195646,39,209,306,0.3,308,0.3,986.4,83,15.5,12.6,1.2,13.6
"2026-02-05 18:45:00",2023,41.3853,2.195613,31,268,5,0.33,6.95,0.33,986.2,82,15.5,12.6,1.2,13.5
"2026-02-05 19:00:00",2024,41.3853,2.195575,27,226,323,0.24,325,0.24,986.1,82,15.5,12.5,1.2,13.5
"2026-02-05 19:15:00",2025,41.3853,2.195651,30,137,234,0.64,236,0.64,986.5,82,15.2,12.3,1.2,13.2
"2026-02-05 19:30:00",2026,41.3852,2.195728,28,181,278,0.22,280,0.22,986.9,80,15.1,11.7,1.2,12.9
"2026-02-05 19:45:00",2027,41.38521,2.195701,30,325,62,0.11,63.95,0.11,987.6,78,15.1,11.3,1.2,12.6
"2026-02-05 20:00:00",2028,41.38527,2.195611,30,196,293,0.61,295,0.61,987.8,63,15.6,8.7,1.2,11.4
"2026-02-05 20:15:00",2029,41.38524,2.195613,32,303,40,0.71,41.95,0.71,987.9,56,16.3,7.8,1.2,11.4
"2026-02-05 20:30:00",2030,41.38517,2.19559,29,18,115,1.17,117,1.17,988,54,16.7,7.6,1.2,11.4
"2026-02-05 20:45:00",2031,100,1000,7999,233,330,1000,"NAN",0.12,988.2,53,16.8,7.2,1.2,11.3
"2026-02-05 21:00:00",2032,41.38538,2.195775,50,3,93,1.09,95,1,988.2,54,16.7,7.4,1.2,11.4
"2026-02-05 21:15:00",2033,41.3852,2.195701,8,172,265,1.26,267,1.1,988.5,55,16.5,7.5,1.2,11.3
"2026-02-05 21:30:00",2034,41.38509,2.195628,14,215,315,0.94,317,0.94,988.6,54,16.5,7.3,1.2,11.2
"2026-02-05 21:45:00",2035,41.385,2.195136,114,238,331,1.65,333,1.67,988.4,55,16.3,7.3,1.2,11.1
"2026-02-05 22:00:00",2036,41.38529,2.195857,3,218,313,1.47,315,1.52,988.6,55,16.2,7.2,1.2,11
"2026-02-05 22:15:00",2037,41.38524,2.195538,-23,221,331,0.37,333,0.4,988.8,55,16.2,7.2,1.2,11
"2026-02-05 22:30:00",2038,41.38538,2.195594,28,141,231,0.81,233,0.87,989.1,52,16.3,6.7,1.2,10.9
"2026-02-05 22:45:00",2039,41.38524,2.195878,32,12,116,0.47,118,0.45,989.3,53,16.4,6.9,1.2,11
"2026-02-05 23:00:00",2040,41.38528,2.196231,28,234,352,0.29,354,0.8,989.6,52,16.4,6.8,1.2,11
"2026-02-05 23:15:00",2041,41.38469,2.19743,24,218,308,0.49,310,0.37,989.9,53,16.4,6.9,1.2,11
"2026-02-05 23:30:00",2042,100,1000,7999,343,80,1000,"NAN",0.4,990,53,16.3,6.8,1.2,10.9
"2026-02-05 23:45:00",2043,100,1000,7999,11,108,1000,"NAN",0.34,990.3,54,16.2,7.1,1.2,11
"2026-02-06 00:00:00",2044,100,1000,7999,49,146,1000,"NAN",0.48,990.3,55,15.9,7,1.2,10.8
"2026-02-06 00:15:00",2045,41.38515,2.195598,29,356,87,0.65,89,0.26,990.3,56,15.7,7,1.2,10.7
"2026-02-06 00:30:00",2046,41.38521,2.195641,29,37,131,0.54,133,0.58,990.5,56,15.6,7.1,1.2,10.7
"2026-02-06 00:45:00",2047,41.38572,2.196423,29,351,225,1.75,227,0.1,990.7,56,15.7,7.1,1.2,10.7
"2026-02-06 01:00:00",2048,41.38524,2.19573,20,258,24,0.12,25.95,0.11,990.9,58,15.6,7.4,1.2,10.8
"2026-02-06 01:15:00",2049,41.38603,2.19292,29,85,118,2.67,120,0.19,990.9,58,15.5,7.3,1.2,10.7
"2026-02-06 01:30:00",2050,41.38599,2.193948,29,15,353,0.09,355,0.25,991,59,15.2,7.3,1.2,10.6
"2026-02-06 03:30:00",2058,100,1000,7999,289,26,1000,"NAN",0.46,992.4,54,15.5,6.4,1.2,10.3
"2026-02-06 03:45:00",2059,100,1000,7999,257,354,1000,"NAN",0.3,992.6,55,15.3,6.5,1.2,10.3
"2026-02-06 04:00:00",2060,41.38544,2.195608,51,13,110,0.3,112,0.3,992.8,56,15.1,6.4,1.2,10.2
"2026-02-06 04:15:00",2061,41.38538,2.195668,57,33,130,1.23,132,1.23,993.1,56,15,6.5,1.2,10.1
"2026-02-06 04:30:00",2062,41.38522,2.195599,39,41,138,0.55,140,0.55,993.5,56,14.9,6.5,1.2,10.1
"2026-02-06 04:45:00",2063,41.38515,2.195604,31,3,100,0.58,102,0.58,993.4,57,14.8,6.5,1.2,10.1
"2026-02-06 05:00:00",2064,41.38517,2.19571,49,35,133,0.63,135,0.64,993.4,57,14.7,6.4,1.2,10
"2026-02-06 05:15:00",2065,41.38522,2.195673,37,102,199,0.36,201,0.36,993.7,57,14.7,6.4,1.2,10
"2026-02-06 05:30:00",2066,41.38517,2.195653,33,316,53,0.09,54.95,0.09,994.4,58,14.7,6.5,1.2,10
"2026-02-06 05:45:00",2067,41.38521,2.195646,30,50,147,0.86,149,0.86,994.5,57,14.7,6.3,1.2,9.9
"2026-02-06 06:00:00",2068,41.3853,2.195491,33,46,143,0.14,145,0.14,994.9,57,14.6,6.4,1.2,9.9
"2026-02-06 06:15:00",2069,41.38521,2.195613,32,33,130,0.38,132,0.38,995.2,57,14.6,6.4,1.2,9.9
"2026-02-06 06:30:00",2070,41.38528,2.195603,34,59,156,0.4,158,0.4,995.3,57,14.7,6.2,1.2,9.9
"2026-02-06 06:45:00",2071,41.38538,2.195758,72,27,124,0.95,126,0.95,995.4,56,14.8,6.3,1.2,10
"2026-02-06 07:00:00",2072,41.38531,2.195765,74,279,16,0.58,17.95,0.58,995.6,56,14.8,6.2,1.2,10
"2026-02-06 07:15:00",2073,41.38521,2.195688,75,18,115,0.13,117,0.13,995.7,57,14.7,6.3,1.2,9.9
"2026-02-06 07:30:00",2074,41.3853,2.195643,67,359,96,0.59,98,0.59,995.9,58,14.5,6.5,1.2,9.9
"2026-02-06 07:45:00",2075,41.38537,2.195583,64,62,159,0.08,161,0.08,996.3,59,14.4,6.6,1.2,9.9
"2026-02-06 08:00:00",2076,41.38527,2.195746,37,24,122,1,124,1,996.3,59,14.3,6.4,1.2,9.8
"2026-02-06 08:15:00",2077,41.38524,2.195623,29,334,71,0.12,72.95,0.12,996.5,60,14.2,6.5,1.2,9.8
"2026-02-06 08:30:00",2078,41.38522,2.195638,32,48,145,0.7,147,0.7,996.9,59,14.2,6.4,1.2,9.7
"2026-02-06 08:45:00",2079,41.3852,2.195628,35,311,48,0.05,49.95,0.05,996.9,60,14,6.4,1.2,9.7
"2026-02-06 09:00:00",2080,41.38522,2.195626,37,265,2,0.17,3.95,0.17,997.1,60,14.1,6.4,1.2,9.7
"2026-02-06 09:15:00",2081,41.3853,2.195616,42,56,153,0.19,155,0.19,997.6,60,14.2,6.5,1.2,9.8
"2026-02-06 09:30:00",2082,41.38517,2.195648,41,18,115,0.5,117,0.5,998,60,14.1,6.6,1.2,9.8
"2026-02-06 09:45:00",2083,41.38512,2.195586,40,280,353,0.66,355,0.08,998,59,14.4,6.6,1.2,9.9
"2026-02-06 10:00:00",2084,41.38512,2.195621,45,328,65,0.37,66.95,0.37,998.3,58,14.5,6.4,1.2,9.9
"2026-02-06 10:15:00",2085,41.38509,2.195978,49,39,136,0.47,138,0.47,998.5,57,14.7,6.4,1.2,10
"2026-02-06 10:30:00",2086,41.38509,2.195851,53,135,232,0.18,234,0.18,998.6,56,15,6.5,1.2,10.1
"2026-02-06 10:45:00",2087,41.38293,2.200233,40,223,292,0.72,294,0.9,998.8,55,15.2,6.4,1.2,10.2
"2026-02-06 11:00:00",2088,100,1000,7999,258,355,1000,"NAN",0.66,998.9,53,15.7,6.3,1.2,10.4
"2026-02-06 11:15:00",2089,100,1000,7999,33,130,1000,"NAN",0.34,999.1,51,16.5,6.6,1.2,10.9
"2026-02-06 11:30:00",2090,100,1000,7999,137,235,1000,"NAN",0.25,999.3,50,16.9,6.5,1.2,11.1
"2026-02-06 11:45:00",2091,100,1000,7999,8,105,1000,"NAN",0.65,999.3,50,17,6.5,1.2,11.1
"2026-02-06 12:00:00",2092,41.38507,2.195633,24,351,45,0.94,46.95,0.36,999.5,49,17.1,6.5,1.2,11.2
"2026-02-06 12:15:00",2093,41.38506,2.195611,57,265,1,0.53,2.95,0.51,999.5,48,17,6.1,1.2,10.9
"2026-02-06 12:30:00",2094,41.38536,2.195678,61,194,280,1.12,282,1.02,999.6,49,16.8,6.1,1.2,10.9
"2026-02-06 12:45:00",2095,41.38517,2.195741,40,349,93,0.29,95,0.32,999.6,50,16.9,6.4,1.2,11
"2026-02-06 13:00:00",2096,41.38501,2.1957,42,183,277,0.8,279,0.7,999.7,48,17.1,6.2,1.2,11
"2026-02-06 13:15:00",2097,41.38498,2.195815,42,14,111,1.11,113,1.11,999.6,49,17.5,6.6,1.2,11.4
"2026-02-06 13:30:00",2098,41.38517,2.195778,42,9,106,0.63,108,0.63,999.6,47,17.5,6.2,1.2,11.2
"2026-02-06 13:45:00",2099,41.38527,2.195666,41,359,96,0.87,98,0.87,999.5,47,17.5,6.3,1.2,11.2
"2026-02-06 14:00:00",2100,41.38528,2.195646,39,63,160,0.45,162,0.45,999.4,46,17.6,6.1,1.2,11.2
"2026-02-06 14:15:00",2101,41.3853,2.195616,38,21,118,0.87,120,0.87,999.4,46,17.5,5.8,1.2,11.1
"2026-02-06 14:30:00",2102,41.38525,2.195663,35,194,291,1.17,293,1.17,999.4,45,17.7,5.6,1.2,11.1
"2026-02-06 14:45:00",2103,41.38524,2.195594,30,327,64,0.49,65.95,0.49,999.2,45,17.8,5.8,1.2,11.2
"2026-02-06 15:00:00",2104,41.38531,2.195645,32,16,113,0.12,115,0.12,999.2,45,17.8,5.7,1.2,11.2
"2026-02-06 15:15:00",2105,41.38526,2.195601,38,28,125,0.15,127,0.15,999.2,45,17.9,5.9,1.2,11.3
"2026-02-06 15:30:00",2106,41.38539,2.195698,37,277,14,0.06,15.95,0.06,999.2,45,17.9,5.9,1.2,11.3
"2026-02-06 15:45:00",2107,41.38538,2.195648,28,314,51,0.13,52.95,0.13,999.2,44,17.9,5.7,1.2,11.2
"2026-02-06 16:00:00",2108,41.38525,2.195758,34,173,270,0.14,272,0.14,999.3,47,18.1,6.8,1.2,11.7
"2026-02-06 16:15:00",2109,41.38522,2.195711,44,25,122,0.49,124,0.49,999.2,47,18,6.7,1.2,11.7
"2026-02-06 16:30:00",2110,41.3853,2.195636,35,281,18,0.07,19.95,0.07,999.3,48,17.6,6.7,1.2,11.5
"2026-02-06 16:45:00",2111,41.38527,2.195468,45,206,303,0.89,305,0.89,999.5,47,17.7,6.4,1.2,11.4
"2026-02-06 17:00:00",2112,41.38527,2.195516,48,187,284,1.86,286,1.86,999.4,44,17.7,5.6,1.2,11.1
"2026-02-06 17:15:00",2113,41.38526,2.195551,51,358,95,0.31,97,0.31,999.5,44,17.8,5.5,1.2,11.1
"2026-02-06 17:30:00",2114,41.38536,2.195525,48,261,358,0.08,360,0.08,999.7,45,17.8,6,1.2,11.3
"2026-02-06 17:45:00",2115,41.38528,2.195461,49,106,203,0.19,205,0.19,999.8,45,17.6,5.7,1.2,11.1
"2026-02-06 18:00:00",2116,41.39035,2.21022,44,209,57,6.61,58.95,0.23,999.9,47,17.6,6.1,1.2,11.2
"2026-02-06 18:15:00",2117,41.38514,2.194996,56,198,295,0.68,297,0.68,999.9,54,16.9,7.6,1.2,11.5
"2026-02-06 18:30:00",2118,41.38538,2.195804,15,187,284,1.41,286,1.41,1000,61,16.6,9.2,1.2,12.2
"2026-02-06 18:45:00",2119,41.38546,2.195845,-24,17,114,0.18,116,0.18,1000,61,16.5,9,1.2,12
"2026-02-06 19:00:00",2120,41.38553,2.195912,-28,222,319,0.33,321,0.33,999.9,61,16.5,8.9,1.2,12
"2026-02-06 19:15:00",2121,41.38589,2.19484,-70,112,123,0.5,125,0.25,1000,61,16.2,8.7,1.2,11.7
"2026-02-06 19:30:00",2122,41.38601,2.194428,-38,179,276,0.21,278,0.21,1000.1,61,16.1,8.7,1.2,11.7
"2026-02-06 19:45:00",2123,41.38787,2.188038,53,279,110,8.73,112,0.09,1000.2,61,16.1,8.5,1.2,11.6
"2026-02-06 20:00:00",2124,41.38517,2.195778,55,230,327,0.15,329,0.15,1000.1,61,16,8.6,1.2,11.6
"2026-02-06 20:15:00",2125,41.38576,2.193473,45,52,149,0.14,151,0.14,1000.2,61,15.9,8.5,1.2,11.5
"2026-02-06 20:30:00",2126,41.3853,2.1953,53,156,253,0.25,255,0.25,1000.2,61,15.7,8.3,1.2,11.3
"2026-02-06 20:45:00",2127,41.38504,2.195265,51,132,229,0.05,231,0.05,1000.2,60,15.7,8.2,1.2,11.3
"2026-02-06 21:00:00",2128,41.38535,2.195621,53,232,350,1.07,352,0.76,1000.4,59,15.6,7.7,1.2,11
"2026-02-06 21:15:00",2129,41.38512,2.195813,52,200,297,0.47,299,0.47,1000.6,57,15.4,7.2,1.2,10.7
"2026-02-06 21:30:00",2130,41.38521,2.19566,50,216,10,0.58,11.95,0.46,1000.4,58,15.3,7.2,1.2,10.6
"2026-02-06 21:45:00",2131,41.38488,2.195465,52,36,126,0.42,128,0.39,1000.3,58,15.3,7.3,1.2,10.6
"2026-02-06 22:00:00",2132,100,1000,7999,274,11,1000,"NAN",0.03,1000.2,58,15.1,7.1,1.2,10.5
"2026-02-06 22:15:00",2133,41.38509,2.195568,-9,69,141,0.19,143,0.08,1000.2,59,15.1,7.2,1.2,10.5
"2026-02-06 22:30:00",2134,41.38567,2.195628,64,255,310,0.64,312,0.22,1000.2,60,15.1,7.5,1.2,10.6
"2026-02-06 22:45:00",2135,41.38545,2.19565,65,258,355,0.13,357,0.13,1000.3,61,15,7.7,1.2,10.7
"2026-02-06 23:00:00",2136,41.38544,2.19567,72,220,317,0.24,319,0.24,1000.3,62,14.8,7.6,1.2,10.5
"2026-02-06 23:15:00",2137,41.38538,2.195738,74,201,298,0.23,300,0.23,1000.2,60,14.7,7.2,1.2,10.4
"2026-02-06 23:30:00",2138,41.3853,2.195753,73,44,141,0.42,143,0.42,1000.2,60,14.9,7.4,1.2,10.5
"2026-02-06 23:45:00",2139,41.38498,2.195407,72,41,138,0.25,140,0.25,1000.1,59,14.7,6.8,1.2,10.1
"2026-02-07 00:00:00",2140,41.38442,2.194951,117,186,283,0.15,285,0.15,1000,57,14.7,6.3,1.2,9.9
"2026-02-07 00:15:00",2141,41.38474,2.195004,80,150,247,0.39,249,0.39,1000,56,14.8,6.3,1.2,9.9
"2026-02-07 00:30:00",2142,41.38486,2.195191,72,67,164,0.52,166,0.52,1000.3,53,14.9,5.5,1.2,9.7
"2026-02-07 00:45:00",2143,41.38503,2.195565,52,24,121,0.84,123,0.84,1000.3,62,14.8,7.8,1.2,10.7
"2026-02-07 01:00:00",2144,41.38515,2.195666,24,347,84,0.59,86,0.59,1000.3,63,14.4,7.6,1.2,10.4
"2026-02-07 01:15:00",2145,41.38514,2.195705,26,308,45,0.01,46.95,0.01,1000.3,56,14.7,6.1,1.2,9.8
"2026-02-07 01:30:00",2146,41.38517,2.195634,26,186,283,0.03,285,0.03,1000.4,54,14.7,5.7,1.2,9.6
"2026-02-07 01:45:00",2147,41.38524,2.195736,27,49,146,0.27,148,0.27,1000.3,54,14.6,5.6,1.2,9.6
"2026-02-07 02:00:00",2148,41.38512,2.195623,31,42,139,0.41,141,0.41,1000.5,55,14.4,5.6,1.2,9.5
"2026-02-07 02:15:00",2149,41.38524,2.195703,40,151,248,0.36,250,0.36,1000.5,56,14.2,5.7,1.2,9.5
"2026-02-07 02:30:00",2150,41.38522,2.19573,41,168,265,0.3,267,0.3,1000.4,57,14.1,5.9,1.2,9.5
"2026-02-07 02:45:00",2151,41.38524,2.195731,40,45,142,0.43,144,0.43,1000.4,59,13.8,5.9,1.2,9.3
"2026-02-07 03:00:00",2152,41.3852,2.195783,38,352,89,0.41,91,0.41,1000.6,60,13.6,6,1.2,9.2
"2026-02-07 03:15:00",2153,41.3852,2.195796,42,252,349,0.71,351,0.71,1000.7,60,13.4,6,1.2,9.2
"2026-02-07 03:30:00",2154,41.38525,2.195653,50,8,105,0.37,107,0.37,1000.8,61,13.4,6.1,1.2,9.2
"2026-02-07 03:45:00",2155,41.3855,2.19575,77,204,301,0.22,303,0.22,1001.1,63,12.9,6.2,1.2,9
"2026-02-07 04:00:00",2156,41.38537,2.195695,68,35,132,1.07,134,1.07,1001.4,64,12.5,5.9,1.2,8.7
"2026-02-07 04:15:00",2157,41.38493,2.195715,59,200,297,1.15,299,1.15,1001.5,65,12.4,6,1.2,8.7
"2026-02-07 04:30:00",2158,41.38485,2.196091,81,275,8,1.19,9.95,1.24,1001.6,63,12.5,5.7,1.2,8.6
"2026-02-07 04:45:00",2159,41.38457,2.196475,162,218,281,1.41,283,0.96,1001.4,62,12.7,5.7,1.2,8.7
"2026-02-07 05:00:00",2160,41.38491,2.196011,104,247,344,0.97,346,0.97,1001.7,63,12.6,5.8,1.2,8.7
"2026-02-07 05:15:00",2161,41.38495,2.196043,91,185,282,0.42,284,0.42,1001.9,63,12.4,5.8,1.2,8.6
"2026-02-07 05:30:00",2162,41.38512,2.19602,80,257,354,0.61,356,0.61,1001.9,63,12.5,5.8,1.2,8.6
"2026-02-07 05:45:00",2163,41.38519,2.19599,70,207,304,0.58,306,0.58,1002,63,12.4,5.7,1.2,8.6
"2026-02-07 06:00:00",2164,41.38507,2.195895,64,182,279,0.84,281,0.84,1002.3,63,12.5,5.7,1.2,8.6
"2026-02-07 06:15:00",2165,41.38497,2.196215,58,354,92,0.61,94,0.61,1002.4,63,12.4,5.8,1.2,8.6
"2026-02-07 06:30:00",2166,41.38534,2.195985,66,344,81,0.09,83,0.09,1002.4,63,12.5,5.7,1.2,8.6
"2026-02-07 06:45:00",2167,41.38533,2.195848,69,223,320,0.67,322,0.67,1002.5,62,12.5,5.6,1.2,8.6
"2026-02-07 07:00:00",2168,41.38528,2.195803,68,7,104,0.65,106,0.65,1002.4,62,12.5,5.6,1.2,8.6
"2026-02-07 07:15:00",2169,41.38517,2.195745,28,49,160,0.23,162,0.21,1002.3,61,12.6,5.5,1.2,8.6
"2026-02-07 07:30:00",2170,41.38534,2.195675,36,169,266,0.67,268,0.67,1002.3,60,12.6,5.1,1.2,8.4
"2026-02-07 07:45:00",2171,41.38526,2.195488,50,192,289,0.2,291,0.2,1002.3,60,12.6,5.1,1.2,8.4
"2026-02-07 08:00:00",2172,41.38517,2.195571,37,241,338,0.32,340,0.32,1002.8,57,12.6,4.5,1.2,8.2
"2026-02-07 08:15:00",2173,41.38519,2.195701,17,3,100,0.88,102,0.88,1002.8,56,12.7,4.3,1.2,8.1
"2026-02-07 08:30:00",2174,41.38514,2.195693,17,11,108,0.66,110,0.66,1002.8,57,12.6,4.4,1.2,8.1
"2026-02-07 08:45:00",2175,41.38512,2.195643,17,342,79,0.43,81,0.43,1002.8,58,12.5,4.5,1.2,8.1
"2026-02-07 09:00:00",2176,41.38512,2.195626,14,45,142,0.8,144,0.8,1002.9,58,12.5,4.5,1.2,8.1
"2026-02-07 09:15:00",2177,41.38517,2.195653,14,180,277,0.39,279,0.39,1003,57,12.5,4.2,1.2,7.9
"2026-02-07 09:30:00",2178,41.38522,2.19554,4,115,219,0.61,221,0.7,1003,57,12.4,4.1,1.2,7.9
"2026-02-07 09:45:00",2179,41.38503,2.195685,-22,348,85,0.52,87,0.52,1003.3,57,12.2,3.9,1.2,7.7
"2026-02-07 10:00:00",2180,41.38503,2.195523,-36,343,80,2.18,82,2.18,1003.7,57,12.2,3.9,1.2,7.7
"2026-02-07 10:15:00",2181,41.38408,2.195086,7,15,42,3.7,43.95,1.68,1003.8,56,12.2,3.8,1.2,7.7
"2026-02-07 10:30:00",2182,41.37814,2.196931,4,5,122,1.36,124,1.32,1004.1,55,12.4,3.6,1.2,7.7
"2026-02-07 10:45:00",2183,100,1000,7999,207,304,1000,"NAN",0.35,1004.2,53,12.8,3.6,1.2,7.9
"2026-02-07 11:00:00",2184,100,1000,7999,18,115,1000,"NAN",0.93,1004.5,51,13.3,3.6,1.2,8.1
"2026-02-07 11:15:00",2185,100,1000,7999,349,86,1000,"NAN",1.2,1004.7,50,13.7,3.6,1.2,8.3
"2026-02-07 11:30:00",2186,41.38454,2.195196,-91,30,118,0.88,120,0.87,1005,49,14.1,3.6,1.2,8.5
"2026-02-07 11:45:00",2187,41.38507,2.19556,11,224,321,0.34,323,0.34,1005.2,48,14.4,3.8,1.2,8.8
"2026-02-07 12:00:00",2188,41.38515,2.19571,32,285,22,0.71,23.95,0.71,1005.5,48,14.5,3.8,1.2,8.8
"2026-02-07 12:15:00",2189,41.38512,2.195661,45,88,182,0.22,184,0.21,1005.7,47,14.6,3.7,1.2,8.8
"2026-02-07 12:30:00",2190,41.38497,2.195703,63,154,251,0.43,253,0.43,1005.9,47,14.6,3.5,1.2,8.7
"2026-02-07 12:45:00",2191,41.38515,2.195731,43,220,317,0.4,319,0.4,1006.1,46,14.7,3.4,1.2,8.8
"2026-02-07 13:00:00",2192,41.3849,2.19566,35,27,124,1.77,126,1.79,1006,45,14.7,3.1,1.2,8.7
"2026-02-07 13:15:00",2193,41.38491,2.195816,60,281,18,0.53,19.95,0.53,1006,45,14.7,2.9,1.2,8.6
"2026-02-07 13:30:00",2194,41.38536,2.195646,45,348,85,0.73,87,0.73,1006.1,45,15,3.2,1.2,8.8
"2026-02-07 13:45:00",2195,41.3854,2.195623,47,11,108,1.08,110,1.08,1005.9,44,15.3,3.3,1.2,9
"2026-02-07 14:00:00",2196,41.3853,2.195661,38,231,328,2.29,330,2.29,1006.2,43,15.3,2.9,1.2,8.9
"2026-02-07 14:15:00",2197,41.38511,2.195678,39,245,342,0.94,344,0.94,1006.2,42,15.4,2.7,1.2,8.9
"2026-02-07 14:30:00",2198,41.38512,2.195604,24,357,94,0.69,96,0.69,1005.9,42,15.3,2.6,1.2,8.8
"2026-02-07 14:45:00",2199,41.38524,2.195604,22,9,106,0.84,108,0.84,1005.8,43,15.3,2.9,1.2,8.9
"2026-02-07 15:00:00",2200,41.38527,2.195636,24,280,17,0.28,18.95,0.28,1005.7,43,15.3,3.1,1.2,9
"2026-02-07 15:15:00",2201,41.38514,2.195582,31,350,87,0.69,89,0.69,1005.6,42,15.6,3,1.2,9.1
"2026-02-07 15:30:00",2202,41.38522,2.195701,28,256,353,1.52,355,1.52,1005.3,42,15.3,2.5,1.2,8.8
"2026-02-07 15:45:00",2203,41.38533,2.195708,33,82,179,0.4,181,0.4,1005.5,41,15.4,2.5,1.2,8.8
"2026-02-07 16:00:00",2204,41.3853,2.195828,39,279,16,0.86,17.95,0.86,1005.4,41,15.7,2.8,1.2,9
"2026-02-07 16:15:00",2205,41.3854,2.195675,33,208,305,2.31,307,2.31,1005.5,42,15.6,2.8,1.2,9
"2026-02-07 16:30:00",2206,41.38522,2.195385,38,91,188,0.18,190,0.18,1005.3,42,15.7,2.9,1.2,9.1
"2026-02-07 16:45:00",2207,41.38526,2.19555,46,26,123,0.4,125,0.4,1005.2,41,15.9,2.9,1.2,9.1
"2026-02-07 17:00:00",2208,41.38525,2.195513,46,358,95,0.47,97,0.47,1005.4,41,15.7,2.8,1.2,9.1
"2026-02-07 17:15:00",2209,41.3852,2.195485,46,12,109,0.96,111,0.96,1005.5,42,15.7,3,1.2,9.2
"2026-02-07 17:30:00",2210,41.3853,2.195505,46,40,137,0.4,139,0.4,1005.4,43,16,3.4,1.2,9.4
"2026-02-07 17:45:00",2211,41.38509,2.195151,46,81,178,0.36,180,0.36,1005.7,42,15.9,3.1,1.2,9.3
"2026-02-07 18:00:00",2212,41.37913,2.175286,32,250,65,15,66.95,0.63,1005.8,43,15.7,3.3,1.2,9.2
"2026-02-07 18:15:00",2213,41.38551,2.19683,46,298,291,1.33,293,0.45,1005.6,43,15.7,3.2,1.2,9.2
"2026-02-07 18:30:00",2214,41.38574,2.199228,51,163,260,1.22,262,1.22,1005.9,43,15.7,3.2,1.2,9.2
"2026-02-07 18:45:00",2215,41.38541,2.19863,46,30,127,0.8,129,0.8,1006,56,15,6.4,1.2,10.1
"2026-02-07 19:00:00",2216,41.38514,2.198835,43,57,261,7.32,263,0.72,1005.7,62,14.6,7.5,1.2,10.4
"2026-02-07 19:15:00",2217,41.38517,2.196687,34,229,86,1.64,88,0.3,1005.8,61,14.5,7.3,1.2,10.3
"2026-02-07 19:30:00",2218,100,1000,7999,215,312,1000,"NAN",0.79,1005.7,61,14.3,7,1.2,10
"2026-02-07 19:45:00",2219,100,1000,7999,185,282,1000,"NAN",0.29,1005.8,60,14.4,6.7,1.2,10
"2026-02-07 20:00:00",2220,100,1000,7999,219,316,1000,"NAN",0.05,1006,59,14.2,6.5,1.2,9.8
"2026-02-07 20:15:00",2221,100,1000,7999,67,164,1000,"NAN",0.07,1006,59,14.3,6.4,1.2,9.8
"2026-02-07 20:30:00",2222,41.3852,2.195628,22,272,9,0.32,10.95,0.32,1006,59,14.1,6.2,1.2,9.6
"2026-02-07 20:45:00",2223,41.38522,2.195628,25,117,214,0.46,216,0.46,1005.9,59,14.1,6.3,1.2,9.7
"2026-02-07 21:00:00",2224,41.38522,2.195616,26,297,34,0.05,35.95,0.05,1005.8,58,14.1,6.2,1.2,9.6
"2026-02-07 21:15:00",2225,41.3852,2.195588,24,221,318,0.13,320,0.13,1005.8,58,14.1,6,1.2,9.5
"2026-02-07 21:30:00",2226,41.38517,2.195583,23,48,145,0.04,147,0.04,1005.7,57,14.1,5.7,1.2,9.4
"2026-02-07 21:45:00",2227,41.3852,2.195611,26,27,124,0.28,126,0.28,1005.5,55,14.1,5.4,1.2,9.2
"2026-02-07 22:00:00",2228,41.38514,2.195583,30,15,112,0.29,114,0.29,1005.3,55,14.1,5.3,1.2,9.2
"2026-02-07 22:15:00",2229,41.38517,2.195621,20,41,138,0.04,140,0.04,1005.3,53,14.2,5,1.2,9.2
"2026-02-07 22:30:00",2230,41.38525,2.19559,43,20,117,0.48,119,0.48,1005.2,56,14.3,5.7,1.2,9.5
"2026-02-07 22:45:00",2231,41.38525,2.195886,52,232,329,0.59,331,0.41,1005.2,55,14,5.2,1.2,9.1
"2026-02-07 23:00:00",2232,41.38514,2.196324,69,20,117,0.75,119,0.75,1004.9,58,14,5.9,1.2,9.4
"2026-02-07 23:15:00",2233,41.38511,2.195741,49,14,111,0.33,113,0.33,1005.1,65,13.8,7.4,1.2,10
"2026-02-07 23:30:00",2234,41.38454,2.194925,45,53,150,0.24,152,0.24,1004.9,60,13.8,6.3,1.2,9.5
"2026-02-07 23:45:00",2235,41.38514,2.19552,49,45,142,0.06,144,0.06,1004.8,58,14,6.1,1.2,9.5
"2026-02-08 00:00:00",2236,41.38548,2.195775,74,19,116,0.73,118,0.73,1004.8,63,13.8,6.8,1.2,9.7
"2026-02-08 00:15:00",2237,41.38543,2.195795,52,26,123,0.56,125,0.56,1004.5,66,13.8,7.6,1.2,10.1
"2026-02-08 00:30:00",2238,41.38534,2.195813,40,6,103,0.35,105,0.35,1004.4,67,13.7,7.9,1.2,10.2
"2026-02-08 00:45:00",2239,41.3852,2.195691,5,3,92,0.44,94,0.43,1004.3,70,13.7,8.3,1.2,10.4
"2026-02-08 01:00:00",2240,41.38509,2.19556,-4,181,278,0.92,280,0.92,1004.1,69,13.7,8.2,1.2,10.3
"2026-02-08 01:15:00",2241,41.38528,2.19568,-3,192,289,1.01,291,1.01,1003.8,70,13.6,8.4,1.2,10.4
"2026-02-08 01:30:00",2242,41.38539,2.19573,-2,168,259,0.33,261,0.32,1003.6,71,13.6,8.6,1.2,10.5
"2026-02-08 01:45:00",2243,41.38568,2.196129,-2,3,100,0.07,102,0.07,1003.3,72,13.7,8.7,1.2,10.6
"2026-02-08 02:00:00",2244,41.38579,2.195516,3,228,180,0.69,182,0.02,1002.9,71,13.8,8.6,1.2,10.6
"2026-02-08 02:15:00",2245,41.38652,2.194776,-20,58,206,2.26,208,0.02,1002.4,70,13.8,8.5,1.2,10.5
"2026-02-08 02:30:00",2246,100,1000,7999,105,202,1000,"NAN",0.14,1002.1,70,13.7,8.4,1.2,10.5
"2026-02-08 02:45:00",2247,100,1000,7999,282,19,1000,"NAN",0.39,1001.7,71,13.6,8.6,1.2,10.5
"2026-02-08 03:00:00",2248,100,1000,7999,220,317,1000,"NAN",0.2,1001.7,72,13.6,8.7,1.2,10.6
"2026-02-08 03:15:00",2249,100,1000,7999,247,344,1000,"NAN",0.61,1001.3,73,13,8.3,1.2,10.1
"2026-02-08 03:30:00",2250,41.38551,2.195616,117,241,311,0.24,313,0.36,1001.3,75,12.2,7.9,1.2,9.5
"2026-02-08 03:45:00",2251,41.38538,2.195759,79,222,307,0.51,309,0.51,1001,76,11.6,7.7,1.2,9.1
"2026-02-08 04:00:00",2252,41.38486,2.195954,118,133,344,0.43,346,0.09,1001.1,77,11.3,7.5,1.2,8.9
"2026-02-08 04:15:00",2253,41.38503,2.195751,44,93,190,0.62,192,0.62,1000.5,76,11.3,7.4,1.2,8.9
"2026-02-08 04:30:00",2254,41.38462,2.196386,124,261,83,0.18,85,0.05,1000.6,76,11.3,7.2,1.2,8.7
"2026-02-08 04:45:00",2255,41.38483,2.196335,131,163,260,0.26,262,0.26,1000.3,75,11.2,7.1,1.2,8.7
"2026-02-08 05:00:00",2256,41.38504,2.19611,73,166,263,0.17,265,0.17,1000.1,75,11.2,7,1.2,8.6
"2026-02-08 05:15:00",2257,41.38512,2.195788,79,51,180,0.2,182,0.2,999.6,76,11.2,7.1,1.2,8.7
"2026-02-08 05:30:00",2258,41.38522,2.195785,86,235,8,0.4,9.95,0.5,999.3,76,11,7.1,1.2,8.6
"2026-02-08 05:45:00",2259,41.3855,2.195341,71,146,227,1.16,229,0.33,999.3,77,11,7.3,1.2,8.7
"2026-02-08 06:00:00",2260,41.38514,2.196301,71,259,305,0.25,307,0.22,999.3,77,11.1,7.3,1.2,8.7
"2026-02-08 06:15:00",2261,100,1000,7999,150,247,1000,"NAN",0.39,999.3,77,11.2,7.4,1.2,8.8
"2026-02-08 06:30:00",2262,41.3856,2.19591,69,265,334,0.27,336,0.46,999.3,77,11.2,7.4,1.2,8.8
"2026-02-08 06:45:00",2263,41.38482,2.19536,74,202,305,0.63,307,0.49,999.3,77,11.2,7.4,1.2,8.8
"2026-02-08 07:00:00",2264,100,1000,7999,33,130,1000,"NAN",0.06,999.5,77,11.3,7.5,1.2,8.9
"2026-02-08 07:15:00",2265,41.38514,2.195611,33,76,188,0.2,190,0.26,999.4,77,11.3,7.5,1.2,8.9
"2026-02-08 07:30:00",2266,41.38527,2.195611,43,169,249,0.31,251,0.3,999.1,78,11.3,7.6,1.2,9
"2026-02-08 07:45:00",2267,41.38536,2.195625,67,116,213,0.16,215,0.16,999,78,11.3,7.7,1.2,9
"2026-02-08 08:00:00",2268,41.38556,2.195485,81,65,164,0.25,166,0.07,999.2,78,11.2,7.6,1.2,8.9
"2026-02-08 08:15:00",2269,41.38534,2.195601,51,91,188,0.2,190,0.2,999.1,76,11.3,7.4,1.2,8.9
"2026-02-08 08:30:00",2270,41.38525,2.195625,52,38,135,0.37,137,0.37,999.3,76,11.4,7.4,1.2,8.9
"2026-02-08 08:45:00",2271,41.3851,2.195633,22,240,337,0.17,339,0.17,999.3,75,11.2,6.9,1.2,8.6
"2026-02-08 09:00:00",2272,41.38512,2.195576,-11,84,181,0.32,183,0.32,999.3,74,11.1,6.7,1.2,8.4
"2026-02-08 09:15:00",2273,41.38512,2.195621,14,126,243,0.15,245,0.42,999.3,74,11.1,6.6,1.2,8.4
"2026-02-08 11:15:00",2281,41.38519,2.195688,46,28,125,0.26,127,0.26,1000,71,12.6,7.5,1.2,9.5
"2026-02-08 11:30:00",2282,41.3852,2.195643,37,15,112,0.48,114,0.48,1000.1,67,13.1,7.2,1.2,9.6
"2026-02-08 11:45:00",2283,41.3852,2.195621,37,329,66,0.17,67.95,0.17,1000.2,63,13.5,6.7,1.2,9.5
"2026-02-08 12:00:00",2284,41.38515,2.195695,50,61,158,0.42,160,0.42,1000.4,61,13.8,6.5,1.2,9.6
"2026-02-08 12:15:00",2285,41.38514,2.19568,48,325,62,0.11,63.95,0.11,1000.2,61,13.9,6.6,1.2,9.7
"2026-02-08 12:30:00",2286,41.38514,2.195673,49,337,74,0.19,75.95,0.19,1000.3,61,13.9,6.5,1.2,9.7
"2026-02-08 12:45:00",2287,41.38512,2.195706,47,320,57,0.34,58.95,0.34,1000.4,61,14.1,6.8,1.2,9.9
"2026-02-08 13:00:00",2288,41.38494,2.195771,38,57,154,0.12,156,0.12,1000.3,62,13.7,6.6,1.2,9.6
"2026-02-08 13:15:00",2289,41.38493,2.195963,55,5,102,0.28,104,0.28,1000.2,62,13.9,6.9,1.2,9.8
"2026-02-08 13:30:00",2290,41.38541,2.195701,46,269,6,0.19,7.95,0.19,1000.2,63,14,7.1,1.2,10
"2026-02-08 13:45:00",2291,41.38544,2.195653,44,263,0,0.73,1.95,0.73,1000.1,62,14.3,7.3,1.2,10.2
"2026-02-08 14:00:00",2292,41.38543,2.19567,37,276,13,0.8,14.95,0.8,1000.1,60,14.6,7.1,1.2,10.2
"2026-02-08 14:15:00",2293,41.3853,2.195645,38,225,322,0.24,324,0.24,1000.2,59,14.8,7,1.2,10.3
"2026-02-08 14:30:00",2294,41.38515,2.195645,29,62,159,0.14,161,0.14,1000.3,58,15.2,7.1,1.2,10.5
"2026-02-08 14:45:00",2295,41.38533,2.195666,29,94,191,0.25,193,0.25,1000.2,58,15.5,7.3,1.2,10.7
"2026-02-08 15:00:00",2296,41.3852,2.195586,35,208,305,0.25,307,0.25,1000.1,53,15.6,6.3,1.2,10.4
"2026-02-08 15:15:00",2297,41.38515,2.19568,41,236,303,0.59,305,0.81,1000.2,53,15.7,6.3,1.2,10.4
"2026-02-08 15:30:00",2298,41.3852,2.195633,34,261,358,0.29,360,0.29,1000.4,51,15.7,5.7,1.2,10.2
"2026-02-08 15:45:00",2299,41.38517,2.19564,30,173,270,0.43,272,0.43,1000.5,51,16.1,6.2,1.2,10.5
"2026-02-08 16:00:00",2300,41.38512,2.195594,39,52,149,0.51,151,0.51,1000.4,51,16.2,6,1.2,10.5
"2026-02-08 16:15:00",2301,41.38534,2.195688,28,199,296,0.36,298,0.36,1000.5,51,16.4,6.3,1.2,10.7
"2026-02-08 16:30:00",2302,41.38527,2.195421,46,358,95,0.46,97,0.46,1000.7,59,16.3,8.5,1.2,11.7
"2026-02-08 16:45:00",2303,41.38526,2.195518,45,57,154,1.07,156,1.07,1000.9,58,15.7,7.5,1.2,11
"2026-02-08 17:00:00",2304,41.38525,2.195508,48,60,157,0.92,159,0.92,1001,58,15.7,7.5,1.2,11
"2026-02-08 17:15:00",2305,41.3852,2.19545,45,66,164,0.97,166,0.97,1001.2,57,15.7,7.4,1.2,10.9
"2026-02-08 17:30:00",2306,41.38519,2.195413,45,81,178,0.27,180,0.27,1001.7,62,15.5,8.3,1.2,11.2
"2026-02-08 17:45:00",2307,41.38728,2.200345,47,353,227,0.36,229,0.25,1001.9,64,15.4,8.7,1.2,11.4
"2026-02-08 18:00:00",2308,41.38448,2.192725,50,34,131,0.39,133,0.39,1002.1,64,15.3,8.6,1.2,11.3
"2026-02-08 18:15:00",2309,41.38551,2.197256,49,251,65,1.92,66.95,0.08,1002.5,66,15.3,9,1.2,11.5
"2026-02-08 18:30:00",2310,41.38537,2.195596,-2,355,92,0.37,94,0.37,1002.6,66,15.3,9,1.2,11.4
"2026-02-08 18:45:00",2311,41.38548,2.195795,-14,226,323,0.34,325,0.34,1002.9,69,15,9.4,1.2,11.5
"2026-02-08 19:00:00",2312,41.38564,2.195446,-20,66,166,0.78,168,0.8,1003.2,73,14.9,10.2,1.2,11.9
"2026-02-08 19:15:00",2313,41.38593,2.194758,-70,80,177,0.87,179,0.87,1003.5,72,14.6,9.7,1.2,11.5
"2026-02-08 19:30:00",2314,41.38449,2.197418,73,93,183,0.88,185,0.82,1003.8,72,14.2,9.3,1.2,11.1
"2026-02-08 19:45:00",2315,41.38514,2.195721,54,116,213,0.41,215,0.41,1004.2,75,14.5,10.2,1.2,11.8
"2026-02-08 20:00:00",2316,41.38519,2.195632,52,284,21,0.45,22.95,0.45,1004.5,76,14.3,10.2,1.2,11.7
"2026-02-08 20:15:00",2317,41.38517,2.195601,44,301,38,0.74,39.95,0.74,1004.8,76,14.2,10,1.2,11.5
"2026-02-08 20:30:00",2318,41.38522,2.195633,41,63,160,1.43,162,1.43,1005,75,13.9,9.7,1.2,11.2
"2026-02-08 20:45:00",2319,41.3852,2.195625,40,62,159,0.91,161,0.91,1005.1,72,13.5,8.7,1.2,10.5
"2026-02-08 21:00:00",2320,41.3852,2.195625,39,145,242,0.4,244,0.4,1005.3,72,13.4,8.5,1.2,10.4
"2026-02-08 21:15:00",2321,41.38519,2.195626,37,48,145,1.45,147,1.45,1005.7,70,13.3,8.1,1.2,10.1
"2026-02-08 21:30:00",2322,41.38514,2.195573,39,51,148,0.96,150,0.96,1006,71,13.4,8.3,1.2,10.2
"2026-02-08 21:45:00",2323,41.38512,2.195538,35,54,151,1.56,153,1.56,1006.1,71,13.4,8.3,1.2,10.3
"2026-02-08 22:00:00",2324,41.38512,2.195305,40,50,147,1.55,149,1.55,1006.2,71,13.2,8.2,1.2,10.2
"2026-02-08 22:15:00",2325,41.38524,2.195616,31,42,139,0.62,141,0.62,1006.5,71,13.1,8,1.2,10
"2026-02-08 22:30:00",2326,41.38499,2.195474,60,38,135,1.23,137,1.23,1006.5,70,13,7.7,1.2,9.8
"2026-02-08 22:45:00",2327,41.3852,2.195638,39,51,148,2.79,150,2.79,1006.4,71,12.7,7.6,1.2,9.6
"2026-02-08 23:00:00",2328,41.3851,2.19586,61,76,176,0.9,178,0.91,1006.5,73,12.6,8,1.2,9.7
"2026-02-08 23:15:00",2329,41.38557,2.196266,71,52,175,0.97,177,1.06,1006.6,74,12.4,8.1,1.2,9.7
"2026-02-08 23:30:00",2330,41.38567,2.196371,36,358,122,0.54,124,0.18,1006.7,75,12.2,8,1.2,9.6
"2026-02-08 23:45:00",2331,41.38557,2.195831,36,30,127,0.51,129,0.51,1006.9,76,12.2,8.1,1.2,9.6
"2026-02-09 00:00:00",2332,41.38568,2.195815,76,69,133,0.26,135,0.26,1007,76,12.1,8.2,1.2,9.6
"2026-02-09 00:15:00",2333,41.38535,2.195777,46,32,129,0.45,131,0.45,1007.1,78,12.1,8.4,1.2,9.7
"2026-02-09 00:30:00",2334,41.38526,2.195836,32,329,66,0.12,67.95,0.12,1007.3,77,12.1,8.3,1.2,9.7
"2026-02-09 00:45:00",2335,41.38536,2.195851,8,22,127,0.52,129,0.5,1007.3,78,12.1,8.4,1.2,9.8
"2026-02-09 01:00:00",2336,41.38524,2.195718,-8,49,146,1.1,148,1.1,1007,78,12.1,8.4,1.2,9.8
"2026-02-09 01:15:00",2337,41.38538,2.195723,-6,27,124,0.83,126,0.83,1006.8,78,12,8.4,1.2,9.7
"2026-02-09 01:30:00",2338,41.38569,2.195645,-5,51,163,0.69,165,1.03,1006.4,78,11.9,8.3,1.2,9.6
"2026-02-09 01:45:00",2339,41.38557,2.196043,9,59,156,0.77,158,0.77,1006.2,79,11.9,8.5,1.2,9.7
"2026-02-09 02:00:00",2340,41.38683,2.195651,-35,46,120,0.6,122,0.49,1006.3,78,11.9,8.3,1.2,9.6
"2026-02-09 02:15:00",2341,41.38632,2.194759,-20,162,259,0.13,261,0.13,1006.5,78,12.1,8.4,1.2,9.7
"2026-02-09 02:30:00",2342,41.38879,2.191391,-41,195,282,0.27,284,0.38,1006.6,78,11.9,8.3,1.2,9.6
"2026-02-09 02:45:00",2343,41.395,2.182221,-43,204,117,2.29,119,0.23,1006.9,79,11.8,8.3,1.2,9.6
"2026-02-09 03:00:00",2344,100,1000,7999,27,124,1000,"NAN",0.39,1006.9,78,12.1,8.4,1.2,9.8
"2026-02-09 03:15:00",2345,100,1000,7999,1,98,1000,"NAN",0.1,1007.1,77,12.2,8.5,1.2,9.9
"2026-02-09 03:30:00",2346,100,1000,7999,82,179,1000,"NAN",0.18,1007.2,76,12.3,8.4,1.2,9.8
"2026-02-09 03:45:00",2347,41.38551,2.195516,65,6,0,0.25,1.95,0.3,1007.3,75,12.4,8.2,1.2,9.8
"2026-02-09 04:00:00",2348,41.38531,2.195623,40,195,306,0.4,308,0.36,1007.3,75,12.4,8.1,1.2,9.7
"2026-02-09 04:15:00",2349,41.38512,2.195583,24,231,330,0.72,332,0.56,1007.2,75,12.4,8.2,1.2,9.8
"2026-02-09 04:30:00",2350,41.38514,2.195505,26,156,251,0.03,253,0.02,1007.1,75,12.5,8.3,1.2,9.8
"2026-02-09 04:45:00",2351,41.38515,2.195758,46,191,287,0.23,289,0.19,1007.2,76,12.3,8.3,1.2,9.8
"2026-02-09 05:00:00",2352,41.38527,2.195663,24,201,296,0.08,298,0.06,1007.3,75,12.5,8.3,1.2,9.9
"2026-02-09 05:15:00",2353,41.38519,2.195706,22,53,198,0.03,200,0.05,1007.1,76,12.3,8.2,1.2,9.8
"2026-02-09 05:30:00",2354,41.38533,2.195658,36,97,203,0.15,205,0.15,1007,75,12.4,8.2,1.2,9.8
"2026-02-09 05:45:00",2355,41.38538,2.195665,54,230,325,0.26,327,0.26,1006.8,74,12.2,7.7,1.2,9.4
"2026-02-09 06:00:00",2356,41.38522,2.195625,46,176,273,0.39,275,0.39,1006.8,73,11.9,7.3,1.2,9.1
"2026-02-09 06:15:00",2357,41.3853,2.195688,50,203,300,0.41,302,0.41,1006.8,72,11.8,7,1.2,8.9
"2026-02-09 06:30:00",2358,41.38528,2.195711,46,169,266,0.19,268,0.19,1007.2,71,11.8,6.8,1.2,8.8
"2026-02-09 06:45:00",2359,41.3853,2.195696,52,117,214,0.31,216,0.31,1007.1,70,11.8,6.6,1.2,8.7
"2026-02-09 07:00:00",2360,41.3853,2.19565,53,219,316,0.11,318,0.11,1007,69,11.8,6.5,1.2,8.7
"2026-02-11 10:30:00",0,"NAN","NAN",-7999,"NAN","NAN","NAN","NAN","NAN","NAN","NAN","NAN","NAN","NAN","NAN"
"2026-02-19 11:15:00",1,100,1000,7999,97,260,1000,"NAN",0.49,1010.2,49,12.9,2.6,1.2,7.5
"2026-02-19 11:30:00",2,100,1000,7999,351,153,1000,"NAN",0.42,1010.4,48,13.8,3,1.2,8.1
"2026-02-19 11:45:00",3,100,1000,7999,41,203,1000,"NAN",0.56,1010.5,46,13.7,2.4,1.2,7.9
"2026-02-19 12:00:00",4,100,1000,7999,332,134,1000,"NAN",0.57,1010.6,47,13.3,2.3,1.2,7.7
"2026-02-19 12:15:00",5,100,1000,7999,265,67,1000,"NAN",1.51,1011,48,13.1,2.3,1.2,7.5
"2026-02-19 12:30:00",6,100,1000,7999,50,212,1000,"NAN",1.02,1011.5,48,13,2.3,1.2,7.5
"2026-02-19 12:45:00",7,100,1000,7999,317,119,1000,"NAN",0.89,1011.7,49,12.8,2.5,1.2,7.5
"2026-02-19 13:00:00",8,100,1000,7999,128,291,1000,"NAN",0.55,1012.1,49,13,2.7,1.2,7.6
"2026-02-19 13:15:00",9,100,1000,7999,277,79,1000,"NAN",0.53,1011.9,47,13.5,2.7,1.2,7.9
"2026-02-19 13:30:00",10,100,1000,7999,310,112,1000,"NAN",0.72,1011.5,47,13.8,2.8,1.2,8.1
"2026-02-19 13:45:00",11,100,1000,7999,70,232,1000,"NAN",0.15,1011.4,46,14.3,3,1.2,8.4
"2026-02-19 14:00:00",12,100,1000,7999,111,273,1000,"NAN",0.06,1011.3,46,14.7,3.2,1.2,8.7
"2026-02-19 14:15:00",13,100,1000,7999,271,73,1000,"NAN",0.69,1011.3,46,14.9,3.6,1.2,8.9
"2026-02-19 14:30:00",14,100,1000,7999,96,258,1000,"NAN",2.22,1011.3,45,15.1,3.4,1.2,9
"2026-02-19 14:45:00",15,100,1000,7999,337,139,1000,"NAN",0.56,1011.1,44,15.3,3.4,1.2,9
"2026-02-19 15:00:00",16,100,1000,7999,276,78,1000,"NAN",1.42,1011,44,15.4,3.2,1.2,9
"2026-02-19 15:15:00",17,100,1000,7999,332,134,1000,"NAN",0.06,1011.1,44,15.6,3.6,1.2,9.3
"2026-02-19 15:30:00",18,100,1000,7999,115,277,1000,"NAN",2.39,1011.1,43,15.8,3.4,1.2,9.3
"2026-02-19 15:45:00",19,100,1000,7999,296,98,1000,"NAN",1.03,1011,43,15.8,3.4,1.2,9.3
"2026-02-19 16:00:00",20,100,1000,7999,338,140,1000,"NAN",0.49,1011,42,16,3.4,1.2,9.4
"2026-02-19 16:15:00",21,100,1000,7999,286,88,1000,"NAN",0.93,1011.2,42,16.3,3.6,1.2,9.7
"2026-02-19 16:30:00",22,100,1000,7999,121,284,1000,"NAN",1.39,1011.3,42,16.2,3.5,1.2,9.5
"2026-02-19 16:45:00",23,100,1000,7999,102,265,1000,"NAN",2,1011.3,42,16.3,3.6,1.2,9.7
"2026-02-19 17:00:00",24,100,1000,7999,190,353,1000,"NAN",0.34,1011.4,42,16.6,3.7,1.2,9.8
"2026-02-19 17:15:00",25,100,1000,7999,288,91,1000,"NAN",1.22,1011.1,42,16.5,3.6,1.2,9.7
"2026-02-19 17:30:00",26,100,1000,7999,182,345,1000,"NAN",0.87,1011,41,16.5,3.5,1.2,9.7
"2026-02-19 17:45:00",27,100,1000,7999,119,282,1000,"NAN",0.41,1010.9,42,16.4,3.6,1.2,9.7
"2026-02-19 18:00:00",28,100,1000,7999,110,273,1000,"NAN",0.09,1010.9,42,16.2,3.5,1.2,9.5
"2026-02-19 18:15:00",29,100,1000,7999,315,118,1000,"NAN",1.35,1011.1,43,16.1,3.5,1.2,9.5
"2026-02-19 18:30:00",30,100,1000,7999,57,220,1000,"NAN",0.74,1011.4,43,16.1,3.6,1.2,9.5
"2026-02-19 18:45:00",31,100,1000,7999,320,123,1000,"NAN",0.5,1011.6,43,15.7,3.4,1.2,9.3
"2026-02-19 19:00:00",32,100,1000,7999,276,79,1000,"NAN",0.86,1011.8,44,15.5,3.4,1.2,9.1
"2026-02-19 19:15:00",33,100,1000,7999,336,139,1000,"NAN",0.41,1012,44,15.3,3.3,1.2,9
"2026-02-19 19:30:00",34,100,1000,7999,99,262,1000,"NAN",0.34,1012.4,45,15.1,3.4,1.2,9
"2026-02-19 19:45:00",35,100,1000,7999,300,103,1000,"NAN",1.07,1012.8,46,14.9,3.4,1.2,8.9
"2026-02-19 20:00:00",36,100,1000,7999,114,277,1000,"NAN",1.01,1013.2,46,14.7,3.2,1.2,8.7
"2026-02-19 20:15:00",37,100,1000,7999,144,307,1000,"NAN",0.41,1013.6,46,14.6,3.2,1.2,8.6
"2026-02-19 20:30:00",38,100,1000,7999,355,158,1000,"NAN",0.66,1013.7,46,14.3,3.1,1.2,8.5
"2026-02-19 20:45:00",39,100,1000,7999,324,127,1000,"NAN",0.92,1013.7,47,14.2,3.2,1.2,8.4
"2026-02-19 21:00:00",40,100,1000,7999,82,245,1000,"NAN",1.38,1013.7,46,14.2,3,1.2,8.3
"2026-02-19 21:15:00",41,100,1000,7999,316,119,1000,"NAN",0.63,1014.2,46,14.2,2.8,1.2,8.3
"2026-02-19 21:30:00",42,100,1000,7999,94,257,1000,"NAN",0.11,1014.3,46,14.1,2.7,1.2,8.2
"2026-02-19 21:45:00",43,100,1000,7999,154,317,1000,"NAN",0.24,1014.6,45,14,2.5,1.2,8.1
"2026-02-19 22:00:00",44,100,1000,7999,338,141,1000,"NAN",0.49,1015.3,46,14,2.5,1.2,8.1
"2026-02-19 22:15:00",45,100,1000,7999,291,94,1000,"NAN",0.61,1015.2,46,13.8,2.5,1.2,8
"2026-02-19 22:30:00",46,100,1000,7999,307,110,1000,"NAN",0.62,1015,46,13.7,2.5,1.2,7.9
"2026-02-19 22:45:00",47,100,1000,7999,112,275,1000,"NAN",0.69,1015.3,47,13.5,2.5,1.2,7.8
"2026-02-19 23:00:00",48,100,1000,7999,175,338,1000,"NAN",0.73,1015.6,47,13.4,2.4,1.2,7.7
"2026-02-19 23:15:00",49,100,1000,7999,187,350,1000,"NAN",0.72,1015.6,47,13.2,2.4,1.2,7.7
"2026-02-19 23:30:00",50,100,1000,7999,12,175,1000,"NAN",0.46,1015.8,48,13.1,2.5,1.2,7.6
"2026-02-19 23:45:00",51,100,1000,7999,5,168,1000,"NAN",0.98,1015.6,48,13,2.4,1.2,7.5
"2026-02-20 00:00:00",52,100,1000,7999,143,306,1000,"NAN",0.38,1015.9,48,12.9,2.4,1.2,7.5
"2026-02-20 00:15:00",53,100,1000,7999,175,338,1000,"NAN",0.65,1015.6,48,12.8,2.3,1.2,7.4
"2026-02-20 00:30:00",54,100,1000,7999,335,138,1000,"NAN",1.15,1015.3,49,12.6,2.3,1.2,7.3
"2026-02-20 00:45:00",55,100,1000,7999,329,132,1000,"NAN",0.87,1015.8,49,12.5,2.3,1.2,7.2
"2026-02-20 01:00:00",56,100,1000,7999,104,267,1000,"NAN",0.81,1015.7,50,12.4,2.3,1.2,7.2
"2026-02-20 01:15:00",57,100,1000,7999,297,100,1000,"NAN",0.81,1015.4,50,12.3,2.2,1.2,7.1
"2026-02-20 03:15:00",65,100,1000,7999,341,144,1000,"NAN",0.8,1016.5,52,11.8,2.4,1.2,6.9
"2026-02-20 03:30:00",66,100,1000,7999,335,138,1000,"NAN",0.32,1016.7,51,11.9,2.3,1.2,6.9
"2026-02-20 03:45:00",67,100,1000,7999,334,137,1000,"NAN",0.71,1017.1,51,11.8,2.2,1.2,6.9
"2026-02-20 04:00:00",68,100,1000,7999,18,181,1000,"NAN",0.59,1017.5,52,11.8,2.3,1.2,6.8
"2026-02-20 04:15:00",69,100,1000,7999,322,125,1000,"NAN",0.75,1017.3,52,11.8,2.3,1.2,6.8
"2026-02-20 04:30:00",70,100,1000,7999,330,133,1000,"NAN",1.48,1017.3,52,11.7,2.3,1.2,6.8
"2026-02-20 04:45:00",71,100,1000,7999,346,149,1000,"NAN",0.28,1017.4,52,11.7,2.3,1.2,6.8
"2026-02-20 05:00:00",72,100,1000,7999,332,135,1000,"NAN",0.75,1017.4,52,11.7,2.2,1.2,6.8
"2026-02-20 05:15:00",73,100,1000,7999,327,130,1000,"NAN",0.93,1017.2,50,11.9,1.9,1.2,6.7
"2026-02-20 05:30:00",74,100,1000,7999,334,137,1000,"NAN",0.71,1017.2,50,11.9,2,1.2,6.8
"2026-02-20 05:45:00",75,100,1000,7999,116,279,1000,"NAN",0.93,1017.7,50,12,1.8,1.2,6.8
"2026-02-20 06:00:00",76,100,1000,7999,141,304,1000,"NAN",0.08,1017.5,49,12.2,1.9,1.2,6.9
"2026-02-20 06:15:00",77,100,1000,7999,342,145,1000,"NAN",1.17,1017.3,48,12.2,1.8,1.2,6.9
"2026-02-20 06:30:00",78,100,1000,7999,305,108,1000,"NAN",1.05,1017.2,47,12.4,1.4,1.2,6.9
"2026-02-20 06:45:00",79,100,1000,7999,342,145,1000,"NAN",0.44,1017.3,46,12.6,1.3,1.2,6.9
"2026-02-20 07:00:00",80,100,1000,7999,348,151,1000,"NAN",0.44,1017.7,45,12.7,1.3,1.2,7
"2026-02-20 07:15:00",81,100,1000,7999,228,31,1000,"NAN",0.26,1018.2,48,12.4,1.8,1.2,7
"2026-02-20 07:30:00",82,100,1000,7999,165,328,1000,"NAN",0.94,1018.4,52,12.1,2.6,1.2,7.1
"2026-02-20 07:45:00",83,100,1000,7999,17,180,1000,"NAN",0.08,1018.6,50,12.2,2.1,1.2,7
"2026-02-20 08:00:00",84,100,1000,7999,333,136,1000,"NAN",1.24,1018.8,49,12.1,1.9,1.2,6.9
"2026-02-20 08:15:00",85,100,1000,7999,66,229,1000,"NAN",0.14,1019,51,12.1,2.4,1.2,7.1
"2026-02-20 08:30:00",86,100,1000,7999,180,343,1000,"NAN",0.84,1019.4,47,12.3,1.5,1.2,6.8
"2026-02-20 08:45:00",87,100,1000,7999,311,114,1000,"NAN",0.25,1019.8,51,12,2.3,1.2,7
"2026-02-20 09:00:00",88,100,1000,7999,322,125,1000,"NAN",1.06,1020.1,51,11.9,2.2,1.2,6.8
"2026-02-20 09:15:00",89,100,1000,7999,249,52,1000,"NAN",1.03,1020.6,51,12,2.2,1.2,6.9
"2026-02-20 09:30:00",90,100,1000,7999,244,47,1000,"NAN",0.46,1021.2,50,12.1,2.1,1.2,6.9
"2026-02-20 09:45:00",91,100,1000,7999,42,205,1000,"NAN",0.39,1021.3,51,12,2.4,1.2,7
"2026-02-20 10:00:00",92,100,1000,7999,324,127,1000,"NAN",1.2,1021.7,52,12,2.5,1.2,7
"2026-02-20 10:15:00",93,100,1000,7999,2,165,1000,"NAN",0.3,1021.6,51,12,2.4,1.2,7
"2026-02-20 10:30:00",94,100,1000,7999,291,94,1000,"NAN",0.16,1022.2,51,12.1,2.5,1.2,7.1
"2026-02-20 10:45:00",95,100,1000,7999,19,182,1000,"NAN",0.73,1022.6,50,12.5,2.6,1.2,7.3
"2026-02-20 11:00:00",96,100,1000,7999,27,190,1000,"NAN",0.39,1022.7,50,12.8,2.9,1.2,7.6
"2026-02-20 11:15:00",97,100,1000,7999,290,93,1000,"NAN",0.43,1022.6,48,13.5,2.9,1.2,7.9
"2026-02-20 11:30:00",98,100,1000,7999,43,206,1000,"NAN",0.53,1022.9,47,13.7,2.8,1.2,8
"2026-02-20 11:45:00",99,100,1000,7999,26,189,1000,"NAN",1.39,1022.9,49,13.7,3.2,1.2,8.2
"2026-02-20 12:00:00",100,100,1000,7999,327,130,1000,"NAN",0.07,1023.1,49,13.8,3.3,1.2,8.3
"2026-02-20 12:15:00",101,100,1000,7999,286,25,1000,"NAN",1.37,1023.3,49,13.8,3.4,1.2,8.3
"2026-02-20 12:30:00",102,100,1000,7999,40,139,1000,"NAN",0.62,1023.5,49,14.4,3.8,1.2,8.8
"2026-02-20 12:45:00",103,100,1000,7999,139,238,1000,"NAN",0.67,1023.7,48,14.6,3.8,1.2,8.9
"2026-02-20 13:00:00",104,100,1000,7999,304,43,1000,"NAN",0.36,1023.8,46,15,3.7,1.2,9
"2026-02-20 13:15:00",105,100,1000,7999,109,209,1000,"NAN",0.61,1023.5,45,15.1,3.2,1.2,8.9
"2026-02-20 13:30:00",106,100,1000,7999,219,319,1000,"NAN",0.12,1023.4,45,15.4,3.6,1.2,9.2
"2026-02-20 13:45:00",107,100,1000,7999,115,214,1000,"NAN",0.61,1023.3,43,15.6,3.1,1.2,9.1
"2026-02-20 14:00:00",108,100,1000,7999,317,58,1000,"NAN",0.57,1022.9,43,15.9,3.4,1.2,9.4
"2026-02-20 14:15:00",109,100,1000,7999,38,139,1000,"NAN",0.56,1022.8,42,16.1,3.3,1.2,9.4
"2026-02-20 14:30:00",110,100,1000,7999,111,212,1000,"NAN",0.38,1022.8,41,16.4,3.3,1.2,9.6
"2026-02-20 14:45:00",111,100,1000,7999,162,261,1000,"NAN",0.77,1022.7,42,16.5,3.9,1.2,9.8
"2026-02-20 15:00:00",112,100,1000,7999,294,33,1000,"NAN",0.29,1022.7,44,16.6,4.4,1.2,10.1
"2026-02-20 15:15:00",113,100,1000,7999,39,138,1000,"NAN",0.63,1022.9,44,16.6,4.6,1.2,10.2
"2026-02-20 15:30:00",114,100,1000,7999,15,114,1000,"NAN",1.21,1022.8,44,16.5,4.4,1.2,10.1
"2026-02-20 15:45:00",115,100,1000,7999,174,273,1000,"NAN",0.53,1022.9,45,16.5,4.6,1.2,10.1
"2026-02-20 16:00:00",116,100,1000,7999,87,186,1000,"NAN",0.21,1022.7,46,16.5,5,1.2,10.3
"2026-02-20 16:15:00",117,100,1000,7999,87,186,1000,"NAN",0.96,1022.7,46,16.5,5,1.2,10.3
"2026-02-20 16:30:00",118,100,1000,7999,4,103,1000,"NAN",0.5,1022.6,47,16.5,5.2,1.2,10.3
"2026-02-20 16:45:00",119,100,1000,7999,120,219,1000,"NAN",0.14,1022.5,47,16.4,5.1,1.2,10.3
"2026-02-20 17:00:00",120,100,1000,7999,212,311,1000,"NAN",0.39,1022.4,47,16.4,5.2,1.2,10.3
"2026-02-20 17:15:00",121,100,1000,7999,57,156,1000,"NAN",0.2,1022.3,46,16.4,5,1.2,10.2
"2026-02-20 17:30:00",122,100,1000,7999,57,156,1000,"NAN",0.24,1022.3,46,16.5,4.9,1.2,10.2
"2026-02-20 17:45:00",123,100,1000,7999,121,220,1000,"NAN",0.17,1022.4,46,16.6,4.9,1.2,10.3
"2026-02-20 18:00:00",124,100,1000,7999,294,33,1000,"NAN",0.06,1022.5,45,16.7,5,1.2,10.4
"2026-02-20 18:15:00",125,100,1000,7999,66,165,1000,"NAN",0.6,1022.8,59,16.5,8.5,1.2,11.8
"2026-02-20 18:30:00",126,100,1000,7999,55,154,1000,"NAN",1.21,1022.9,66,15.3,9.1,1.2,11.5
"2026-02-20 18:45:00",127,100,1000,7999,62,161,1000,"NAN",0.99,1023,69,14.7,9.2,1.2,11.3
"2026-02-20 19:00:00",128,100,1000,7999,51,150,1000,"NAN",1.02,1023.2,71,14.8,9.8,1.2,11.6
"2026-02-20 19:15:00",129,100,1000,7999,80,179,1000,"NAN",0.72,1023.5,71,14.4,9.3,1.2,11.2
"2026-02-20 19:30:00",130,100,1000,7999,61,160,1000,"NAN",0.79,1023.6,65,14.4,8,1.2,10.6
"2026-02-20 19:45:00",131,100,1000,7999,40,139,1000,"NAN",0.36,1024,67,14.5,8.5,1.2,10.9
"2026-02-20 20:00:00",132,100,1000,7999,68,167,1000,"NAN",0.68,1024.3,69,14.4,8.9,1.2,11
"2026-02-20 20:15:00",133,100,1000,7999,110,209,1000,"NAN",0.37,1024.6,73,14.2,9.5,1.2,11.2
"2026-02-20 20:30:00",134,100,1000,7999,50,149,1000,"NAN",0.88,1024.8,75,14,9.8,1.2,11.3
"2026-02-20 20:45:00",135,100,1000,7999,51,150,1000,"NAN",0.68,1025.2,74,13.9,9.5,1.2,11.1
"2026-02-20 21:00:00",136,100,1000,7999,33,132,1000,"NAN",0.35,1025.1,75,13.8,9.7,1.2,11.2
"2026-02-20 21:15:00",137,100,1000,7999,41,140,1000,"NAN",0.41,1025.2,76,14,9.9,1.2,11.4
"2026-02-20 21:30:00",138,100,1000,7999,88,187,1000,"NAN",0.38,1024.9,76,13.8,9.7,1.2,11.2
"2026-02-20 21:45:00",139,100,1000,7999,78,177,1000,"NAN",0.4,1025.2,76,13.8,9.7,1.2,11.2
"2026-02-20 22:00:00",140,100,1000,7999,278,17,1000,"NAN",0.23,1025.3,76,13.8,9.8,1.2,11.2
"2026-02-20 22:15:00",141,100,1000,7999,105,204,1000,"NAN",0.07,1025.2,75,13.8,9.6,1.2,11.2
"2026-02-20 22:30:00",142,100,1000,7999,234,333,1000,"NAN",0.3,1025.1,75,13.6,9.3,1.2,10.9
"2026-02-20 22:45:00",143,100,1000,7999,319,58,1000,"NAN",0.08,1025.5,74,13.7,9.3,1.2,10.9
"2026-02-20 23:00:00",144,100,1000,7999,252,351,1000,"NAN",0.21,1025.7,74,13.7,9.2,1.2,10.9
"2026-02-20 23:15:00",145,100,1000,7999,99,198,1000,"NAN",0.12,1025.8,74,13.7,9.2,1.2,10.9
"2026-02-20 23:30:00",146,100,1000,7999,210,309,1000,"NAN",0.39,1025.9,73,13.6,8.9,1.2,10.6
"2026-02-20 23:45:00",147,100,1000,7999,189,288,1000,"NAN",0.67,1025.8,72,13.3,8.6,1.2,10.4
"2026-02-21 00:00:00",148,100,1000,7999,206,305,1000,"NAN",0.49,1026,73,13.1,8.3,1.2,10.1
"2026-02-21 00:15:00",149,100,1000,7999,212,311,1000,"NAN",0.24,1026.1,73,13.1,8.4,1.2,10.2
"2026-02-21 00:30:00",150,100,1000,7999,128,227,1000,"NAN",0.29,1026.3,73,12.8,8.2,1.2,10
"2026-02-21 00:45:00",151,100,1000,7999,31,130,1000,"NAN",0.27,1026.4,72,12.9,8,1.2,9.9
"2026-02-21 01:00:00",152,100,1000,7999,228,327,1000,"NAN",0.42,1026.5,70,12.9,7.7,1.2,9.7
"2026-02-21 01:15:00",153,100,1000,7999,310,49,1000,"NAN",0.06,1026.6,70,12.9,7.6,1.3,9.7
"2026-02-21 01:30:00",154,100,1000,7999,328,66,1000,"NAN",0.23,1026.5,68,12.9,7.2,1.2,9.5
"2026-02-21 01:45:00",155,100,1000,7999,20,119,1000,"NAN",0.54,1026.5,65,13,6.7,1.2,9.3
"2026-02-21 02:00:00",156,100,1000,7999,263,2,1000,"NAN",0.13,1026.7,63,13.1,6.3,1.2,9.2
"2026-02-21 02:15:00",157,100,1000,7999,171,269,1000,"NAN",0.01,1026.7,62,13.2,6.2,1.2,9.2
"2026-02-21 02:30:00",158,100,1000,7999,42,141,1000,"NAN",0.52,1026.6,62,13.2,6.1,1.2,9.1
"2026-02-21 02:45:00",159,100,1000,7999,8,107,1000,"NAN",0.32,1026.6,62,13.1,6,1.2,9
"2026-02-21 03:00:00",160,100,1000,7999,347,86,1000,"NAN",0.29,1026.8,61,13.1,5.9,1.2,9
"2026-02-21 03:15:00",161,100,1000,7999,32,131,1000,"NAN",0.93,1026.8,62,12.8,5.9,1.3,8.8
"2026-02-21 03:30:00",162,100,1000,7999,4,103,1000,"NAN",0.34,1026.8,63,12.6,5.8,1.3,8.7
"2026-02-21 03:45:00",163,100,1000,7999,345,84,1000,"NAN",0.3,1026.8,63,12.6,5.8,1.3,8.7
"2026-02-21 04:00:00",164,100,1000,7999,349,88,1000,"NAN",0.16,1026.8,63,12.5,5.7,1.3,8.6
"2026-02-21 04:15:00",165,100,1000,7999,222,321,1000,"NAN",0.23,1026.9,63,12.4,5.6,1.3,8.5
"2026-03-12 06:30:00",56,"NAN","NAN",-7999,"NAN","NAN","NAN","NAN","NAN","NAN","NAN","NAN","NAN","NAN","NAN"
"2026-03-12 06:45:00",57,"NAN","NAN",-7999,"NAN","NAN","NAN","NAN","NAN","NAN","NAN","NAN","NAN","NAN","NAN"
"2026-03-12 07:00:00",58,"NAN","NAN",-7999,"NAN","NAN","NAN","NAN","NAN","NAN","NAN","NAN","NAN","NAN","NAN"
"2026-03-12 07:15:00",59,"NAN","NAN",-7999,"NAN","NAN","NAN","NAN","NAN","NAN","NAN","NAN","NAN","NAN","NAN"
"2026-03-12 07:30:00",60,"NAN","NAN",-7999,"NAN","NAN","NAN","NAN","NAN","NAN","NAN","NAN","NAN","NAN","NAN"
"2026-03-12 07:45:00",61,"NAN","NAN",-7999,"NAN","NAN","NAN","NAN","NAN","NAN","NAN","NAN","NAN","NAN","NAN"
"2026-03-12 08:00:00",62,"NAN","NAN",-7999,"NAN","NAN","NAN","NAN","NAN","NAN","NAN","NAN","NAN","NAN","NAN"
"2026-03-12 08:15:00",63,"NAN","NAN",-7999,"NAN","NAN","NAN","NAN","NAN","NAN","NAN","NAN","NAN","NAN","NAN"
"2026-03-12 08:30:00",64,"NAN","NAN",-7999,"NAN","NAN","NAN","NAN","NAN","NAN","NAN","NAN","NAN","NAN","NAN"
"2026-03-12 08:45:00",65,"NAN","NAN",-7999,"NAN","NAN","NAN","NAN","NAN","NAN","NAN","NAN","NAN","NAN","NAN"
"2026-03-12 09:00:00",66,"NAN","NAN",-7999,"NAN","NAN","NAN","NAN","NAN","NAN","NAN","NAN","NAN","NAN","NAN"
"2026-03-12 09:15:00",67,"NAN","NAN",-7999,"NAN","NAN","NAN","NAN","NAN","NAN","NAN","NAN","NAN","NAN","NAN"
"2026-03-12 09:30:00",68,"NAN","NAN",-7999,"NAN","NAN","NAN","NAN","NAN","NAN","NAN","NAN","NAN","NAN","NAN"
"2026-03-12 09:45:00",69,"NAN","NAN",-7999,"NAN","NAN","NAN","NAN","NAN","NAN","NAN","NAN","NAN","NAN","NAN"
"2026-03-12 10:00:00",70,"NAN","NAN",-7999,"NAN","NAN","NAN","NAN","NAN","NAN","NAN","NAN","NAN","NAN","NAN"
"2026-03-12 10:15:00",71,"NAN","NAN",-7999,"NAN","NAN","NAN","NAN","NAN","NAN","NAN","NAN","NAN","NAN","NAN"
"2026-03-12 10:30:00",72,"NAN","NAN",-7999,"NAN","NAN","NAN","NAN","NAN","NAN","NAN","NAN","NAN","NAN","NAN"
"2026-03-12 10:45:00",73,"NAN","NAN",-7999,"NAN","NAN","NAN","NAN","NAN","NAN","NAN","NAN","NAN","NAN","NAN"
"2026-03-12 11:00:00",74,"NAN","NAN",-7999,"NAN","NAN","NAN","NAN","NAN","NAN","NAN","NAN","NAN","NAN","NAN"
"2026-03-12 11:15:00",75,"NAN","NAN",-7999,"NAN","NAN","NAN","NAN","NAN","NAN","NAN","NAN","NAN","NAN","NAN"
"2026-03-12 11:30:00",76,"NAN","NAN",-7999,"NAN","NAN","NAN","NAN","NAN","NAN","NAN","NAN","NAN","NAN","NAN"
"2026-03-18 13:15:00",77,"NAN","NAN",-7999,"NAN","NAN","NAN","NAN","NAN","NAN","NAN","NAN","NAN","NAN","NAN"
"2026-03-18 13:30:00",78,"NAN","NAN",-7999,"NAN","NAN","NAN","NAN","NAN","NAN","NAN","NAN","NAN","NAN","NAN"
"2026-03-18 13:45:00",79,"NAN","NAN",-7999,"NAN","NAN","NAN","NAN","NAN","NAN","NAN","NAN","NAN","NAN","NAN"
"2026-03-18 14:00:00",80,"NAN","NAN",-7999,"NAN","NAN","NAN","NAN","NAN","NAN","NAN","NAN","NAN","NAN","NAN"
"2026-03-18 14:15:00",81,"NAN","NAN",-7999,"NAN","NAN","NAN","NAN","NAN","NAN","NAN","NAN","NAN","NAN","NAN"
"2026-03-18 14:30:00",82,"NAN","NAN",-7999,"NAN","NAN","NAN","NAN","NAN","NAN","NAN","NAN","NAN","NAN","NAN"
"2026-03-18 14:45:00",83,"NAN","NAN",-7999,"NAN","NAN","NAN","NAN","NAN","NAN","NAN","NAN","NAN","NAN","NAN"
"2026-03-18 15:00:00",84,"NAN","NAN",-7999,"NAN","NAN","NAN","NAN","NAN","NAN","NAN","NAN","NAN","NAN","NAN"
"2026-03-18 15:15:00",85,"NAN","NAN",-7999,"NAN","NAN","NAN","NAN","NAN","NAN","NAN","NAN","NAN","NAN","NAN"
"2026-03-18 15:30:00",86,"NAN","NAN",-7999,"NAN","NAN","NAN","NAN","NAN","NAN","NAN","NAN","NAN","NAN","NAN"
"2026-03-18 15:45:00",87,"NAN","NAN",-7999,"NAN","NAN","NAN","NAN","NAN","NAN","NAN","NAN","NAN","NAN","NAN"
"2026-03-18 16:00:00",88,"NAN","NAN",-7999,"NAN","NAN","NAN","NAN","NAN","NAN","NAN","NAN","NAN","NAN","NAN"
"2026-03-18 16:15:00",89,"NAN","NAN",-7999,"NAN","NAN","NAN","NAN","NAN","NAN","NAN","NAN","NAN","NAN","NAN"
"2026-03-18 16:30:00",90,"NAN","NAN",-7999,"NAN","NAN","NAN","NAN","NAN","NAN","NAN","NAN","NAN","NAN","NAN"
"2026-03-18 16:45:00",91,"NAN","NAN",-7999,"NAN","NAN","NAN","NAN","NAN","NAN","NAN","NAN","NAN","NAN","NAN"
"2026-03-18 17:00:00",92,"NAN","NAN",-7999,"NAN","NAN","NAN","NAN","NAN","NAN","NAN","NAN","NAN","NAN","NAN"
"2026-03-18 17:15:00",93,"NAN","NAN",-7999,"NAN","NAN","NAN","NAN","NAN","NAN","NAN","NAN","NAN","NAN","NAN"
"2026-03-18 17:30:00",94,"NAN","NAN",-7999,"NAN","NAN","NAN","NAN","NAN","NAN","NAN","NAN","NAN","NAN","NAN"
"2026-03-18 17:45:00",95,"NAN","NAN",-7999,"NAN","NAN","NAN","NAN","NAN","NAN","NAN","NAN","NAN","NAN","NAN"
"2026-03-18 18:00:00",96,"NAN","NAN",-7999,"NAN","NAN","NAN","NAN","NAN","NAN","NAN","NAN","NAN","NAN","NAN"
"2026-03-18 18:15:00",97,"NAN","NAN",-7999,"NAN","NAN","NAN","NAN","NAN","NAN","NAN","NAN","NAN","NAN","NAN"
"2026-03-18 18:30:00",98,"NAN","NAN",-7999,"NAN","NAN","NAN","NAN","NAN","NAN","NAN","NAN","NAN","NAN","NAN"
"2026-03-19 13:15:00",99,"NAN","NAN",-7999,"NAN","NAN","NAN","NAN","NAN","NAN","NAN","NAN","NAN","NAN","NAN"
"2026-03-19 13:30:00",100,"NAN","NAN",-7999,"NAN","NAN","NAN","NAN","NAN","NAN","NAN","NAN","NAN","NAN","NAN"
"2026-03-19 13:45:00",101,"NAN","NAN",-7999,"NAN","NAN","NAN","NAN","NAN","NAN","NAN","NAN","NAN","NAN","NAN"
"2026-03-19 14:00:00",102,"NAN","NAN",-7999,"NAN","NAN","NAN","NAN","NAN","NAN","NAN","NAN","NAN","NAN","NAN"
"2026-03-19 14:15:00",103,"NAN","NAN",-7999,"NAN","NAN","NAN","NAN","NAN","NAN","NAN","NAN","NAN","NAN","NAN"
"2026-03-19 14:30:00",104,"NAN","NAN",-7999,"NAN","NAN","NAN","NAN","NAN","NAN","NAN","NAN","NAN","NAN","NAN"
"2026-03-19 14:45:00",105,"NAN","NAN",-7999,"NAN","NAN","NAN","NAN","NAN","NAN","NAN","NAN","NAN","NAN","NAN"
"2026-03-19 15:00:00",106,"NAN","NAN",-7999,"NAN","NAN","NAN","NAN","NAN","NAN","NAN","NAN","NAN","NAN","NAN"
"2026-03-19 15:15:00",107,"NAN","NAN",-7999,"NAN","NAN","NAN","NAN","NAN","NAN","NAN","NAN","NAN","NAN","NAN"
"2026-03-19 15:30:00",108,"NAN","NAN",-7999,"NAN","NAN","NAN","NAN","NAN","NAN","NAN","NAN","NAN","NAN","NAN"
"2026-03-19 15:45:00",109,"NAN","NAN",-7999,"NAN","NAN","NAN","NAN","NAN","NAN","NAN","NAN","NAN","NAN","NAN"
"2026-03-19 16:00:00",110,"NAN","NAN",-7999,"NAN","NAN","NAN","NAN","NAN","NAN","NAN","NAN","NAN","NAN","NAN"
"2026-03-19 16:15:00",111,"NAN","NAN",-7999,"NAN","NAN","NAN","NAN","NAN","NAN","NAN","NAN","NAN","NAN","NAN"
"2026-03-19 16:30:00",112,"NAN","NAN",-7999,"NAN","NAN","NAN","NAN","NAN","NAN","NAN","NAN","NAN","NAN","NAN"
"2026-03-19 16:45:00",113,"NAN","NAN",-7999,"NAN","NAN","NAN","NAN","NAN","NAN","NAN","NAN","NAN","NAN","NAN"
"2026-03-19 17:00:00",114,"NAN","NAN",-7999,"NAN","NAN","NAN","NAN","NAN","NAN","NAN","NAN","NAN","NAN","NAN"
"2026-03-19 17:15:00",115,"NAN","NAN",-7999,"NAN","NAN","NAN","NAN","NAN","NAN","NAN","NAN","NAN","NAN","NAN"
"2026-03-19 17:30:00",116,"NAN","NAN",-7999,"NAN","NAN","NAN","NAN","NAN","NAN","NAN","NAN","NAN","NAN","NAN"
"2026-03-19 17:45:00",117,"NAN","NAN",-7999,"NAN","NAN","NAN","NAN","NAN","NAN","NAN","NAN","NAN","NAN","NAN"
"2026-05-04 07:15:00",1053,41.38506,2.196061,41,88,116,0.45,118,0.45,1011.8,84,17.9,15.1,1.2,16
"2026-05-04 07:30:00",1054,41.38511,2.195948,34,83,112,0.51,114,0.51,1011.8,84,17.9,15.2,1.2,16
"2026-05-04 07:45:00",1055,41.38515,2.195923,24,99,128,0.58,130,0.58,1011.8,84,18,15.3,1.2,16.1
"2026-05-04 08:00:00",1056,41.38514,2.195878,19,76,104,0.47,106,0.47,1011.7,83,18.3,15.5,1.2,16.3
"2026-05-04 08:15:00",1057,41.38517,2.19591,17,217,245,0.79,247,0.79,1011.7,82,18.6,15.5,1.2,16.5
"2026-05-04 08:30:00",1058,41.38507,2.195915,21,133,161,0.17,163,0.17,1011.7,81,18.6,15.3,1.2,16.3
"2026-05-04 08:45:00",1059,41.38507,2.19593,21,346,14,0.12,15.95,0.12,1011.7,80,18.9,15.5,1.2,16.5
"2026-05-04 09:00:00",1060,41.38511,2.195907,19,259,287,0.43,289,0.43,1011.6,78,19.6,15.7,1.2,16.9
"2026-05-04 09:15:00",1061,41.38512,2.195886,19,200,228,0.55,230,0.55,1011.7,77,20.1,16,1.2,17.3
"2026-05-04 09:30:00",1062,41.38511,2.19587,20,134,162,1.53,164,1.53,1011.5,78,20,16.1,1.2,17.3
"2026-05-04 09:45:00",1063,41.38509,2.195873,19,89,117,0.71,119,0.71,1011.3,76,20.6,16.4,1.2,17.7
"2026-05-04 10:00:00",1064,41.38509,2.195879,17,108,136,1.39,138,1.39,1011.3,75,20.7,16.3,1.2,17.7
"2026-05-04 10:15:00",1065,41.38507,2.195876,15,123,152,0.81,154,0.81,1011.2,76,20.5,16.2,1.2,17.6
"2026-05-04 10:30:00",1066,41.38511,2.195866,14,113,142,1.93,144,1.93,1011.1,78,20,16.2,1.2,17.4
"2026-05-04 10:45:00",1067,41.38504,2.195903,25,54,83,0.54,85,0.57,1011.1,80,19.7,16.1,1.2,17.2
"2026-05-04 11:00:00",1068,41.38512,2.195903,20,101,130,1.82,132,1.85,1011.1,80,19.5,16.1,1.2,17.1
"2026-05-04 11:15:00",1069,41.38499,2.195925,29,107,136,1.69,138,1.69,1011.1,80,19.5,16.1,1.2,17.2
"2026-05-04 11:30:00",1070,41.38511,2.195893,20,164,193,1.95,195,1.95,1011.3,81,20.2,16.9,1.2,17.9
"2026-05-04 11:45:00",1071,41.38512,2.195845,21,55,84,1.26,86,1.26,1011,79,20.5,16.9,1.2,18
"2026-05-04 12:00:00",1072,41.38512,2.195843,19,154,183,0.86,185,0.86,1011.1,83,19.5,16.6,1.2,17.5
"2026-05-04 12:15:00",1073,41.38514,2.19585,19,9,38,1.33,39.95,1.33,1011.2,82,19.2,16.1,1.2,17.1
"2026-05-04 12:30:00",1074,41.38512,2.19586,17,126,155,1.46,157,1.46,1011.1,82,19.6,16.4,1.2,17.4
"2026-05-04 12:45:00",1075,41.38514,2.195948,22,88,117,1.9,119,1.9,1011,82,19.2,16.1,1.2,17
"2026-05-04 13:00:00",1076,41.38515,2.195941,23,70,99,2.06,101,2.06,1010.9,89,18.4,16.6,1.2,17.1
"2026-05-04 13:15:00",1077,41.38514,2.195915,21,77,115,0.87,117,0.87,1011,90,18.1,16.5,1.2,17
"2026-05-04 13:30:00",1078,41.38517,2.195801,22,163,198,0.59,200,0.59,1010.9,91,17.9,16.4,1.2,16.9
"2026-05-04 13:45:00",1079,41.38464,2.197048,24,49,317,0.59,319,0.53,1011,89,18.3,16.5,1.2,17
"2026-05-04 14:00:00",1080,41.38534,2.19543,12,21,67,1.94,68.95,1.5,1010.9,89,18.5,16.6,1.2,17.1
"2026-05-04 14:15:00",1081,41.38525,2.195648,20,346,20,0.1,21.95,0.1,1010.8,88,18.7,16.7,1.2,17.3
"2026-05-04 14:30:00",1082,41.38502,2.196403,19,222,256,0.7,258,0.7,1010.7,88,18.9,16.9,1.2,17.5
"2026-05-04 14:45:00",1083,41.38496,2.195698,21,153,181,0.6,183,0.6,1010.5,87,18.8,16.7,1.2,17.3
"2026-05-04 15:00:00",1084,41.38507,2.195835,21,86,120,0.25,122,0.25,1010.5,86,18.9,16.6,1.2,17.3
"2026-05-04 15:15:00",1085,41.38503,2.195874,21,98,121,1.93,123,1.37,1010.6,85,19.2,16.7,1.2,17.4
"2026-05-04 15:30:00",1086,41.38517,2.195823,19,181,215,0.5,217,0.5,1010.6,82,19.5,16.4,1.2,17.3
"2026-05-04 15:45:00",1087,41.38517,2.195855,17,148,182,0.36,184,0.36,1010.6,85,19.2,16.7,1.2,17.4
"2026-05-04 16:00:00",1088,100,1000,7999,138,172,1000,"NAN",0.52,1010.5,88,19,17,1.2,17.5
"2026-05-04 16:15:00",1089,41.38494,2.196036,21,103,91,0.6,93,0.66,1010.4,88,18.9,17,1.2,17.5
"2026-05-04 16:30:00",1090,41.38647,2.196233,21,197,305,0.2,307,0.38,1010.3,85,18.3,15.9,1.2,16.6
"2026-05-04 16:45:00",1091,41.39262,2.197746,21,229,223,1.54,225,0.86,1010.2,85,18.5,16.1,1.2,16.8
"2026-05-04 17:00:00",1092,41.39064,2.197233,21,320,28,1.43,29.95,0.13,1010.1,83,18.4,15.6,1.2,16.4
"2026-05-04 17:15:00",1093,41.38625,2.197253,21,125,159,1000,161,0.11,1009.9,85,18.5,16,1.2,16.7
"2026-05-04 17:30:00",1094,100,1000,7999,125,160,1000,"NAN",0.49,1009.7,86,18.4,16.1,1.2,16.7
