"TOA5","BoiaSomorrostro_cr1000xs","CR1000X","27337","CR1000X.8.2.1","CPU:IcatmarBoiaBarcelona.CR1X","30101","System"
"TIMESTAMP","RECORD","PTemp","Datalogg_Batt","Batt_Volt","Solar_Voltage","System_Current","CTD_PwrOff","ADP_PwrOff","SAMI_PwrOff","Meteo_PwrOff"
"TS","RN","Celsius","Volt","Volt","Volt","Amp","","","",""
"","","Smp","Smp","Smp","Smp","Smp","Smp","Smp","Smp","Smp"
"2025-07-16 12:00:00",23,28.69,12.55,12.6,12.63,0.097,0,0,0,0
"2025-07-16 13:00:00",24,29.8,12.51,12.51,12.51,0.154,0,0,0,0
"2025-07-16 14:00:00",25,30.5,12.51,12.56,12.59,0.102,0,0,0,0
"2025-07-16 15:00:00",26,30.41,12.47,12.52,12.55,0.108,0,0,0,0
"2025-07-16 16:00:00",27,30.07,12.45,12.5,12.52,0.108,0,0,0,0
"2025-07-16 17:00:00",28,29.92,12.44,12.49,12.51,0.104,0,0,0,0
"2025-07-16 18:00:00",29,30.04,12.44,12.49,12.51,0.104,0,0,0,0
"2025-07-16 19:00:00",30,30.23,12.45,12.5,12.51,0.11,0,0,0,0
"2025-07-16 20:00:00",31,30.38,12.43,12.48,12.5,0.105,0,0,0,0
"2025-07-16 21:00:00",32,30.46,12.41,12.46,12.48,0.11,0,0,0,0
"2025-07-16 22:00:00",33,30.16,12.4,12.45,1.803,0.109,0,0,0,0
"2025-07-16 23:00:00",34,29.8,12.38,12.42,1.449,0.132,0,0,0,0
"2025-07-17 00:00:00",35,29.54,12.37,12.42,1.351,0.134,0,0,0,0
"2025-07-17 01:00:00",36,29.34,12.37,12.42,1.667,0.14,0,0,0,0
"2025-07-17 02:00:00",37,29.16,12.37,12.42,1.189,0.142,0,0,0,0
"2025-07-17 03:00:00",38,28.99,12.37,12.42,1.188,0.137,0,0,0,0
"2025-07-17 04:00:00",39,28.81,12.37,12.42,1.576,0.145,0,0,0,0
"2025-07-17 05:00:00",40,28.61,12.38,12.43,1.188,0.118,0,0,0,0
"2025-07-17 06:00:00",41,28.41,12.38,12.43,1.98,0.105,0,0,0,0
"2025-07-17 07:00:00",42,28.24,12.38,12.43,12.45,0.104,0,0,0,0
"2025-07-17 08:00:00",43,28.15,12.4,12.44,12.46,0.104,0,0,0,0
"2025-07-17 09:00:00",44,28.38,12.42,12.47,12.49,0.118,0,0,0,0
"2025-07-17 10:00:00",45,28.91,12.44,12.49,12.51,0.102,0,0,0,0
"2025-07-17 11:00:00",46,29.39,12.46,12.48,12.53,0.126,0,0,0,0
"2025-07-17 12:00:00",47,29.94,12.48,12.52,12.55,0.106,0,0,0,0
"2025-07-17 13:00:00",48,31.01,12.5,12.54,12.57,0.103,0,0,0,0
"2025-07-17 14:00:00",49,31.44,12.48,12.52,12.56,0.115,0,0,0,0
"2025-07-17 15:00:00",50,31.06,12.45,12.49,12.5,0.12,0,0,0,0
"2025-07-17 16:00:00",51,30.55,12.43,12.49,12.5,0.117,0,0,0,0
"2025-07-17 17:00:00",52,30.09,12.43,12.48,12.49,0.107,0,0,0,0
"2025-07-17 18:00:00",53,29.81,12.39,12.44,12.43,0.202,0,0,0,0
"2025-07-17 19:00:00",54,29.63,12.43,12.48,12.49,0.105,0,0,0,0
"2025-07-17 20:00:00",55,29.51,12.42,12.47,12.49,0.102,0,0,0,0
"2025-07-17 21:00:00",56,29.6,12.39,12.44,12.46,0.107,0,0,0,0
"2025-07-17 22:00:00",57,29.55,12.38,12.43,1.735,0.103,0,0,0,0
"2025-07-17 23:00:00",58,29.37,12.35,12.37,1.44,0.144,0,0,0,0
"2025-07-18 00:00:00",59,29.19,12.37,12.4,1.911,0.134,0,0,0,0
"2025-07-18 01:00:00",60,29.02,12.36,12.4,1.868,0.128,0,0,0,0
"2025-07-18 02:00:00",61,28.83,12.36,12.41,1.342,0.141,0,0,0,0
"2025-07-18 03:00:00",62,28.65,12.36,12.41,2.004,0.141,0,0,0,0
"2025-07-18 04:00:00",63,28.48,12.36,12.41,1.852,0.137,0,0,0,0
"2025-07-18 05:00:00",64,28.32,12.35,12.4,1.923,0.15,0,0,0,0
"2025-07-18 06:00:00",65,28.15,12.37,12.41,1.584,0.108,0,0,0,0
"2025-07-18 07:00:00",66,28,12.37,12.42,12.53,0.103,0,0,0,0
"2025-07-18 08:00:00",67,28.03,12.38,12.43,12.45,0.105,0,0,0,0
"2025-07-18 09:00:00",68,28.31,12.39,12.44,12.46,0.105,0,0,0,0
"2025-07-18 10:00:00",69,28.84,12.42,12.47,12.49,0.103,0,0,0,0
"2025-07-18 11:00:00",70,29.57,12.44,12.49,12.51,0.107,0,0,0,0
"2025-07-18 12:00:00",71,30.99,12.49,12.54,12.55,0.104,0,0,0,0
"2025-07-18 13:00:00",72,32.75,12.51,12.55,12.58,0.108,0,0,0,0
"2025-07-18 14:00:00",73,32.19,12.48,12.53,12.55,0.112,0,0,0,0
"2025-07-18 15:00:00",74,30.99,12.45,12.5,12.52,0.108,0,0,0,0
"2025-07-18 16:00:00",75,30.33,12.43,12.48,12.5,0.103,0,0,0,0
"2025-07-18 17:00:00",76,30.05,12.42,12.47,12.48,0.103,0,0,0,0
"2025-07-18 18:00:00",77,29.84,12.42,12.47,12.49,0.102,0,0,0,0
"2025-07-18 19:00:00",78,29.79,12.42,12.46,12.47,0.134,0,0,0,0
"2025-07-18 20:00:00",79,29.6,12.39,12.44,12.45,0.134,0,0,0,0
"2025-07-18 21:00:00",80,29.35,12.37,12.42,12.42,0.136,0,0,0,0
"2025-07-18 22:00:00",81,29.13,12.36,12.37,1.673,0.195,0,0,0,0
"2025-07-18 23:00:00",82,28.95,12.36,12.4,1.986,0.134,0,0,0,0
"2025-07-19 00:00:00",83,28.95,12.36,12.4,1.299,0.137,0,0,0,0
"2025-07-19 01:00:00",84,28.89,12.36,12.39,1.537,0.135,0,0,0,0
"2025-07-19 02:00:00",85,28.88,12.36,12.4,1.4,0.109,0,0,0,0
"2025-07-19 03:00:00",86,28.79,12.36,12.4,1.894,0.106,0,0,0,0
"2025-07-19 04:00:00",87,28.54,12.36,12.4,1.481,0.106,0,0,0,0
"2025-07-19 05:00:00",88,28.49,12.36,12.41,1.793,0.102,0,0,0,0
"2025-07-19 06:00:00",89,28.24,12.36,12.41,2.062,0.104,0,0,0,0
"2025-07-19 07:00:00",90,28.08,12.36,12.41,12.36,0.105,0,0,0,0
"2025-07-19 08:00:00",91,28.1,12.37,12.42,12.44,0.103,0,0,0,0
"2025-07-19 09:00:00",92,28.41,12.39,12.44,12.46,0.104,0,0,0,0
"2025-07-19 10:00:00",93,29.01,12.39,12.45,12.46,0.124,0,0,0,0
"2025-07-19 11:00:00",94,29.19,12.43,12.48,12.5,0.103,0,0,0,0
"2025-07-19 12:00:00",95,30.55,12.48,12.51,12.55,0.11,0,0,0,0
"2025-07-19 13:00:00",96,32.77,12.49,12.54,12.56,0.104,0,0,0,0
"2025-07-19 14:00:00",97,32.83,12.47,12.52,12.54,0.115,0,0,0,0
"2025-07-19 15:00:00",98,31.35,12.44,12.49,12.5,0.111,0,0,0,0
"2025-07-19 16:00:00",99,30.26,12.42,12.47,12.49,0.103,0,0,0,0
"2025-07-19 17:00:00",100,29.72,12.42,12.47,12.47,0.11,0,0,0,0
"2025-07-19 18:00:00",101,29.4,12.41,12.46,12.48,0.104,0,0,0,0
"2025-07-19 19:00:00",102,29.19,12.42,12.47,12.47,0.106,0,0,0,0
"2025-07-19 20:00:00",103,28.93,12.38,12.43,12.43,0.139,0,0,0,0
"2025-07-19 21:00:00",104,28.71,12.36,12.4,12.41,0.133,0,0,0,0
"2025-07-19 22:00:00",105,28.42,12.35,12.4,1.451,0.133,0,0,0,0
"2025-07-19 23:00:00",106,28.11,12.34,12.39,1.667,0.143,0,0,0,0
"2025-07-20 00:00:00",107,27.82,12.35,12.37,1.346,0.185,0,0,0,0
"2025-07-20 01:00:00",108,27.68,12.32,12.35,1.376,0.193,0,0,0,0
"2025-07-20 02:00:00",109,27.62,12.35,12.4,2.038,0.111,0,0,0,0
"2025-07-20 03:00:00",110,27.63,12.35,12.39,2.067,0.113,0,0,0,0
"2025-07-20 04:00:00",111,27.65,12.34,12.39,1.627,0.13,0,0,0,0
"2025-07-20 05:00:00",112,27.65,12.35,12.4,1.524,0.102,0,0,0,0
"2025-07-20 06:00:00",113,27.68,12.34,12.4,1.831,0.105,0,0,0,0
"2025-07-20 07:00:00",114,27.68,12.34,12.4,12.37,0.104,0,0,0,0
"2025-07-20 08:00:00",115,27.75,12.36,12.41,12.43,0.103,0,0,0,0
"2025-07-20 09:00:00",116,28.04,12.37,12.42,12.44,0.113,0,0,0,0
"2025-07-20 10:00:00",117,28.38,12.41,12.46,12.48,0.105,0,0,0,0
"2025-07-20 11:00:00",118,28.84,12.43,12.48,12.51,0.104,0,0,0,0
"2025-07-20 12:00:00",119,29.98,12.47,12.52,12.55,0.108,0,0,0,0
"2025-07-20 13:00:00",120,31.21,12.48,12.53,12.55,0.116,0,0,0,0
"2025-07-20 14:00:00",121,31.42,12.46,12.5,12.52,0.109,0,0,0,0
"2025-07-20 15:00:00",122,30.51,12.42,12.47,12.49,0.116,0,0,0,0
"2025-07-20 16:00:00",123,29.96,12.4,12.45,12.47,0.107,0,0,0,0
"2025-07-20 17:00:00",124,29.78,12.4,12.45,12.45,0.11,0,0,0,0
"2025-07-20 18:00:00",125,29.8,12.39,12.44,12.45,0.118,0,0,0,0
"2025-07-20 19:00:00",126,30.08,12.4,12.44,12.47,0.104,0,0,0,0
"2025-07-20 20:00:00",127,30.5,12.37,12.4,12.4,0.154,0,0,0,0
"2025-07-20 21:00:00",128,30.62,12.35,12.39,12.4,0.141,0,0,0,0
"2025-07-20 22:00:00",129,30.34,12.34,12.37,1.414,0.142,0,0,0,0
"2025-07-20 23:00:00",130,30.06,12.34,12.39,1.346,0.137,0,0,0,0
"2025-07-21 00:00:00",131,29.73,12.34,12.38,1.751,0.137,0,0,0,0
"2025-07-21 01:00:00",132,29.48,12.33,12.38,1.275,0.134,0,0,0,0
"2025-07-21 02:00:00",133,29.23,12.34,12.39,1.795,0.117,0,0,0,0
"2025-07-21 03:00:00",134,28.99,12.34,12.39,1.297,0.106,0,0,0,0
"2025-07-21 04:00:00",135,28.79,12.33,12.39,1.326,0.112,0,0,0,0
"2025-07-21 05:00:00",136,28.39,12.34,12.39,1.997,0.109,0,0,0,0
"2025-07-21 06:00:00",137,28.08,12.34,12.39,1.921,0.103,0,0,0,0
"2025-07-21 07:00:00",138,27.84,12.34,12.39,12.34,0.117,0,0,0,0
"2025-07-21 08:00:00",139,27.55,12.34,12.39,12.4,0.109,0,0,0,0
"2025-07-21 09:00:00",140,27.41,12.36,12.41,12.43,0.108,0,0,0,0
"2025-07-21 10:00:00",141,27.55,12.38,12.43,12.44,0.104,0,0,0,0
"2025-07-21 11:00:00",142,27.73,12.41,12.45,12.47,0.11,0,0,0,0
"2025-07-21 12:00:00",143,29.12,12.43,12.48,12.51,0.104,0,0,0,0
"2025-07-21 13:00:00",144,31.04,12.46,12.51,12.53,0.107,0,0,0,0
"2025-07-21 14:00:00",145,31.45,12.44,12.49,12.52,0.104,0,0,0,0
"2025-07-21 15:00:00",146,30.05,12.38,12.39,12.39,0.179,0,0,0,0
"2025-07-21 16:00:00",147,28.98,12.39,12.44,12.46,0.101,0,0,0,0
"2025-07-21 17:00:00",148,28.29,12.38,12.43,12.45,0.11,0,0,0,0
"2025-07-21 18:00:00",149,27.94,12.36,12.38,12.39,0.196,0,0,0,0
"2025-07-21 19:00:00",150,27.67,12.35,12.37,12.34,0.176,0,0,0,0
"2025-07-21 20:00:00",151,27.49,12.35,12.4,12.4,0.142,0,0,0,0
"2025-07-21 21:00:00",152,27.22,12.33,12.37,12.39,0.143,0,0,0,0
"2025-07-21 22:00:00",153,26.93,12.32,12.37,1.766,0.133,0,0,0,0
"2025-07-21 23:00:00",154,26.75,12.32,12.37,1.722,0.133,0,0,0,0
"2025-07-22 00:00:00",155,26.59,12.32,12.36,1.42,0.137,0,0,0,0
"2025-07-22 01:00:00",156,26.54,12.33,12.38,2.059,0.109,0,0,0,0
"2025-07-22 02:00:00",157,26.43,12.32,12.35,2.048,0.135,0,0,0,0
"2025-07-22 03:00:00",158,26.3,12.32,12.37,2.106,0.106,0,0,0,0
"2025-07-22 04:00:00",159,26.1,12.32,12.37,1.535,0.114,0,0,0,0
"2025-07-22 05:00:00",160,25.96,12.32,12.36,1.34,0.108,0,0,0,0
"2025-07-22 06:00:00",161,25.88,12.32,12.37,1.4,0.106,0,0,0,0
"2025-07-22 07:00:00",162,25.81,12.32,12.37,12.39,0.108,0,0,0,0
"2025-07-22 08:00:00",163,25.91,12.34,12.39,12.41,0.102,0,0,0,0
"2025-07-22 09:00:00",164,26.48,12.36,12.41,12.42,0.103,0,0,0,0
"2025-07-22 10:00:00",165,27.07,12.39,12.44,12.46,0.107,0,0,0,0
"2025-07-22 11:00:00",166,27.47,12.4,12.44,12.45,0.122,0,0,0,0
"2025-07-22 12:00:00",167,27.85,12.4,12.46,12.48,0.114,0,0,0,0
"2025-07-22 13:00:00",168,27.77,12.42,12.47,12.49,0.107,0,0,0,0
"2025-07-22 14:00:00",169,28.07,12.43,12.47,12.5,0.105,0,0,0,0
"2025-07-22 15:00:00",170,28.03,12.39,12.44,12.42,0.123,0,0,0,0
"2025-07-22 16:00:00",171,28.01,12.38,12.41,12.38,0.194,0,0,0,0
"2025-07-22 17:00:00",172,27.89,12.36,12.4,12.41,0.133,0,0,0,0
"2025-07-22 18:00:00",173,27.84,12.34,12.39,12.4,0.164,0,0,0,0
"2025-07-22 19:00:00",174,27.89,12.34,12.38,12.39,0.137,0,0,0,0
"2025-07-22 20:00:00",175,28.04,12.34,12.38,12.39,0.143,0,0,0,0
"2025-07-22 21:00:00",176,28.21,12.32,12.37,12.38,0.152,0,0,0,0
"2025-07-22 22:00:00",177,28.02,12.32,12.37,1.262,0.103,0,0,0,0
"2025-07-22 23:00:00",178,27.87,12.31,12.33,1.944,0.151,0,0,0,0
"2025-07-23 00:00:00",179,27.75,12.32,12.37,1.906,0.111,0,0,0,0
"2025-07-23 01:00:00",180,27.66,12.3,12.36,1.904,0.106,0,0,0,0
"2025-07-23 02:00:00",181,27.6,12.31,12.37,1.419,0.103,0,0,0,0
"2025-07-23 03:00:00",182,27.55,12.31,12.37,1.413,0.107,0,0,0,0
"2025-07-23 04:00:00",183,27.46,12.31,12.36,1.935,0.112,0,0,0,0
"2025-07-23 05:00:00",184,27.38,12.31,12.36,1.34,0.104,0,0,0,0
"2025-07-23 06:00:00",185,27.37,12.31,12.36,2.112,0.106,0,0,0,0
"2025-07-23 07:00:00",186,27.4,12.31,12.36,11.47,0.107,0,0,0,0
"2025-07-23 08:00:00",187,27.4,12.31,12.36,12.47,0.103,0,0,0,0
"2025-07-23 09:00:00",188,27.55,12.34,12.39,12.41,0.107,0,0,0,0
"2025-07-23 10:00:00",189,27.95,12.33,12.38,12.39,0.107,0,0,0,0
"2025-07-23 11:00:00",190,27.66,12.35,12.41,12.43,0.115,0,0,0,0
"2025-07-23 12:00:00",191,27.46,12.37,12.42,12.45,0.107,0,0,0,0
"2025-07-23 13:00:00",192,28.09,12.39,12.44,12.46,0.105,0,0,0,0
"2025-07-23 14:00:00",193,28.6,12.4,12.46,12.47,0.112,0,0,0,0
"2025-07-23 15:00:00",194,28.83,12.35,12.4,12.37,0.149,0,0,0,0
"2025-07-23 16:00:00",195,28.86,12.37,12.42,12.44,0.114,0,0,0,0
"2025-07-23 17:00:00",196,28.97,12.37,12.42,12.41,0.131,0,0,0,0
"2025-07-23 18:00:00",197,29.04,12.35,12.4,12.39,0.139,0,0,0,0
"2025-07-23 19:00:00",198,28.92,12.34,12.38,12.38,0.127,0,0,0,0
"2025-07-23 20:00:00",199,28.26,12.32,12.37,12.37,0.131,0,0,0,0
"2025-07-23 21:00:00",200,27.48,12.3,12.35,12.36,0.13,0,0,0,0
"2025-07-23 22:00:00",201,26.94,12.3,12.35,1.726,0.141,0,0,0,0
"2025-07-23 23:00:00",202,26.65,12.3,12.34,1.365,0.133,0,0,0,0
"2025-07-24 00:00:00",203,26.34,12.3,12.34,1.369,0.131,0,0,0,0
"2025-07-24 01:00:00",204,26.09,12.29,12.34,1.641,0.141,0,0,0,0
"2025-07-24 02:00:00",205,25.16,12.3,12.35,1.525,0.121,0,0,0,0
"2025-07-24 03:00:00",206,24.49,12.3,12.35,1.819,0.103,0,0,0,0
"2025-07-24 04:00:00",207,23.83,12.3,12.35,1.789,0.106,0,0,0,0
"2025-07-24 05:00:00",208,23.22,12.27,12.31,1.728,0.16,0,0,0,0
"2025-07-24 06:00:00",209,22.48,12.29,12.35,1.522,0.106,0,0,0,0
"2025-07-24 07:00:00",210,22.15,12.29,12.34,6.98,0.105,0,0,0,0
"2025-07-24 08:00:00",211,21.99,12.29,12.35,12.36,0.101,0,0,0,0
"2025-07-24 09:00:00",212,21.9,12.3,12.35,12.36,0.102,0,0,0,0
"2025-07-24 10:00:00",213,21.85,12.3,12.35,12.36,0.102,0,0,0,0
"2025-07-24 11:00:00",214,21.82,12.3,12.36,12.37,0.106,0,0,0,0
"2025-07-24 12:00:00",215,21.9,12.29,12.35,12.37,0.104,0,0,0,0
"2025-07-24 13:00:00",216,22.04,12.3,12.35,12.37,0.101,0,0,0,0
"2025-07-24 14:00:00",217,22.19,12.26,12.31,12.31,0.17,0,0,0,0
"2025-07-24 15:00:00",218,22.28,12.31,12.37,12.39,0.1,0,0,0,0
"2025-07-24 16:00:00",219,22.14,12.28,12.33,12.35,0.105,0,0,0,0
"2025-07-24 17:00:00",220,21.52,12.28,12.34,12.33,0.116,0,0,0,0
"2025-07-24 18:00:00",221,21.2,12.25,12.32,12.32,0.109,0,0,0,0
"2025-07-24 19:00:00",222,21.07,12.27,12.32,12.34,0.106,0,0,0,0
"2025-07-24 20:00:00",223,21.18,12.27,12.32,12.34,0.104,0,0,0,0
"2025-07-24 21:00:00",224,21.34,12.27,12.32,12.34,0.104,0,0,0,0
"2025-07-24 22:00:00",225,21.47,12.26,12.32,1.42,0.108,0,0,0,0
"2025-07-24 23:00:00",226,21.5,12.26,12.31,1.505,0.124,0,0,0,0
"2025-07-25 00:00:00",227,21.54,12.25,12.3,1.437,0.133,0,0,0,0
"2025-07-25 01:00:00",228,21.5,12.25,12.3,1.276,0.131,0,0,0,0
"2025-07-25 02:00:00",229,21.43,12.25,12.31,1.397,0.131,0,0,0,0
"2025-07-25 03:00:00",230,21.42,12.22,12.27,1.569,0.184,0,0,0,0
"2025-07-25 04:00:00",231,21.4,12.25,12.3,1.944,0.134,0,0,0,0
"2025-07-25 05:00:00",232,21.35,12.26,12.32,1.843,0.108,0,0,0,0
"2025-07-25 06:00:00",233,21.31,12.26,12.32,1.359,0.107,0,0,0,0
"2025-07-25 07:00:00",234,21.29,12.26,12.31,12.42,0.103,0,0,0,0
"2025-07-25 08:00:00",235,21.34,12.27,12.33,12.33,0.101,0,0,0,0
"2025-07-25 09:00:00",236,21.67,12.28,12.33,12.34,0.198,0,0,0,0
"2025-07-25 10:00:00",237,22.31,12.32,12.39,12.39,0.106,0,0,0,0
"2025-07-25 11:00:00",238,22.91,12.35,12.41,12.43,0.113,0,0,0,0
"2025-07-25 12:00:00",239,24.31,12.4,12.45,12.46,0.102,0,0,0,0
"2025-07-25 13:00:00",240,26.57,12.42,12.47,12.49,0.104,0,0,0,0
"2025-07-25 14:00:00",241,26.72,12.38,12.43,12.45,0.104,0,0,0,0
"2025-07-25 15:00:00",242,26.32,12.35,12.41,12.43,0.105,0,0,0,0
"2025-07-25 16:00:00",243,26.03,12.33,12.38,12.39,0.11,0,0,0,0
"2025-07-25 17:00:00",244,25.93,12.32,12.37,12.39,0.106,0,0,0,0
"2025-07-25 18:00:00",245,26.03,12.32,12.38,12.39,0.1,0,0,0,0
"2025-07-25 19:00:00",246,26.24,12.28,12.33,12.35,0.12,0,0,0,0
"2025-07-25 20:00:00",247,23.49,12.29,12.34,12.37,0.113,0,0,0,0
"2025-07-25 21:00:00",248,22.45,12.27,12.33,12.34,0.102,0,0,0,0
"2025-07-25 22:00:00",249,22.48,12.26,12.32,1.384,0.1,0,0,0,0
"2025-07-25 23:00:00",250,22.24,12.26,12.32,1.916,0.105,0,0,0,0
"2025-07-26 00:00:00",251,21.99,12.25,12.3,1.653,0.131,0,0,0,0
"2025-07-26 01:00:00",252,21.89,12.25,12.3,1.667,0.148,0,0,0,0
"2025-07-26 02:00:00",253,21.86,12.25,12.3,1.97,0.131,0,0,0,0
"2025-07-26 03:00:00",254,21.86,12.22,12.26,1.637,0.185,0,0,0,0
"2025-07-26 04:00:00",255,21.95,12.24,12.29,1.46,0.133,0,0,0,0
"2025-07-26 05:00:00",256,22.01,12.25,12.3,1.609,0.132,0,0,0,0
"2025-07-26 06:00:00",257,21.92,12.25,12.3,1.328,0.102,0,0,0,0
"2025-07-26 07:00:00",258,21.83,12.25,12.31,12.32,0.102,0,0,0,0
"2025-07-26 08:00:00",259,21.86,12.28,12.33,12.35,0.133,0,0,0,0
"2025-07-26 09:00:00",260,22.06,12.3,12.36,12.38,0.109,0,0,0,0
"2025-07-26 10:00:00",261,22.41,12.32,12.38,12.4,0.14,0,0,0,0
"2025-07-26 11:00:00",262,23.1,12.34,12.39,12.42,0.108,0,0,0,0
"2025-07-26 12:00:00",263,24.24,12.39,12.45,12.47,0.11,0,0,0,0
"2025-07-26 13:00:00",264,26.03,12.4,12.45,12.47,0.112,0,0,0,0
"2025-07-26 14:00:00",265,26.56,12.36,12.41,12.44,0.102,0,0,0,0
"2025-07-26 15:00:00",266,26.34,12.32,12.38,12.37,0.121,0,0,0,0
"2025-07-26 16:00:00",267,26.08,12.3,12.37,12.38,0.106,0,0,0,0
"2025-07-26 17:00:00",268,26.01,12.3,12.35,12.37,0.103,0,0,0,0
"2025-07-26 18:00:00",269,26.1,12.29,12.35,12.37,0.101,0,0,0,0
"2025-07-26 19:00:00",270,26.3,12.3,12.36,12.37,0.106,0,0,0,0
"2025-07-26 20:00:00",271,26.44,12.28,12.34,12.36,0.11,0,0,0,0
"2025-07-26 21:00:00",272,26.62,12.26,12.32,12.34,0.111,0,0,0,0
"2025-07-26 22:00:00",273,26.42,12.26,12.32,1.262,0.121,0,0,0,0
"2025-07-26 23:00:00",274,26.16,12.25,12.31,1.777,0.113,0,0,0,0
"2025-07-27 00:00:00",275,25.94,12.25,12.29,1.236,0.147,0,0,0,0
"2025-07-27 01:00:00",276,25.79,12.25,12.3,1.952,0.132,0,0,0,0
"2025-07-27 02:00:00",277,25.63,12.25,12.3,1.773,0.142,0,0,0,0
"2025-07-27 03:00:00",278,25.45,12.24,12.29,1.811,0.13,0,0,0,0
"2025-07-27 04:00:00",279,25.3,12.24,12.27,1.797,0.187,0,0,0,0
"2025-07-27 05:00:00",280,25.18,12.24,12.29,1.247,0.13,0,0,0,0
"2025-07-27 06:00:00",281,25.08,12.25,12.3,1.971,0.111,0,0,0,0
"2025-07-27 07:00:00",282,24.74,12.25,12.31,12.41,0.103,0,0,0,0
"2025-07-27 08:00:00",283,24.45,12.27,12.32,12.34,0.105,0,0,0,0
"2025-07-27 09:00:00",284,24.43,12.3,12.35,12.37,0.114,0,0,0,0
"2025-07-27 10:00:00",285,24.79,12.31,12.36,12.37,0.118,0,0,0,0
"2025-07-27 11:00:00",286,25.46,12.33,12.38,12.41,0.104,0,0,0,0
"2025-07-27 12:00:00",287,26.57,12.39,12.44,12.47,0.103,0,0,0,0
"2025-07-27 13:00:00",288,28,12.38,12.43,12.46,0.104,0,0,0,0
"2025-07-27 14:00:00",289,28.23,12.34,12.39,12.38,0.168,0,0,0,0
"2025-07-27 15:00:00",290,27.98,12.34,12.4,12.42,0.113,0,0,0,0
"2025-07-27 16:00:00",291,27.71,12.32,12.37,12.38,0.103,0,0,0,0
"2025-07-27 17:00:00",292,27.72,12.3,12.33,12.35,0.172,0,0,0,0
"2025-07-27 18:00:00",293,27.78,12.3,12.35,12.37,0.106,0,0,0,0
"2025-07-27 19:00:00",294,27.84,12.31,12.35,12.37,0.109,0,0,0,0
"2025-07-27 20:00:00",295,27.87,12.28,12.34,12.35,0.113,0,0,0,0
"2025-07-27 21:00:00",296,27.71,12.26,12.31,12.32,0.108,0,0,0,0
"2025-07-27 22:00:00",297,27.2,12.26,12.31,1.294,0.104,0,0,0,0
"2025-07-27 23:00:00",298,26.82,12.25,12.29,1.844,0.129,0,0,0,0
"2025-07-28 00:00:00",299,26.62,12.24,12.29,1.511,0.141,0,0,0,0
"2025-07-28 01:00:00",300,26.47,12.24,12.29,1.775,0.131,0,0,0,0
"2025-07-28 02:00:00",301,26.39,12.24,12.29,1.623,0.133,0,0,0,0
"2025-07-28 03:00:00",302,26.38,12.24,12.28,1.495,0.146,0,0,0,0
"2025-07-28 04:00:00",303,26.38,12.22,12.27,1.588,0.152,0,0,0,0
"2025-07-28 05:00:00",304,26.24,12.24,12.29,1.361,0.129,0,0,0,0
"2025-07-28 06:00:00",305,26,12.22,12.25,1.31,0.147,0,0,0,0
"2025-07-28 07:00:00",306,25.77,12.24,12.3,12.25,0.105,0,0,0,0
"2025-07-28 08:00:00",307,25.56,12.24,12.3,12.79,0.106,0,0,0,0
"2025-07-28 09:00:00",308,25.45,12.21,12.27,12.24,0.148,0,0,0,0
"2025-07-28 10:00:00",309,25.16,12.27,12.33,12.34,0.111,0,0,0,0
"2025-07-28 11:00:00",310,25.2,12.29,12.34,12.36,0.102,0,0,0,0
"2025-07-28 12:00:00",311,25.62,12.31,12.36,12.39,0.104,0,0,0,0
"2025-07-28 13:00:00",312,26.54,12.35,12.4,12.42,0.105,0,0,0,0
"2025-07-28 14:00:00",313,27.52,12.32,12.38,12.39,0.111,0,0,0,0
"2025-07-28 15:00:00",314,27.38,12.28,12.29,12.29,0.141,0,0,0,0
"2025-07-28 16:00:00",315,27.1,12.3,12.34,12.37,0.103,0,0,0,0
"2025-07-28 17:00:00",316,27.07,12.31,12.37,12.39,0.104,0,0,0,0
"2025-07-28 18:00:00",317,27.13,12.3,12.36,12.37,0.118,0,0,0,0
"2025-07-28 19:00:00",318,27.16,12.28,12.33,12.36,0.102,0,0,0,0
"2025-07-28 20:00:00",319,27.19,12.26,12.32,12.33,0.107,0,0,0,0
"2025-07-28 21:00:00",320,26.96,12.24,12.29,12.24,0.123,0,0,0,0
"2025-07-28 22:00:00",321,25.68,12.24,12.3,1.8,0.104,0,0,0,0
"2025-07-28 23:00:00",322,24.91,12.24,12.29,1.3,0.106,0,0,0,0
"2025-07-29 00:00:00",323,24.63,12.23,12.29,1.898,0.104,0,0,0,0
"2025-07-29 01:00:00",324,24.62,12.22,12.28,1.704,0.136,0,0,0,0
"2025-07-29 02:00:00",325,24.55,12.22,12.27,1.226,0.126,0,0,0,0
"2025-07-29 03:00:00",326,24.51,12.22,12.27,1.896,0.129,0,0,0,0
"2025-07-29 04:00:00",327,24.48,12.22,12.27,1.898,0.14,0,0,0,0
"2025-07-29 05:00:00",328,24.37,12.22,12.27,1.308,0.132,0,0,0,0
"2025-07-29 06:00:00",329,24.17,12.22,12.27,1.222,0.129,0,0,0,0
"2025-07-29 07:00:00",330,23.97,12.19,12.24,12.35,0.178,0,0,0,0
"2025-07-29 08:00:00",331,23.83,12.24,12.3,12.31,0.108,0,0,0,0
"2025-07-29 09:00:00",332,23.9,12.27,12.32,12.34,0.102,0,0,0,0
"2025-07-29 10:00:00",333,24.25,12.28,12.34,12.36,0.103,0,0,0,0
"2025-07-29 11:00:00",334,24.78,12.29,12.32,12.32,0.162,0,0,0,0
"2025-07-29 12:00:00",335,25.53,12.37,12.43,12.43,0.105,0,0,0,0
"2025-07-29 13:00:00",336,26.56,12.36,12.41,12.44,0.104,0,0,0,0
"2025-07-29 14:00:00",337,26.71,12.33,12.38,12.4,0.114,0,0,0,0
"2025-07-29 15:00:00",338,26.37,12.29,12.34,12.35,0.12,0,0,0,0
"2025-07-29 16:00:00",339,26.23,12.28,12.33,12.35,0.103,0,0,0,0
"2025-07-29 17:00:00",340,26.42,12.27,12.32,12.34,0.107,0,0,0,0
"2025-07-29 18:00:00",341,26.53,12.27,12.32,12.34,0.108,0,0,0,0
"2025-07-29 19:00:00",342,26.57,12.27,12.32,12.34,0.109,0,0,0,0
"2025-07-29 20:00:00",343,26.53,12.25,12.31,12.32,0.116,0,0,0,0
"2025-07-29 21:00:00",344,26.52,12.23,12.29,12.3,0.119,0,0,0,0
"2025-07-29 22:00:00",345,26.4,12.23,12.28,1.741,0.106,0,0,0,0
"2025-07-29 23:00:00",346,26.34,12.22,12.28,1.795,0.105,0,0,0,0
"2025-07-30 00:00:00",347,26.34,12.22,12.28,1.888,0.111,0,0,0,0
"2025-07-30 01:00:00",348,26.33,12.22,12.28,1.906,0.106,0,0,0,0
"2025-07-30 02:00:00",349,25.99,12.22,12.27,1.601,0.135,0,0,0,0
"2025-07-30 03:00:00",350,25.53,12.21,12.25,1.455,0.132,0,0,0,0
"2025-07-30 04:00:00",351,25.31,12.21,12.26,1.495,0.132,0,0,0,0
"2025-07-30 05:00:00",352,25.19,12.21,12.26,1.251,0.135,0,0,0,0
"2025-07-30 06:00:00",353,25.07,12.21,12.26,1.881,0.13,0,0,0,0
"2025-07-30 07:00:00",354,24.97,12.2,12.26,12.23,0.133,0,0,0,0
"2025-07-30 08:00:00",355,24.84,12.22,12.27,12.28,0.148,0,0,0,0
"2025-07-30 09:00:00",356,24.85,12.24,12.29,12.27,0.151,0,0,0,0
"2025-07-30 10:00:00",357,25.11,12.26,12.31,12.33,0.105,0,0,0,0
"2025-07-30 11:00:00",358,25.56,12.29,12.35,12.37,0.105,0,0,0,0
"2025-07-30 12:00:00",359,26.25,12.35,12.4,12.42,0.104,0,0,0,0
"2025-07-30 13:00:00",360,26.97,12.33,12.39,12.41,0.104,0,0,0,0
"2025-07-30 14:00:00",361,27.1,12.32,12.37,12.39,0.111,0,0,0,0
"2025-07-30 15:00:00",362,27.09,12.29,12.35,12.36,0.122,0,0,0,0
"2025-07-30 16:00:00",363,27.11,12.27,12.32,12.34,0.111,0,0,0,0
"2025-07-30 17:00:00",364,27.12,12.26,12.31,12.32,0.104,0,0,0,0
"2025-07-30 18:00:00",365,27.1,12.25,12.31,12.32,0.113,0,0,0,0
"2025-07-30 19:00:00",366,27.09,12.26,12.31,12.33,0.104,0,0,0,0
"2025-07-30 20:00:00",367,27.04,12.24,12.29,12.31,0.11,0,0,0,0
"2025-07-30 21:00:00",368,26.99,12.22,12.27,12.29,0.111,0,0,0,0
"2025-07-30 22:00:00",369,26.77,12.22,12.27,1.735,0.105,0,0,0,0
"2025-07-30 23:00:00",370,26.57,12.21,12.26,1.714,0.109,0,0,0,0
"2025-07-31 00:00:00",371,26.43,12.21,12.27,1.383,0.119,0,0,0,0
"2025-07-31 01:00:00",372,26.31,12.21,12.26,1.456,0.124,0,0,0,0
"2025-07-31 02:00:00",373,26.2,12.19,12.24,1.907,0.152,0,0,0,0
"2025-07-31 03:00:00",374,26.05,12.19,12.23,1.629,0.147,0,0,0,0
"2025-07-31 04:00:00",375,25.9,12.2,12.24,1.365,0.164,0,0,0,0
"2025-07-31 05:00:00",376,25.7,12.17,12.22,1.924,0.177,0,0,0,0
"2025-07-31 06:00:00",377,25.51,12.2,12.25,1.97,0.134,0,0,0,0
"2025-07-31 07:00:00",378,25.39,12.19,12.24,12.24,0.135,0,0,0,0
"2025-07-31 08:00:00",379,25.35,12.21,12.26,12.26,0.132,0,0,0,0
"2025-07-31 09:00:00",380,25.6,12.25,12.3,12.32,0.109,0,0,0,0
"2025-07-31 10:00:00",381,26.18,12.26,12.31,12.33,0.108,0,0,0,0
"2025-07-31 11:00:00",382,26.91,12.28,12.33,12.35,0.107,0,0,0,0
"2025-07-31 12:00:00",383,27.6,12.36,12.41,12.43,0.11,0,0,0,0
"2025-07-31 13:00:00",384,28.86,12.33,12.38,12.41,0.108,0,0,0,0
"2025-07-31 14:00:00",385,29.86,12.3,12.36,12.37,0.115,0,0,0,0
"2025-07-31 15:00:00",386,29.74,12.27,12.33,12.34,0.103,0,0,0,0
"2025-07-31 16:00:00",387,29.44,12.26,12.32,12.32,0.102,0,0,0,0
"2025-07-31 17:00:00",388,29.2,12.25,12.3,12.31,0.112,0,0,0,0
"2025-07-31 18:00:00",389,29.07,12.25,12.29,12.3,0.102,0,0,0,0
"2025-07-31 19:00:00",390,28.99,12.25,12.3,12.3,0.113,0,0,0,0
"2025-07-31 20:00:00",391,28.89,12.21,12.27,12.27,0.104,0,0,0,0
"2025-07-31 21:00:00",392,28.78,12.21,12.27,12.28,0.113,0,0,0,0
"2025-07-31 22:00:00",393,28.44,12.19,12.24,1.621,0.123,0,0,0,0
"2025-07-31 23:00:00",394,28.1,12.2,12.26,1.9,0.105,0,0,0,0
"2025-08-01 00:00:00",395,27.83,12.21,12.26,1.775,0.108,0,0,0,0
"2025-08-01 01:00:00",396,27.6,12.2,12.25,1.963,0.128,0,0,0,0
"2025-08-01 02:00:00",397,27.41,12.18,12.24,1.301,0.141,0,0,0,0
"2025-08-01 03:00:00",398,27.22,12.19,12.25,1.32,0.145,0,0,0,0
"2025-08-01 04:00:00",399,27.05,12.19,12.24,1.53,0.137,0,0,0,0
"2025-08-01 05:00:00",400,26.86,12.18,12.24,1.523,0.133,0,0,0,0
"2025-08-01 06:00:00",401,26.68,12.19,12.23,1.715,0.13,0,0,0,0
"2025-08-01 07:00:00",402,26.47,12.19,12.23,12.27,0.137,0,0,0,0
"2025-08-01 08:00:00",403,26.26,12.21,12.26,12.27,0.113,0,0,0,0
"2025-08-01 09:00:00",404,26.43,12.24,12.3,12.32,0.103,0,0,0,0
"2025-08-01 10:00:00",405,26.92,12.27,12.32,12.34,0.114,0,0,0,0
"2025-08-01 11:00:00",406,27.38,12.29,12.33,12.36,0.105,0,0,0,0
"2025-08-01 12:00:00",407,28.2,12.35,12.39,12.4,0.108,0,0,0,0
"2025-08-01 13:00:00",408,28.7,12.35,12.4,12.41,0.104,0,0,0,0
"2025-08-01 14:00:00",409,29.03,12.3,12.34,12.33,0.188,0,0,0,0
"2025-08-01 15:00:00",410,29,12.3,12.35,12.35,0.114,0,0,0,0
"2025-08-01 16:00:00",411,28.8,12.28,12.33,12.34,0.102,0,0,0,0
"2025-08-01 17:00:00",412,28.76,12.27,12.31,12.33,0.103,0,0,0,0
"2025-08-01 18:00:00",413,28.82,12.26,12.31,12.32,0.113,0,0,0,0
"2025-08-01 19:00:00",414,28.8,12.24,12.3,12.31,0.103,0,0,0,0
"2025-08-01 20:00:00",415,28.64,12.2,12.27,12.26,0.109,0,0,0,0
"2025-08-01 21:00:00",416,28.35,12.21,12.26,12.28,0.107,0,0,0,0
"2025-08-01 22:00:00",417,28.07,12.19,12.25,1.832,0.103,0,0,0,0
"2025-08-01 23:00:00",418,27.86,12.2,12.26,1.292,0.125,0,0,0,0
"2025-08-02 00:00:00",419,27.69,12.17,12.21,1.311,0.155,0,0,0,0
"2025-08-02 01:00:00",420,27.55,12.19,12.25,1.701,0.105,0,0,0,0
"2025-08-02 02:00:00",421,27.41,12.19,12.24,1.299,0.115,0,0,0,0
"2025-08-02 03:00:00",422,27.27,12.18,12.23,1.256,0.137,0,0,0,0
"2025-08-02 04:00:00",423,27.14,12.18,12.23,1.868,0.133,0,0,0,0
"2025-08-02 05:00:00",424,27.05,12.18,12.23,1.881,0.133,0,0,0,0
"2025-08-02 06:00:00",425,26.96,12.18,12.23,1.244,0.135,0,0,0,0
"2025-08-02 07:00:00",426,26.87,12.17,12.23,12.17,0.134,0,0,0,0
"2025-08-02 08:00:00",427,26.75,12.18,12.23,12.22,0.173,0,0,0,0
"2025-08-02 09:00:00",428,26.78,12.22,12.27,12.3,0.107,0,0,0,0
"2025-08-02 10:00:00",429,27.12,12.24,12.29,12.31,0.13,0,0,0,0
"2025-08-02 11:00:00",430,27.57,12.27,12.32,12.34,0.104,0,0,0,0
"2025-08-02 12:00:00",431,28.44,12.37,12.41,12.44,0.106,0,0,0,0
"2025-08-02 13:00:00",432,29.43,12.32,12.37,12.39,0.113,0,0,0,0
"2025-08-02 14:00:00",433,29.81,12.28,12.32,12.35,0.103,0,0,0,0
"2025-08-02 15:00:00",434,29.4,12.22,12.29,12.28,0.122,0,0,0,0
"2025-08-02 16:00:00",435,28.88,12.25,12.3,12.32,0.11,0,0,0,0
"2025-08-02 17:00:00",436,28.58,12.23,12.28,12.31,0.108,0,0,0,0
"2025-08-02 18:00:00",437,28.37,12.23,12.27,12.26,0.179,0,0,0,0
"2025-08-02 19:00:00",438,28.3,12.22,12.27,12.29,0.112,0,0,0,0
"2025-08-02 20:00:00",439,28.16,12.28,12.33,12.35,0.107,0,0,0,0
"2025-08-02 21:00:00",440,28,12.19,12.25,12.26,0.104,0,0,0,0
"2025-08-02 22:00:00",441,27.79,12.19,12.24,1.663,0.103,0,0,0,0
"2025-08-02 23:00:00",442,27.64,12.19,12.24,1.916,0.104,0,0,0,0
"2025-08-03 00:00:00",443,27.45,12.18,12.24,1.251,0.121,0,0,0,0
"2025-08-03 01:00:00",444,27.18,12.18,12.23,1.66,0.109,0,0,0,0
"2025-08-03 02:00:00",445,27.07,12.17,12.22,1.47,0.123,0,0,0,0
"2025-08-03 03:00:00",446,27.03,12.17,12.22,1.839,0.131,0,0,0,0
"2025-08-03 04:00:00",447,26.99,12.16,12.21,1.367,0.154,0,0,0,0
"2025-08-03 05:00:00",448,26.92,12.17,12.22,1.874,0.141,0,0,0,0
"2025-08-03 06:00:00",449,26.85,12.17,12.21,1.34,0.134,0,0,0,0
"2025-08-03 07:00:00",450,26.58,12.17,12.21,12.04,0.127,0,0,0,0
"2025-08-03 08:00:00",451,26.42,12.17,12.21,12.22,0.184,0,0,0,0
"2025-08-03 09:00:00",452,26.42,12.21,12.25,12.25,0.14,0,0,0,0
"2025-08-03 10:00:00",453,26.68,12.23,12.28,12.31,0.104,0,0,0,0
"2025-08-03 11:00:00",454,27.09,12.27,12.32,12.33,0.102,0,0,0,0
"2025-08-03 12:00:00",455,27.83,12.32,12.37,12.4,0.106,0,0,0,0
"2025-08-03 13:00:00",456,28.64,12.3,12.36,12.38,0.105,0,0,0,0
"2025-08-03 14:00:00",457,28.8,12.27,12.33,12.34,0.106,0,0,0,0
"2025-08-03 15:00:00",458,28.36,12.25,12.3,12.32,0.113,0,0,0,0
"2025-08-03 16:00:00",459,27.93,12.23,12.28,12.3,0.114,0,0,0,0
"2025-08-03 17:00:00",460,27.64,12.22,12.27,12.29,0.105,0,0,0,0
"2025-08-03 18:00:00",461,27.47,12.21,12.26,12.28,0.105,0,0,0,0
"2025-08-03 19:00:00",462,27.35,12.21,12.26,12.27,0.111,0,0,0,0
"2025-08-03 20:00:00",463,27.16,12.21,12.27,12.28,0.102,0,0,0,0
"2025-08-03 21:00:00",464,26.98,12.17,12.22,12.23,0.13,0,0,0,0
"2025-08-03 22:00:00",465,26.8,12.15,12.2,1.434,0.154,0,0,0,0
"2025-08-03 23:00:00",466,26.7,12.17,12.23,1.438,0.104,0,0,0,0
"2025-08-04 00:00:00",467,26.62,12.17,12.22,1.227,0.102,0,0,0,0
"2025-08-04 01:00:00",468,26.55,12.17,12.22,1.93,0.115,0,0,0,0
"2025-08-04 02:00:00",469,26.48,12.16,12.22,1.419,0.111,0,0,0,0
"2025-08-04 03:00:00",470,26.41,12.16,12.21,1.218,0.134,0,0,0,0
"2025-08-04 04:00:00",471,26.32,12.12,12.2,1.933,0.134,0,0,0,0
"2025-08-04 05:00:00",472,26.17,12.16,12.2,1.309,0.144,0,0,0,0
"2025-08-04 06:00:00",473,26.02,12.15,12.2,1.215,0.133,0,0,0,0
"2025-08-04 07:00:00",474,25.85,12.15,12.2,12.14,0.134,0,0,0,0
"2025-08-04 08:00:00",475,25.77,12.16,12.21,12.21,0.131,0,0,0,0
"2025-08-04 09:00:00",476,25.91,12.16,12.2,12.18,0.176,0,0,0,0
"2025-08-04 10:00:00",477,26.42,12.23,12.28,12.28,0.104,0,0,0,0
"2025-08-04 11:00:00",478,27.06,12.24,12.3,12.32,0.107,0,0,0,0
"2025-08-04 12:00:00",479,28.08,12.34,12.38,12.38,0.156,0,0,0,0
"2025-08-04 13:00:00",480,29.61,12.31,12.36,12.39,0.107,0,0,0,0
"2025-08-04 14:00:00",481,30.36,12.28,12.33,12.35,0.106,0,0,0,0
"2025-08-04 15:00:00",482,30.48,12.24,12.29,12.3,0.128,0,0,0,0
"2025-08-04 16:00:00",483,30.33,12.21,12.23,12.23,0.146,0,0,0,0
"2025-08-04 17:00:00",484,30.13,12.22,12.27,12.28,0.101,0,0,0,0
"2025-08-04 18:00:00",485,29.88,12.21,12.26,12.28,0.104,0,0,0,0
"2025-08-04 19:00:00",486,29.69,12.2,12.25,12.25,0.101,0,0,0,0
"2025-08-04 20:00:00",487,29.48,12.24,12.29,12.31,0.106,0,0,0,0
"2025-08-04 21:00:00",488,29.26,12.18,12.22,12.25,0.105,0,0,0,0
"2025-08-04 22:00:00",489,28.95,12.17,12.22,1.624,0.107,0,0,0,0
"2025-08-04 23:00:00",490,28.67,12.17,12.21,1.275,0.112,0,0,0,0
"2025-08-05 00:00:00",491,28.43,12.17,12.21,1.564,0.103,0,0,0,0
"2025-08-05 01:00:00",492,28.24,12.16,12.22,1.287,0.105,0,0,0,0
"2025-08-05 02:00:00",493,28.07,12.15,12.2,1.368,0.144,0,0,0,0
"2025-08-05 03:00:00",494,27.92,12.15,12.2,1.893,0.136,0,0,0,0
"2025-08-05 04:00:00",495,27.77,12.15,12.2,1.845,0.135,0,0,0,0
"2025-08-05 05:00:00",496,27.62,12.15,12.19,1.409,0.133,0,0,0,0
"2025-08-05 06:00:00",497,27.46,12.15,12.2,1.219,0.143,0,0,0,0
"2025-08-05 07:00:00",498,27.29,12.15,12.19,12.16,0.135,0,0,0,0
"2025-08-05 08:00:00",499,27.16,12.16,12.21,12.2,0.132,0,0,0,0
"2025-08-05 09:00:00",500,27.31,12.19,12.24,12.26,0.11,0,0,0,0
"2025-08-05 10:00:00",501,27.7,12.2,12.25,12.26,0.119,0,0,0,0
"2025-08-05 11:00:00",502,28.08,12.22,12.28,12.3,0.104,0,0,0,0
"2025-08-05 12:00:00",503,29.07,12.32,12.37,12.4,0.118,0,0,0,0
"2025-08-05 13:00:00",504,30.66,12.28,12.33,12.35,0.112,0,0,0,0
"2025-08-05 14:00:00",505,30.97,12.25,12.3,12.32,0.109,0,0,0,0
"2025-08-05 15:00:00",506,30.54,12.22,12.28,12.29,0.107,0,0,0,0
"2025-08-05 16:00:00",507,29.94,12.21,12.26,12.28,0.105,0,0,0,0
"2025-08-05 17:00:00",508,29.51,12.2,12.24,12.26,0.106,0,0,0,0
"2025-08-05 18:00:00",509,29.52,12.19,12.24,12.25,0.108,0,0,0,0
"2025-08-05 19:00:00",510,29.71,12.18,12.24,12.24,0.105,0,0,0,0
"2025-08-05 20:00:00",511,29.96,12.2,12.25,12.28,0.104,0,0,0,0
"2025-08-05 21:00:00",512,30.02,12.16,12.2,12.22,0.107,0,0,0,0
"2025-08-05 22:00:00",513,29.67,12.16,12.18,1.833,0.133,0,0,0,0
"2025-08-05 23:00:00",514,29.38,12.12,12.16,1.386,0.154,0,0,0,0
"2025-08-06 00:00:00",515,29.14,12.15,12.21,1.772,0.108,0,0,0,0
"2025-08-06 01:00:00",516,28.91,12.12,12.15,1.251,0.183,0,0,0,0
"2025-08-06 02:00:00",517,28.69,12.14,12.19,1.822,0.132,0,0,0,0
"2025-08-06 03:00:00",518,28.48,12.14,12.18,1.878,0.133,0,0,0,0
"2025-08-06 04:00:00",519,28.21,12.13,12.17,1.896,0.159,0,0,0,0
"2025-08-06 05:00:00",520,27.95,12.14,12.19,1.242,0.143,0,0,0,0
"2025-08-06 06:00:00",521,27.68,12.14,12.19,1.644,0.134,0,0,0,0
"2025-08-06 07:00:00",522,27.39,12.13,12.19,12.15,0.131,0,0,0,0
"2025-08-06 08:00:00",523,27.23,12.15,12.21,12.22,0.105,0,0,0,0
"2025-08-06 09:00:00",524,27.28,12.18,12.23,12.25,0.104,0,0,0,0
"2025-08-06 10:00:00",525,27.6,12.2,12.25,12.27,0.103,0,0,0,0
"2025-08-06 11:00:00",526,27.85,12.22,12.27,12.28,0.105,0,0,0,0
"2025-08-06 12:00:00",527,28.52,12.31,12.36,12.38,0.103,0,0,0,0
"2025-08-06 13:00:00",528,29.72,12.27,12.32,12.35,0.105,0,0,0,0
"2025-08-06 14:00:00",529,29.93,12.25,12.3,12.31,0.103,0,0,0,0
"2025-08-06 15:00:00",530,29.47,12.22,12.27,12.29,0.103,0,0,0,0
"2025-08-06 16:00:00",531,28.95,12.21,12.27,12.28,0.112,0,0,0,0
"2025-08-06 17:00:00",532,28.7,12.21,12.26,12.27,0.108,0,0,0,0
"2025-08-06 18:00:00",533,28.72,12.2,12.26,12.26,0.104,0,0,0,0
"2025-08-06 19:00:00",534,28.77,12.19,12.25,12.26,0.105,0,0,0,0
"2025-08-06 20:00:00",535,28.7,12.18,12.23,12.25,0.107,0,0,0,0
"2025-08-06 21:00:00",536,28.52,12.15,12.2,12.21,0.122,0,0,0,0
"2025-08-06 22:00:00",537,28.31,12.15,12.19,1.821,0.124,0,0,0,0
"2025-08-06 23:00:00",538,28.09,12.15,12.2,1.273,0.103,0,0,0,0
"2025-08-07 00:00:00",539,27.91,12.14,12.19,1.753,0.109,0,0,0,0
"2025-08-07 01:00:00",540,27.78,12.13,12.19,1.328,0.128,0,0,0,0
"2025-08-07 02:00:00",541,27.68,12.12,12.18,1.912,0.145,0,0,0,0
"2025-08-07 03:00:00",542,27.58,12.13,12.18,1.798,0.13,0,0,0,0
"2025-08-07 04:00:00",543,27.49,12.13,12.18,1.895,0.13,0,0,0,0
"2025-08-07 05:00:00",544,27.39,12.12,12.17,1.83,0.133,0,0,0,0
"2025-08-07 06:00:00",545,27.26,12.12,12.17,1.653,0.133,0,0,0,0
"2025-08-07 07:00:00",546,27.13,12.12,12.17,12.06,0.146,0,0,0,0
"2025-08-07 08:00:00",547,27.02,12.14,12.18,12.21,0.116,0,0,0,0
"2025-08-07 09:00:00",548,27.1,12.16,12.21,12.22,0.106,0,0,0,0
"2025-08-07 10:00:00",549,27.44,12.18,12.24,12.26,0.104,0,0,0,0
"2025-08-07 11:00:00",550,27.86,12.2,12.25,12.28,0.105,0,0,0,0
"2025-08-07 12:00:00",551,28.62,12.28,12.35,12.32,0.121,0,0,0,0
"2025-08-07 13:00:00",552,29.44,12.27,12.32,12.34,0.113,0,0,0,0
"2025-08-07 14:00:00",553,29.68,12.23,12.28,12.3,0.106,0,0,0,0
"2025-08-07 15:00:00",554,29.44,12.21,12.24,12.23,0.172,0,0,0,0
"2025-08-07 16:00:00",555,29.26,12.18,12.23,12.24,0.123,0,0,0,0
"2025-08-07 17:00:00",556,29.17,12.18,12.23,12.25,0.104,0,0,0,0
"2025-08-07 18:00:00",557,29.1,12.17,12.23,12.24,0.111,0,0,0,0
"2025-08-07 19:00:00",558,29.05,12.16,12.22,12.23,0.111,0,0,0,0
"2025-08-07 20:00:00",559,28.94,12.15,12.2,12.22,0.105,0,0,0,0
"2025-08-07 21:00:00",560,28.79,12.13,12.19,12.2,0.121,0,0,0,0
"2025-08-07 22:00:00",561,28.6,12.13,12.19,1.837,0.111,0,0,0,0
"2025-08-07 23:00:00",562,28.39,12.13,12.18,1.789,0.114,0,0,0,0
"2025-08-08 00:00:00",563,28.2,12.13,12.18,1.307,0.115,0,0,0,0
"2025-08-08 01:00:00",564,28.03,12.11,12.17,1.665,0.132,0,0,0,0
"2025-08-08 02:00:00",565,27.86,12.12,12.17,1.209,0.146,0,0,0,0
"2025-08-08 03:00:00",566,27.72,12.12,12.16,1.252,0.132,0,0,0,0
"2025-08-08 04:00:00",567,27.57,12.12,12.17,1.855,0.142,0,0,0,0
"2025-08-08 05:00:00",568,27.32,12.11,12.16,1.819,0.136,0,0,0,0
"2025-08-08 06:00:00",569,26.98,12.12,12.17,1.927,0.108,0,0,0,0
"2025-08-08 07:00:00",570,26.63,12.11,12.14,12.07,0.164,0,0,0,0
"2025-08-08 08:00:00",571,26.36,12.13,12.19,12.2,0.115,0,0,0,0
"2025-08-08 09:00:00",572,26.32,12.16,12.2,12.22,0.102,0,0,0,0
"2025-08-08 10:00:00",573,26.81,12.17,12.23,12.25,0.108,0,0,0,0
"2025-08-08 11:00:00",574,27.5,12.18,12.23,12.24,0.121,0,0,0,0
"2025-08-08 12:00:00",575,28.59,12.3,12.35,12.38,0.108,0,0,0,0
"2025-08-08 13:00:00",576,29.9,12.26,12.31,12.32,0.103,0,0,0,0
"2025-08-08 14:00:00",577,30.19,12.22,12.28,12.29,0.113,0,0,0,0
"2025-08-08 15:00:00",578,30.03,12.19,12.25,12.27,0.112,0,0,0,0
"2025-08-08 16:00:00",579,29.78,12.18,12.22,12.25,0.119,0,0,0,0
"2025-08-08 17:00:00",580,29.66,12.16,12.22,12.23,0.104,0,0,0,0
"2025-08-08 18:00:00",581,29.62,12.16,12.22,12.22,0.11,0,0,0,0
"2025-08-08 19:00:00",582,29.61,12.15,12.21,12.21,0.107,0,0,0,0
"2025-08-08 20:00:00",583,29.52,12.14,12.19,12.2,0.115,0,0,0,0
"2025-08-08 21:00:00",584,29.35,12.13,12.18,8.95,0.108,0,0,0,0
"2025-08-08 22:00:00",585,29.15,12.11,12.18,1.642,0.102,0,0,0,0
"2025-08-08 23:00:00",586,28.99,12.11,12.16,1.217,0.129,0,0,0,0
"2025-08-09 00:00:00",587,28.86,12.11,12.15,1.582,0.128,0,0,0,0
"2025-08-09 01:00:00",588,28.71,12.08,12.14,1.327,0.153,0,0,0,0
"2025-08-09 02:00:00",589,28.56,12.11,12.16,1.653,0.135,0,0,0,0
"2025-08-09 03:00:00",590,28.41,12.09,12.15,1.45,0.148,0,0,0,0
"2025-08-09 04:00:00",591,28.24,12.1,12.14,1.911,0.149,0,0,0,0
"2025-08-09 05:00:00",592,28.02,12.1,12.15,1.956,0.133,0,0,0,0
"2025-08-09 06:00:00",593,27.8,12.11,12.16,1.987,0.108,0,0,0,0
"2025-08-09 07:00:00",594,27.56,12.11,12.16,12.06,0.114,0,0,0,0
"2025-08-09 08:00:00",595,27.17,12.12,12.17,12.19,0.103,0,0,0,0
"2025-08-09 09:00:00",596,27.02,12.14,12.2,12.2,0.103,0,0,0,0
"2025-08-09 10:00:00",597,27.39,12.16,12.22,12.24,0.105,0,0,0,0
"2025-08-09 11:00:00",598,27.97,12.17,12.22,12.25,0.102,0,0,0,0
"2025-08-09 12:00:00",599,29.21,12.29,12.34,12.37,0.103,0,0,0,0
"2025-08-09 13:00:00",600,30.78,12.21,12.26,12.24,0.153,0,0,0,0
"2025-08-09 14:00:00",601,31.15,12.21,12.26,12.27,0.117,0,0,0,0
"2025-08-09 15:00:00",602,30.64,12.18,12.23,12.24,0.112,0,0,0,0
"2025-08-09 16:00:00",603,30.23,12.16,12.21,12.24,0.115,0,0,0,0
"2025-08-09 17:00:00",604,29.95,12.15,12.2,12.21,0.104,0,0,0,0
"2025-08-09 18:00:00",605,29.72,12.15,12.2,12.22,0.104,0,0,0,0
"2025-08-09 19:00:00",606,29.53,12.14,12.19,12.21,0.104,0,0,0,0
"2025-08-09 20:00:00",607,29.29,12.11,12.16,12.18,0.133,0,0,0,0
"2025-08-09 21:00:00",608,29.05,12.11,12.15,6.913,0.136,0,0,0,0
"2025-08-09 22:00:00",609,28.81,12.1,12.15,1.26,0.139,0,0,0,0
"2025-08-09 23:00:00",610,28.66,12.1,12.14,1.315,0.131,0,0,0,0
"2025-08-10 00:00:00",611,28.55,12.1,12.15,1.411,0.139,0,0,0,0
"2025-08-10 01:00:00",612,28.46,12.1,12.15,1.59,0.109,0,0,0,0
"2025-08-10 02:00:00",613,28.38,12.1,12.16,1.531,0.106,0,0,0,0
"2025-08-10 03:00:00",614,28.3,12.1,12.16,1.321,0.107,0,0,0,0
"2025-08-10 04:00:00",615,28.21,12.1,12.15,1.329,0.105,0,0,0,0
"2025-08-10 05:00:00",616,28.12,12.1,12.15,1.44,0.104,0,0,0,0
"2025-08-10 06:00:00",617,28.01,12.1,12.15,1.631,0.104,0,0,0,0
"2025-08-10 07:00:00",618,27.88,12.1,12.15,11.7,0.113,0,0,0,0
"2025-08-10 08:00:00",619,27.76,12.11,12.16,12.18,0.106,0,0,0,0
"2025-08-10 09:00:00",620,27.85,12.13,12.17,12.2,0.104,0,0,0,0
"2025-08-10 10:00:00",621,28.2,12.15,12.2,12.22,0.107,0,0,0,0
"2025-08-10 11:00:00",622,28.64,12.17,12.22,12.24,0.109,0,0,0,0
"2025-08-10 12:00:00",623,29.75,12.26,12.31,12.32,0.137,0,0,0,0
"2025-08-10 13:00:00",624,31.45,12.22,12.26,12.28,0.146,0,0,0,0
"2025-08-10 14:00:00",625,32.02,12.19,12.24,12.24,0.139,0,0,0,0
"2025-08-10 15:00:00",626,31.6,12.17,12.21,12.22,0.119,0,0,0,0
"2025-08-10 16:00:00",627,31.26,12.16,12.21,12.22,0.116,0,0,0,0
"2025-08-10 17:00:00",628,31.08,12.15,12.2,12.21,0.11,0,0,0,0
"2025-08-10 18:00:00",629,30.99,12.15,12.19,12.21,0.106,0,0,0,0
"2025-08-10 19:00:00",630,31.01,12.1,12.14,12.14,0.174,0,0,0,0
"2025-08-10 20:00:00",631,31.24,12.12,12.17,12.18,0.116,0,0,0,0
"2025-08-10 21:00:00",632,31.43,12.11,12.16,6.83,0.107,0,0,0,0
"2025-08-10 22:00:00",633,31.41,12.1,12.16,1.425,0.112,0,0,0,0
"2025-08-10 23:00:00",634,31.29,12.1,12.15,1.816,0.115,0,0,0,0
"2025-08-11 00:00:00",635,31.12,12.1,12.15,1.655,0.115,0,0,0,0
"2025-08-11 01:00:00",636,30.94,12.1,12.15,1.554,0.107,0,0,0,0
"2025-08-11 02:00:00",637,30.79,12.07,12.1,1.209,0.168,0,0,0,0
"2025-08-11 03:00:00",638,30.71,12.1,12.15,1.43,0.116,0,0,0,0
"2025-08-11 04:00:00",639,30.69,12.1,12.14,1.53,0.103,0,0,0,0
"2025-08-11 05:00:00",640,30.78,12.09,12.15,1.35,0.105,0,0,0,0
"2025-08-11 06:00:00",641,30.64,12.09,12.15,1.685,0.111,0,0,0,0
"2025-08-11 07:00:00",642,30.33,12.08,12.13,11.6,0.134,0,0,0,0
"2025-08-11 08:00:00",643,30.09,12.09,12.14,12.14,0.131,0,0,0,0
"2025-08-11 09:00:00",644,30.16,12.11,12.16,12.17,0.134,0,0,0,0
"2025-08-11 10:00:00",645,30.58,12.13,12.18,12.19,0.132,0,0,0,0
"2025-08-11 11:00:00",646,31.28,12.15,12.19,12.19,0.135,0,0,0,0
"2025-08-11 12:00:00",647,32.18,12.26,12.29,12.32,0.134,0,0,0,0
"2025-08-11 13:00:00",648,32.98,12.21,12.26,12.28,0.107,0,0,0,0
"2025-08-11 14:00:00",649,33.16,12.18,12.22,12.25,0.107,0,0,0,0
"2025-08-11 15:00:00",650,32.49,12.16,12.21,12.22,0.106,0,0,0,0
"2025-08-11 16:00:00",651,32.06,12.15,12.2,12.21,0.115,0,0,0,0
"2025-08-11 17:00:00",652,31.6,12.14,12.19,12.21,0.105,0,0,0,0
"2025-08-11 18:00:00",653,31.46,12.13,12.17,12.2,0.125,0,0,0,0
"2025-08-11 19:00:00",654,31.4,12.12,12.17,12.18,0.106,0,0,0,0
"2025-08-11 20:00:00",655,31.23,12.11,12.15,12.18,0.106,0,0,0,0
"2025-08-11 21:00:00",656,30.98,12.09,12.15,5.56,0.107,0,0,0,0
"2025-08-11 22:00:00",657,30.69,12.09,12.1,1.159,0.184,0,0,0,0
"2025-08-11 23:00:00",658,30.45,12.09,12.14,1.244,0.122,0,0,0,0
"2025-08-12 00:00:00",659,30.23,12.06,12.11,1.683,0.155,0,0,0,0
"2025-08-12 01:00:00",660,30.04,12.08,12.14,1.826,0.115,0,0,0,0
"2025-08-12 02:00:00",661,29.93,12.08,12.13,1.614,0.105,0,0,0,0
"2025-08-12 03:00:00",662,29.86,12.06,12.1,1.818,0.157,0,0,0,0
"2025-08-12 16:00:00",0,31.15,12.13,12.18,12.2,0.124,0,0,0,0
"2025-08-12 16:15:00",1,31.05,12.13,12.19,12.21,0.104,0,0,0,0
"2025-08-12 16:30:00",2,30.94,12.13,12.18,12.21,0.105,0,0,0,0
"2025-08-12 16:45:00",3,30.86,12.12,12.17,12.19,0.116,0,0,0,0
"2025-08-12 17:00:00",4,30.8,12.13,12.18,12.2,0.095,0,0,0,0
"2025-08-12 17:15:00",5,30.74,12.13,12.18,12.2,0.099,0,0,0,0
"2025-08-12 17:30:00",6,30.7,12.13,12.18,12.2,0.099,0,0,0,0
"2025-08-12 17:45:00",7,30.66,12.12,12.18,12.2,0.095,0,0,0,0
"2025-08-12 18:00:00",8,30.62,12.12,12.18,12.2,0.1,0,0,0,0
"2025-08-12 18:15:00",9,30.59,12.12,12.18,12.2,0.096,0,0,0,0
"2025-08-12 18:30:00",10,30.57,12.11,12.17,12.19,0.098,0,0,0,0
"2025-08-12 18:45:00",11,30.55,12.11,12.16,12.17,0.118,0,0,0,0
"2025-08-12 19:00:00",12,30.51,12.11,12.17,12.19,0.099,0,0,0,0
"2025-08-12 19:15:00",13,30.47,12.1,12.16,12.18,0.098,0,0,0,0
"2025-08-12 19:30:00",14,30.42,12.1,12.15,12.18,0.096,0,0,0,0
"2025-08-12 19:45:00",15,30.38,12.1,12.16,12.16,0.101,0,0,0,0
"2025-08-12 20:00:00",16,30.33,12.1,12.15,12.16,0.099,0,0,0,0
"2025-08-12 20:15:00",17,30.29,12.09,12.15,12.16,0.094,0,0,0,0
"2025-08-12 20:30:00",18,30.25,12.09,12.14,12.17,0.094,0,0,0,0
"2025-08-12 20:45:00",19,30.2,12.09,12.14,12.16,0.095,0,0,0,0
"2025-08-12 21:00:00",20,30.15,12.09,12.14,5.469,0.102,0,0,0,0
"2025-08-12 21:15:00",21,30.1,12.09,12.14,1.846,0.096,0,0,0,0
"2025-08-12 21:30:00",22,30.04,12.09,12.13,1.389,0.098,0,0,0,0
"2025-08-12 21:45:00",23,29.97,12.09,12.14,1.506,0.095,0,0,0,0
"2025-08-12 22:00:00",24,29.91,12.09,12.13,1.286,0.096,0,0,0,0
"2025-08-12 22:15:00",25,29.86,12.09,12.13,1.922,0.096,0,0,0,0
"2025-08-12 22:30:00",26,29.81,12.08,12.13,1.3,0.095,0,0,0,0
"2025-08-12 22:45:00",27,29.77,12.08,12.13,1.913,0.097,0,0,0,0
"2025-08-12 23:00:00",28,29.73,12.08,12.14,1.546,0.095,0,0,0,0
"2025-08-12 23:15:00",29,29.68,12.08,12.14,1.768,0.099,0,0,0,0
"2025-08-12 23:30:00",30,29.65,12.08,12.14,1.934,0.102,0,0,0,0
"2025-08-12 23:45:00",31,29.61,12.08,12.14,1.673,0.101,0,0,0,0
"2025-08-13 00:00:00",32,29.58,12.07,12.12,1.205,0.115,0,0,0,0
"2025-08-13 00:15:00",33,29.55,12.08,12.14,1.882,0.098,0,0,0,0
"2025-08-13 00:30:00",34,29.52,12.08,12.14,1.809,0.098,0,0,0,0
"2025-08-13 00:45:00",35,29.49,12.08,12.14,1.826,0.105,0,0,0,0
"2025-08-13 01:00:00",36,29.46,12.08,12.14,1.571,0.109,0,0,0,0
"2025-08-13 01:15:00",37,29.42,12.08,12.14,1.253,0.108,0,0,0,0
"2025-08-13 01:30:00",38,29.39,12.08,12.13,1.575,0.107,0,0,0,0
"2025-08-13 01:45:00",39,29.36,12.08,12.14,1.32,0.106,0,0,0,0
"2025-08-13 02:00:00",40,29.33,12.08,12.14,1.836,0.114,0,0,0,0
"2025-08-13 02:15:00",41,29.3,12.08,12.14,1.863,0.11,0,0,0,0
"2025-08-13 02:30:00",42,29.27,12.07,12.12,1.902,0.118,0,0,0,0
"2025-08-13 02:45:00",43,29.24,12.08,12.13,1.29,0.105,0,0,0,0
"2025-08-13 03:00:00",44,29.21,12.08,12.14,1.708,0.114,0,0,0,0
"2025-08-13 03:15:00",45,29.18,12.08,12.13,1.492,0.112,0,0,0,0
"2025-08-13 03:30:00",46,29.15,12.08,12.13,1.806,0.107,0,0,0,0
"2025-08-13 03:45:00",47,29.12,12.08,12.13,1.925,0.104,0,0,0,0
"2025-08-13 04:00:00",48,29.09,12.08,12.13,1.332,0.106,0,0,0,0
"2025-08-13 04:15:00",49,29.05,12.08,12.13,1.95,0.102,0,0,0,0
"2025-08-13 04:30:00",50,29.03,12.08,12.13,1.292,0.106,0,0,0,0
"2025-08-13 04:45:00",51,29,12.08,12.13,1.393,0.105,0,0,0,0
"2025-08-13 05:00:00",52,28.96,12.08,12.13,1.57,0.103,0,0,0,0
"2025-08-13 05:15:00",53,28.92,12.07,12.13,1.729,0.108,0,0,0,0
"2025-08-13 05:30:00",54,28.89,12.07,12.13,1.68,0.129,0,0,0,0
"2025-08-13 05:45:00",55,28.84,12.07,12.12,1.398,0.127,0,0,0,0
"2025-08-13 06:00:00",56,28.79,12.07,12.11,1.354,0.121,0,0,0,0
"2025-08-13 06:15:00",57,28.74,12.06,12.1,1.341,0.149,0,0,0,0
"2025-08-13 06:30:00",58,28.69,12.07,12.12,1.936,0.133,0,0,0,0
"2025-08-13 06:45:00",59,28.63,12.07,12.12,4.969,0.132,0,0,0,0
"2025-08-13 07:00:00",60,28.58,12.07,12.12,10.6,0.133,0,0,0,0
"2025-08-13 07:15:00",61,28.53,12.06,12.12,12.14,0.136,0,0,0,0
"2025-08-13 07:30:00",62,28.49,12.07,12.12,12.13,0.134,0,0,0,0
"2025-08-13 07:45:00",63,28.44,12.07,12.12,12.13,0.129,0,0,0,0
"2025-08-13 08:00:00",64,28.4,12.07,12.12,12.13,0.122,0,0,0,0
"2025-08-13 08:15:00",65,28.38,12.08,12.13,12.14,0.122,0,0,0,0
"2025-08-13 08:30:00",66,28.37,12.08,12.13,12.15,0.12,0,0,0,0
"2025-08-13 08:45:00",67,28.38,12.09,12.14,12.15,0.12,0,0,0,0
"2025-08-13 09:00:00",68,28.4,12.09,12.15,12.16,0.122,0,0,0,0
"2025-08-13 09:15:00",69,28.44,12.1,12.15,12.17,0.123,0,0,0,0
"2025-08-13 09:30:00",70,28.51,12.1,12.15,12.17,0.125,0,0,0,0
"2025-08-13 09:45:00",71,28.6,12.11,12.15,12.18,0.123,0,0,0,0
"2025-08-13 10:00:00",72,28.7,12.11,12.15,12.18,0.121,0,0,0,0
"2025-08-13 10:15:00",73,28.8,12.12,12.17,12.18,0.124,0,0,0,0
"2025-08-13 10:30:00",74,28.92,12.12,12.16,12.18,0.127,0,0,0,0
"2025-08-13 10:45:00",75,29.05,12.12,12.17,12.19,0.127,0,0,0,0
"2025-08-13 11:00:00",76,29.2,12.13,12.17,12.2,0.121,0,0,0,0
"2025-08-13 11:15:00",77,29.37,12.16,12.2,12.23,0.121,0,0,0,0
"2025-08-13 11:30:00",78,29.63,12.17,12.2,12.23,0.145,0,0,0,0
"2025-08-13 11:45:00",79,29.96,12.22,12.26,12.31,0.103,0,0,0,0
"2025-08-13 12:00:00",80,30.36,12.24,12.29,12.33,0.093,0,0,0,0
"2025-08-13 12:15:00",81,30.79,12.24,12.29,12.33,0.095,0,0,0,0
"2025-08-13 12:30:00",82,31.21,12.2,12.25,12.26,0.122,0,0,0,0
"2025-08-13 12:45:00",83,31.53,12.2,12.26,12.29,0.107,0,0,0,0
"2025-08-13 13:00:00",84,31.77,12.19,12.25,12.27,0.107,0,0,0,0
"2025-08-13 13:15:00",85,31.96,12.19,12.24,12.26,0.101,0,0,0,0
"2025-08-13 13:30:00",86,32.07,12.17,12.23,12.26,0.098,0,0,0,0
"2025-08-13 13:45:00",87,32.08,12.17,12.22,12.25,0.096,0,0,0,0
"2025-08-13 14:00:00",88,31.97,12.16,12.21,12.24,0.099,0,0,0,0
"2025-08-13 14:15:00",89,31.8,12.15,12.21,12.22,0.104,0,0,0,0
"2025-08-13 14:30:00",90,31.61,12.15,12.2,12.22,0.102,0,0,0,0
"2025-08-13 14:45:00",91,31.43,12.14,12.19,12.21,0.097,0,0,0,0
"2025-08-13 15:00:00",92,31.26,12.14,12.19,12.2,0.109,0,0,0,0
"2025-08-13 15:15:00",93,31.12,12.13,12.18,12.2,0.101,0,0,0,0
"2025-08-13 15:30:00",94,31,12.13,12.18,12.21,0.096,0,0,0,0
"2025-08-13 15:45:00",95,30.9,12.13,12.18,12.2,0.103,0,0,0,0
"2025-08-13 17:00:00",0,30.56,12.07,12.1,12.08,0.161,0,0,0,0
"2025-08-13 18:00:00",1,30.43,12.12,12.18,12.2,0.094,0,0,0,0
"2025-08-13 19:00:00",2,30.67,12.1,12.16,12.18,0.096,0,0,0,0
"2025-08-13 20:00:00",3,30.81,12.09,12.15,12.17,0.103,0,0,0,0
"2025-08-13 21:00:00",4,30.7,12.07,12.13,5.309,0.116,0,0,0,0
"2025-08-13 22:00:00",5,30.43,12.08,12.14,1.707,0.091,0,0,0,0
"2025-08-13 23:00:00",6,30.12,12.08,12.13,1.8,0.099,0,0,0,0
"2025-08-14 00:00:00",7,29.84,12.08,12.13,1.307,0.099,0,0,0,0
"2025-08-14 01:00:00",8,29.6,12.07,12.13,1.802,0.098,0,0,0,0
"2025-08-14 02:00:00",9,29.39,12.07,12.13,1.293,0.094,0,0,0,0
"2025-08-14 03:00:00",10,29.2,12.07,12.12,1.248,0.106,0,0,0,0
"2025-08-14 04:00:00",11,28.93,12.07,12.13,1.723,0.103,0,0,0,0
"2025-08-14 05:00:00",12,28.67,12.07,12.12,1.851,0.123,0,0,0,0
"2025-08-14 06:00:00",13,28.5,12.06,12.11,1.566,0.128,0,0,0,0
"2025-08-14 07:00:00",14,28.29,12.06,12.11,10.84,0.134,0,0,0,0
"2025-08-14 08:00:00",15,28.08,12.04,12.11,12.08,0.13,0,0,0,0
"2025-08-14 09:00:00",16,28.15,12.1,12.15,12.16,0.123,0,0,0,0
"2025-08-14 10:00:00",17,28.52,12.11,12.16,12.17,0.118,0,0,0,0
"2025-08-14 11:00:00",18,28.94,12.13,12.18,12.2,0.125,0,0,0,0
"2025-08-14 12:00:00",19,30.12,12.25,12.3,12.32,0.107,0,0,0,0
"2025-08-14 13:00:00",20,31.5,12.2,12.25,12.28,0.096,0,0,0,0
"2025-08-14 14:00:00",21,31.91,12.17,12.22,12.24,0.095,0,0,0,0
"2025-08-14 15:00:00",22,31.99,12.15,12.19,12.22,0.095,0,0,0,0
"2025-08-14 16:00:00",23,32.18,12.15,12.21,12.23,0.095,0,0,0,0
"2025-08-14 17:00:00",24,32.28,12.14,12.2,12.22,0.098,0,0,0,0
"2025-08-14 18:00:00",25,31.97,12.12,12.16,12.18,0.111,0,0,0,0
"2025-08-14 19:00:00",26,31.63,12.12,12.17,12.19,0.098,0,0,0,0
"2025-08-14 20:00:00",27,31.39,12.1,12.15,12.17,0.097,0,0,0,0
"2025-08-14 21:00:00",28,31.12,12.09,12.15,5.566,0.101,0,0,0,0
"2025-08-14 22:00:00",29,30.75,12.08,12.13,1.878,0.093,0,0,0,0
"2025-08-15 10:00:00",41,29.25,12.11,12.16,12.17,0.126,0,0,0,0
"2025-08-15 11:00:00",42,29.61,12.13,12.18,12.21,0.104,0,0,0,0
"2025-08-15 12:00:00",43,30.48,12.24,12.29,12.32,0.096,0,0,0,0
"2025-08-15 13:00:00",44,31.76,12.18,12.23,12.25,0.115,0,0,0,0
"2025-08-15 14:00:00",45,31.82,12.16,12.21,12.24,0.1,0,0,0,0
"2025-08-15 15:00:00",46,31.16,12.14,12.2,12.22,0.095,0,0,0,0
"2025-08-15 16:00:00",47,30.59,12.13,12.18,12.2,0.095,0,0,0,0
"2025-08-15 17:00:00",48,30.27,12.12,12.17,12.19,0.097,0,0,0,0
"2025-08-15 18:00:00",49,30.05,12.11,12.17,12.19,0.099,0,0,0,0
"2025-08-15 19:00:00",50,29.88,12.1,12.16,12.17,0.096,0,0,0,0
"2025-08-15 20:00:00",51,29.68,12.09,12.15,12.17,0.096,0,0,0,0
"2025-08-15 21:00:00",52,29.45,12.08,12.13,5.697,0.1,0,0,0,0
"2025-08-15 22:00:00",53,29.23,12.07,12.12,1.626,0.098,0,0,0,0
"2025-08-15 23:00:00",54,29.26,12.07,12.12,1.894,0.107,0,0,0,0
"2025-08-16 00:00:00",55,29.38,12.06,12.11,1.246,0.1,0,0,0,0
"2025-08-16 01:00:00",56,29.46,12.06,12.12,1.345,0.111,0,0,0,0
"2025-08-16 02:00:00",57,29.47,12.06,12.11,1.829,0.102,0,0,0,0
"2025-08-16 03:00:00",58,29.36,12.06,12.11,1.242,0.096,0,0,0,0
"2025-08-16 04:00:00",59,29.22,12.05,12.1,1.34,0.104,0,0,0,0
"2025-08-16 05:00:00",60,29.12,12.04,12.1,1.825,0.135,0,0,0,0
"2025-08-16 06:00:00",61,29.05,12.04,12.1,1.589,0.12,0,0,0,0
"2025-08-16 07:00:00",62,29.02,12.04,12.09,9.38,0.123,0,0,0,0
"2025-08-16 08:00:00",63,28.93,12.05,12.1,12.12,0.129,0,0,0,0
"2025-08-16 09:00:00",64,29.03,12.07,12.12,12.12,0.141,0,0,0,0
"2025-08-16 10:00:00",65,29.6,12.1,12.15,12.16,0.124,0,0,0,0
"2025-08-16 11:00:00",66,30.7,12.09,12.14,12.14,0.174,0,0,0,0
"2025-08-16 12:00:00",67,32.53,12.21,12.23,12.25,0.153,0,0,0,0
"2025-08-16 13:00:00",68,34.09,12.18,12.24,12.27,0.1,0,0,0,0
"2025-08-16 14:00:00",69,33.82,12.15,12.2,12.23,0.097,0,0,0,0
"2025-08-16 15:00:00",70,33.33,12.14,12.19,12.21,0.093,0,0,0,0
"2025-08-16 16:00:00",71,33.22,12.14,12.19,12.22,0.095,0,0,0,0
"2025-08-16 17:00:00",72,33.04,12.13,12.18,12.2,0.1,0,0,0,0
"2025-08-16 18:00:00",73,32.6,12.12,12.17,12.2,0.097,0,0,0,0
"2025-08-16 19:00:00",74,32.03,12.11,12.15,12.18,0.097,0,0,0,0
"2025-08-16 20:00:00",75,31.49,12.09,12.15,12.17,0.097,0,0,0,0
"2025-08-16 21:00:00",76,30.98,12.07,12.13,4.3,0.113,0,0,0,0
"2025-08-16 22:00:00",77,30.58,12.04,12.09,1.733,0.168,0,0,0,0
"2025-08-16 23:00:00",78,30.49,12.07,12.12,1.723,0.1,0,0,0,0
"2025-08-17 00:00:00",79,30.45,12.06,12.11,1.418,0.112,0,0,0,0
"2025-08-17 01:00:00",80,30.35,12.06,12.11,1.917,0.095,0,0,0,0
"2025-08-17 02:00:00",81,30.19,12.04,12.09,1.338,0.126,0,0,0,0
"2025-08-17 03:00:00",82,29.98,12.05,12.1,1.805,0.134,0,0,0,0
"2025-08-17 04:00:00",83,29.81,12.04,12.09,1.211,0.124,0,0,0,0
"2025-08-17 05:00:00",84,29.64,12.04,12.08,1.881,0.137,0,0,0,0
"2025-08-17 06:00:00",85,29.46,12.04,12.09,1.414,0.122,0,0,0,0
"2025-08-17 07:00:00",86,29.37,12.04,12.09,7.186,0.122,0,0,0,0
"2025-08-17 08:00:00",87,29.39,12.04,12.09,12.11,0.13,0,0,0,0
"2025-08-17 09:00:00",88,29.51,12.07,12.12,12.15,0.104,0,0,0,0
"2025-08-17 10:00:00",89,29.72,12.09,12.15,12.16,0.094,0,0,0,0
"2025-08-17 11:00:00",90,30.4,12.12,12.17,12.2,0.095,0,0,0,0
"2025-08-17 12:00:00",91,31.33,12.19,12.24,12.28,0.103,0,0,0,0
"2025-08-17 13:00:00",92,32.57,12.17,12.21,12.25,0.096,0,0,0,0
"2025-08-17 14:00:00",93,32.61,12.16,12.21,12.24,0.095,0,0,0,0
"2025-08-17 15:00:00",94,32.14,12.15,12.18,12.17,0.148,0,0,0,0
"2025-08-17 16:00:00",95,31.76,12.14,12.19,12.22,0.099,0,0,0,0
"2025-08-17 17:00:00",96,31.36,12.13,12.19,12.21,0.097,0,0,0,0
"2025-08-17 18:00:00",97,30.93,12.11,12.17,12.19,0.103,0,0,0,0
"2025-08-17 19:00:00",98,30.56,12.1,12.16,12.16,0.101,0,0,0,0
"2025-08-17 20:00:00",99,30.26,12.09,12.14,12.16,0.104,0,0,0,0
"2025-08-17 21:00:00",100,29.97,12.08,12.13,2.975,0.099,0,0,0,0
"2025-08-17 22:00:00",101,29.79,12.07,12.12,1.797,0.108,0,0,0,0
"2025-08-18 22:00:00",125,29.49,12.06,12.11,1.532,0.095,0,0,0,0
"2025-08-18 23:00:00",126,29.33,12.05,12.11,1.287,0.102,0,0,0,0
"2025-08-19 00:00:00",127,29.19,12.04,12.1,1.586,0.115,0,0,0,0
"2025-08-19 01:00:00",128,29.1,12.04,12.08,1.837,0.13,0,0,0,0
"2025-08-19 02:00:00",129,29.03,12.03,12.08,1.246,0.12,0,0,0,0
"2025-08-19 03:00:00",130,28.92,12.03,12.08,1.805,0.125,0,0,0,0
"2025-08-19 04:00:00",131,28.83,12.03,12.08,1.352,0.123,0,0,0,0
"2025-08-19 05:00:00",132,28.77,12.03,12.08,1.29,0.125,0,0,0,0
"2025-08-19 06:00:00",133,28.77,12.02,12.07,1.91,0.122,0,0,0,0
"2025-08-19 07:00:00",134,28.61,12.03,12.09,2.504,0.121,0,0,0,0
"2025-08-19 08:00:00",135,28.53,12.03,12.09,11.92,0.095,0,0,0,0
"2025-08-19 09:00:00",136,28.45,12.03,12.09,12.17,0.095,0,0,0,0
"2025-08-19 10:00:00",137,28.17,12.03,12.08,12.35,0.097,0,0,0,0
"2025-08-19 11:00:00",138,28.27,12.04,12.09,12.11,0.099,0,0,0,0
"2025-08-19 12:00:00",139,28.5,12.05,12.1,12.12,0.111,0,0,0,0
"2025-08-19 13:00:00",140,28.74,12.03,12.07,12.09,0.125,0,0,0,0
"2025-08-19 14:00:00",141,28.49,12.07,12.12,12.14,0.095,0,0,0,0
"2025-08-19 15:00:00",142,28.47,12.08,12.13,12.16,0.098,0,0,0,0
"2025-08-19 16:00:00",143,28.5,12.07,12.13,12.15,0.094,0,0,0,0
"2025-08-19 17:00:00",144,28.33,12.06,12.11,12.13,0.104,0,0,0,0
"2025-08-19 18:00:00",145,28.06,12.05,12.11,12.12,0.103,0,0,0,0
"2025-08-19 19:00:00",146,27.95,12.04,12.09,12.1,0.096,0,0,0,0
"2025-08-19 20:00:00",147,27.84,12.03,12.09,12.09,0.117,0,0,0,0
"2025-08-19 21:00:00",148,27.67,12.02,12.08,2.44,0.102,0,0,0,0
"2025-08-19 22:00:00",149,27.47,12.02,12.07,1.256,0.095,0,0,0,0
"2025-08-19 23:00:00",150,27.25,11.99,12.02,1.555,0.167,0,0,0,0
"2025-08-20 00:00:00",151,26.99,12.02,12.07,1.4,0.1,0,0,0,0
"2025-08-20 01:00:00",152,26.79,12.02,12.07,1.515,0.103,0,0,0,0
"2025-08-20 02:00:00",153,26.73,12.02,12.07,1.234,0.1,0,0,0,0
"2025-08-20 03:00:00",154,26.63,12.01,12.05,1.882,0.117,0,0,0,0
"2025-08-20 04:00:00",155,26.52,12.01,12.06,1.844,0.124,0,0,0,0
"2025-08-20 05:00:00",156,26.57,12,12.06,1.39,0.121,0,0,0,0
"2025-08-20 06:00:00",157,26.57,11.99,12.04,1.325,0.149,0,0,0,0
"2025-08-20 07:00:00",158,26.47,12,12.05,5.134,0.127,0,0,0,0
"2025-08-20 08:00:00",159,26.31,12.01,12.06,12.07,0.122,0,0,0,0
"2025-08-20 09:00:00",160,26.16,12.03,12.08,12.09,0.121,0,0,0,0
"2025-08-20 10:00:00",161,26.2,12.03,12.08,12.1,0.092,0,0,0,0
"2025-08-20 11:00:00",162,26.32,12.04,12.1,12.12,0.099,0,0,0,0
"2025-08-20 12:00:00",163,26.5,12.05,12.09,12.11,0.108,0,0,0,0
"2025-08-20 13:00:00",164,26.87,12.09,12.14,12.17,0.118,0,0,0,0
"2025-08-20 14:00:00",165,27.28,12.09,12.14,12.16,0.096,0,0,0,0
"2025-08-20 15:00:00",166,27.19,12.06,12.1,12.14,0.097,0,0,0,0
"2025-08-20 16:00:00",167,25.42,12.05,12.11,12.13,0.094,0,0,0,0
"2025-08-20 17:00:00",168,24.32,12.06,12.11,12.13,0.105,0,0,0,0
"2025-08-20 18:00:00",169,24.7,12.05,12.11,12.13,0.097,0,0,0,0
"2025-08-20 19:00:00",170,25.16,12.03,12.08,12.1,0.111,0,0,0,0
"2025-08-20 20:00:00",171,25.39,12.01,12.07,12.09,0.104,0,0,0,0
"2025-08-20 21:00:00",172,25.46,12,12.06,2.073,0.1,0,0,0,0
"2025-08-20 22:00:00",173,25.25,12,12.06,1.574,0.099,0,0,0,0
"2025-08-20 23:00:00",174,24.7,11.96,12,1.894,0.151,0,0,0,0
"2025-08-21 00:00:00",175,24.37,12,12.06,1.368,0.096,0,0,0,0
"2025-08-21 01:00:00",176,23.96,11.98,12.03,1.419,0.135,0,0,0,0
"2025-08-21 02:00:00",177,23.58,11.99,12.04,1.453,0.124,0,0,0,0
"2025-08-21 03:00:00",178,23.35,11.99,12.04,1.415,0.134,0,0,0,0
"2025-08-21 04:00:00",179,23.12,11.99,12.04,1.846,0.123,0,0,0,0
"2025-08-21 05:00:00",180,22.97,11.99,12.04,1.857,0.13,0,0,0,0
"2025-08-21 06:00:00",181,22.89,11.98,12.04,1.204,0.123,0,0,0,0
"2025-08-21 07:00:00",182,22.79,11.98,12.03,7.063,0.13,0,0,0,0
"2025-08-21 08:00:00",183,22.65,12,12.04,12.06,0.124,0,0,0,0
"2025-08-21 09:00:00",184,22.66,12.03,12.09,12.11,0.103,0,0,0,0
"2025-08-21 10:00:00",185,22.99,12.06,12.12,12.13,0.095,0,0,0,0
"2025-08-21 11:00:00",186,23.44,12.08,12.14,12.16,0.097,0,0,0,0
"2025-08-21 12:00:00",187,24.9,12.2,12.25,12.29,0.104,0,0,0,0
"2025-08-21 13:00:00",188,26.58,12.16,12.21,12.24,0.096,0,0,0,0
"2025-08-21 14:00:00",189,27.04,12.11,12.17,12.17,0.097,0,0,0,0
"2025-08-21 15:00:00",190,26.92,12.08,12.14,12.16,0.101,0,0,0,0
"2025-08-21 16:00:00",191,26.45,12.07,12.12,12.15,0.108,0,0,0,0
"2025-08-21 17:00:00",192,26.32,12.06,12.11,12.14,0.091,0,0,0,0
"2025-08-21 18:00:00",193,26.16,12.06,12.11,12.14,0.105,0,0,0,0
"2025-08-21 19:00:00",194,25.98,12.03,12.09,12.1,0.104,0,0,0,0
"2025-08-21 20:00:00",195,25.85,12.01,12.07,12.06,0.127,0,0,0,0
"2025-08-21 21:00:00",196,25.69,12.01,12.06,1.728,0.132,0,0,0,0
"2025-08-21 22:00:00",197,25.5,12,12.04,1.419,0.141,0,0,0,0
"2025-08-21 23:00:00",198,25.37,11.99,12.04,1.548,0.146,0,0,0,0
"2025-08-22 00:00:00",199,25.33,11.99,12.04,1.361,0.121,0,0,0,0
"2025-08-22 01:00:00",200,25.29,11.99,12.04,1.614,0.128,0,0,0,0
"2025-08-22 02:00:00",201,25.18,11.98,12.03,1.687,0.121,0,0,0,0
"2025-08-22 03:00:00",202,25,11.99,12.05,1.963,0.093,0,0,0,0
"2025-08-22 04:00:00",203,24.81,11.99,12.05,1.889,0.098,0,0,0,0
"2025-08-22 05:00:00",204,24.61,11.99,12.04,1.768,0.094,0,0,0,0
"2025-08-22 06:00:00",205,24.33,11.99,12.05,1.735,0.095,0,0,0,0
"2025-08-22 07:00:00",206,24.14,11.99,12.05,6.943,0.094,0,0,0,0
"2025-08-22 08:00:00",207,23.96,11.99,12.05,12.07,0.096,0,0,0,0
"2025-08-22 09:00:00",208,23.91,12.03,12.08,12.11,0.093,0,0,0,0
"2025-08-22 10:00:00",209,24.13,12.05,12.11,12.13,0.093,0,0,0,0
"2025-08-22 11:00:00",210,24.57,12.07,12.13,12.15,0.094,0,0,0,0
"2025-08-22 12:00:00",211,26.26,12.19,12.24,12.27,0.099,0,0,0,0
"2025-08-22 13:00:00",212,27.85,12.14,12.19,12.22,0.095,0,0,0,0
"2025-08-22 14:00:00",213,27.5,12.1,12.15,12.18,0.094,0,0,0,0
"2025-08-22 15:00:00",214,26.91,12.07,12.12,12.14,0.108,0,0,0,0
"2025-08-22 16:00:00",215,26.67,12.07,12.12,12.14,0.099,0,0,0,0
"2025-08-22 17:00:00",216,26.45,12.06,12.12,12.13,0.095,0,0,0,0
"2025-08-22 18:00:00",217,26.38,12.05,12.11,12.13,0.11,0,0,0,0
"2025-08-22 19:00:00",218,26.31,12.04,12.09,12.12,0.094,0,0,0,0
"2025-08-22 20:00:00",219,26.23,12.03,12.08,12.1,0.099,0,0,0,0
"2025-08-22 21:00:00",220,26.1,12.01,12.06,2.205,0.104,0,0,0,0
"2025-08-22 22:00:00",221,25.35,12,12.04,1.811,0.118,0,0,0,0
"2025-08-22 23:00:00",222,24.47,11.99,12.04,1.32,0.129,0,0,0,0
"2025-08-23 00:00:00",223,23.78,11.98,12.04,1.403,0.13,0,0,0,0
"2025-08-23 01:00:00",224,23.62,11.98,12.03,1.217,0.125,0,0,0,0
"2025-08-23 02:00:00",225,23.57,11.98,12.03,1.796,0.128,0,0,0,0
"2025-08-23 03:00:00",226,23.52,11.99,12.04,1.696,0.094,0,0,0,0
"2025-08-23 04:00:00",227,23.48,11.98,12.04,1.402,0.093,0,0,0,0
"2025-08-23 05:00:00",228,23.42,11.98,12.04,1.705,0.093,0,0,0,0
"2025-08-23 06:00:00",229,23.31,11.98,12.04,1.255,0.097,0,0,0,0
"2025-08-23 07:00:00",230,23.2,11.98,12.02,6.23,0.145,0,0,0,0
"2025-08-23 08:00:00",231,23.12,11.98,12.04,12.06,0.095,0,0,0,0
"2025-08-23 09:00:00",232,23.25,12.01,12.06,12.08,0.117,0,0,0,0
"2025-08-23 10:00:00",233,23.79,12.04,12.1,12.12,0.093,0,0,0,0
"2025-08-23 11:00:00",234,24.48,12.06,12.12,12.14,0.095,0,0,0,0
"2025-08-23 12:00:00",235,25.88,12.18,12.22,12.26,0.103,0,0,0,0
"2025-08-23 13:00:00",236,27.11,12.12,12.18,12.19,0.095,0,0,0,0
"2025-08-23 14:00:00",237,27.03,12.09,12.13,12.16,0.1,0,0,0,0
"2025-08-23 15:00:00",238,26.67,12.06,12.12,12.14,0.097,0,0,0,0
"2025-08-23 16:00:00",239,26.51,12.04,12.09,12.11,0.111,0,0,0,0
"2025-08-23 17:00:00",240,26.52,12.03,12.08,12.09,0.123,0,0,0,0
"2025-08-23 18:00:00",241,26.68,12.02,12.07,12.09,0.127,0,0,0,0
"2025-08-23 19:00:00",242,26.8,12.01,12.06,12.07,0.14,0,0,0,0
"2025-08-23 20:00:00",243,26.74,12,12.04,12.06,0.126,0,0,0,0
"2025-08-23 21:00:00",244,26.56,11.99,12.03,1.923,0.122,0,0,0,0
"2025-08-23 22:00:00",245,26.34,11.98,12.03,1.489,0.126,0,0,0,0
"2025-08-23 23:00:00",246,26.15,11.94,12,1.27,0.145,0,0,0,0
"2025-08-24 00:00:00",247,25.98,11.98,12.04,1.567,0.093,0,0,0,0
"2025-08-24 01:00:00",248,25.82,11.98,12.03,1.583,0.106,0,0,0,0
"2025-08-24 02:00:00",249,25.66,11.98,12.03,1.272,0.095,0,0,0,0
"2025-08-24 03:00:00",250,25.52,11.97,12.02,1.282,0.11,0,0,0,0
"2025-08-24 04:00:00",251,25.36,11.97,12.03,1.679,0.097,0,0,0,0
"2025-08-24 05:00:00",252,25.2,11.98,12.03,1.45,0.099,0,0,0,0
"2025-08-24 06:00:00",253,25.07,11.98,12.03,1.401,0.093,0,0,0,0
"2025-08-24 07:00:00",254,24.98,11.98,12.03,6.692,0.098,0,0,0,0
"2025-08-24 08:00:00",255,24.79,11.98,12.04,12.06,0.094,0,0,0,0
"2025-08-24 09:00:00",256,24.7,12.01,12.07,12.09,0.096,0,0,0,0
"2025-08-24 10:00:00",257,24.95,12.02,12.07,12.08,0.095,0,0,0,0
"2025-08-24 11:00:00",258,25.43,12.02,12.06,12.09,0.143,0,0,0,0
"2025-08-24 12:00:00",259,26.8,12.15,12.2,12.23,0.096,0,0,0,0
"2025-08-24 13:00:00",260,27.4,12.09,12.15,12.16,0.115,0,0,0,0
"2025-08-24 14:00:00",261,27.33,12.08,12.13,12.16,0.101,0,0,0,0
"2025-08-24 15:00:00",262,27.2,12.05,12.11,12.12,0.12,0,0,0,0
"2025-08-24 16:00:00",263,27.24,12.04,12.08,12.08,0.127,0,0,0,0
"2025-08-24 17:00:00",264,27.31,12.03,12.08,12.1,0.123,0,0,0,0
"2025-08-24 18:00:00",265,27.28,12,12.03,12.01,0.178,0,0,0,0
"2025-08-24 19:00:00",266,27.15,12.01,12.06,12.06,0.127,0,0,0,0
"2025-08-24 20:00:00",267,27.13,12,12.05,12.08,0.093,0,0,0,0
"2025-08-24 21:00:00",268,27.06,11.97,12.03,1.707,0.11,0,0,0,0
"2025-08-24 22:00:00",269,26.95,11.98,12.04,1.729,0.094,0,0,0,0
"2025-08-24 23:00:00",270,26.86,11.98,12.03,1.709,0.097,0,0,0,0
"2025-08-25 00:00:00",271,26.77,11.98,12.03,1.302,0.115,0,0,0,0
"2025-08-25 01:00:00",272,26.68,11.97,12.03,1.894,0.096,0,0,0,0
"2025-08-25 02:00:00",273,26.58,11.97,12.03,1.253,0.1,0,0,0,0
"2025-08-25 03:00:00",274,26.47,11.97,12.03,1.236,0.093,0,0,0,0
"2025-08-25 04:00:00",275,26.35,11.97,12.03,1.262,0.103,0,0,0,0
"2025-08-25 05:00:00",276,26.22,11.97,12.02,1.944,0.098,0,0,0,0
"2025-08-25 06:00:00",277,26.1,11.97,12.03,1.671,0.105,0,0,0,0
"2025-08-25 07:00:00",278,26,11.97,12.02,4.38,0.095,0,0,0,0
"2025-08-25 08:00:00",279,25.96,11.97,12.03,12.03,0.097,0,0,0,0
"2025-08-25 09:00:00",280,26,11.98,12.03,12.06,0.099,0,0,0,0
"2025-08-25 10:00:00",281,26.15,11.99,12.04,12.06,0.095,0,0,0,0
"2025-08-25 11:00:00",282,26.33,11.97,12.03,12.04,0.101,0,0,0,0
"2025-08-25 12:00:00",283,26.48,11.99,12.04,12.07,0.099,0,0,0,0
"2025-08-25 13:00:00",284,26.42,11.96,12.01,12.02,0.118,0,0,0,0
"2025-08-25 14:00:00",285,25.79,11.96,12.02,12.03,0.124,0,0,0,0
"2025-08-25 15:00:00",286,25.74,11.97,12.02,12.02,0.139,0,0,0,0
"2025-08-25 16:00:00",287,26.08,12,12.06,12.07,0.142,0,0,0,0
"2025-08-25 17:00:00",288,26.66,11.99,12.04,12.06,0.127,0,0,0,0
"2025-08-25 18:00:00",289,27.1,11.99,12.04,12.05,0.131,0,0,0,0
"2025-08-25 19:00:00",290,27.25,11.98,12.03,12.04,0.11,0,0,0,0
"2025-08-25 20:00:00",291,27.28,11.96,12.02,12.03,0.095,0,0,0,0
"2025-08-25 21:00:00",292,27.19,11.96,12.01,1.533,0.106,0,0,0,0
"2025-08-25 22:00:00",293,27.05,11.95,12.02,1.266,0.099,0,0,0,0
"2025-08-25 23:00:00",294,26.95,11.93,11.96,1.875,0.192,0,0,0,0
"2025-08-26 00:00:00",295,26.86,11.96,12.02,1.514,0.1,0,0,0,0
"2025-08-26 01:00:00",296,26.74,11.93,12,1.711,0.117,0,0,0,0
"2025-08-26 02:00:00",297,26.61,11.96,12,1.423,0.102,0,0,0,0
"2025-08-26 03:00:00",298,26.5,11.95,12.01,1.846,0.096,0,0,0,0
"2025-08-26 04:00:00",299,26.39,11.96,12.01,1.94,0.096,0,0,0,0
"2025-08-26 05:00:00",300,26.27,11.95,12.01,1.252,0.1,0,0,0,0
"2025-08-26 06:00:00",301,26.13,11.96,12.01,1.491,0.097,0,0,0,0
"2025-08-26 07:00:00",302,26.01,11.95,12.01,4.835,0.097,0,0,0,0
"2025-08-26 08:00:00",303,25.89,11.96,12.01,12.03,0.098,0,0,0,0
"2025-08-26 09:00:00",304,25.88,11.98,12.03,12.04,0.112,0,0,0,0
"2025-08-26 10:00:00",305,26.15,12.02,12.07,12.1,0.095,0,0,0,0
"2025-08-26 11:00:00",306,26.53,12.07,12.12,12.15,0.095,0,0,0,0
"2025-08-26 12:00:00",307,27.06,12.07,12.12,12.16,0.097,0,0,0,0
"2025-08-26 13:00:00",308,27.26,12.07,12.11,12.15,0.108,0,0,0,0
"2025-08-26 14:00:00",309,27.39,12.07,12.08,12.13,0.144,0,0,0,0
"2025-08-26 15:00:00",310,27.58,12.06,12.11,12.11,0.126,0,0,0,0
"2025-08-26 16:00:00",311,27.6,12.05,12.09,12.1,0.134,0,0,0,0
"2025-08-26 17:00:00",312,27.51,12.04,12.08,12.09,0.121,0,0,0,0
"2025-08-26 18:00:00",313,27.39,12.02,12.07,12.08,0.121,0,0,0,0
"2025-08-26 19:00:00",314,27.23,12.01,12.07,12.08,0.097,0,0,0,0
"2025-08-26 20:00:00",315,27.04,12,12.05,12.07,0.104,0,0,0,0
"2025-08-26 21:00:00",316,26.84,11.98,12.04,1.949,0.1,0,0,0,0
"2025-08-26 22:00:00",317,26.67,11.95,11.99,1.576,0.165,0,0,0,0
"2025-08-26 23:00:00",318,26.56,11.97,12.01,1.655,0.094,0,0,0,0
"2025-08-27 00:00:00",319,26.44,11.96,12.02,1.604,0.099,0,0,0,0
"2025-08-27 01:00:00",320,26.46,11.95,12.01,1.231,0.094,0,0,0,0
"2025-08-27 02:00:00",321,26.46,11.95,12.01,1.925,0.096,0,0,0,0
"2025-08-27 03:00:00",322,26.51,11.94,12,1.786,0.112,0,0,0,0
"2025-08-27 04:00:00",323,26.53,11.95,12.01,1.256,0.101,0,0,0,0
"2025-08-27 05:00:00",324,26.44,11.95,12,1.355,0.095,0,0,0,0
"2025-08-27 06:00:00",325,26.32,11.95,12.01,1.647,0.094,0,0,0,0
"2025-08-27 07:00:00",326,26.36,11.94,12.01,3.481,0.094,0,0,0,0
"2025-08-27 08:00:00",327,26.31,11.95,12.01,12.03,0.095,0,0,0,0
"2025-08-27 09:00:00",328,26.24,11.96,12.01,12.04,0.096,0,0,0,0
"2025-08-27 10:00:00",329,26.26,12,12.05,12.08,0.095,0,0,0,0
"2025-08-27 11:00:00",330,26.75,12.05,12.1,12.13,0.091,0,0,0,0
"2025-08-27 12:00:00",331,27.5,12,12.05,12.04,0.154,0,0,0,0
"2025-08-27 13:00:00",332,28.28,12.06,12.11,12.11,0.125,0,0,0,0
"2025-08-27 14:00:00",333,28.29,12.05,12.09,12.1,0.126,0,0,0,0
"2025-08-27 15:00:00",334,28.16,12.03,12.08,12.09,0.123,0,0,0,0
"2025-08-27 16:00:00",335,28.06,12.02,12.06,12.08,0.135,0,0,0,0
"2025-08-27 17:00:00",336,28.06,12.02,12.07,12.07,0.132,0,0,0,0
"2025-08-27 18:00:00",337,27.95,12,12.05,12.07,0.123,0,0,0,0
"2025-08-27 19:00:00",338,27.68,11.99,12.04,12.07,0.103,0,0,0,0
"2025-08-27 20:00:00",339,27.44,11.98,12.03,12.05,0.097,0,0,0,0
"2025-08-27 21:00:00",340,27.19,11.95,12.01,1.831,0.133,0,0,0,0
"2025-08-27 22:00:00",341,27.07,11.96,12.01,1.235,0.1,0,0,0,0
"2025-08-27 23:00:00",342,27.04,11.95,12,1.813,0.094,0,0,0,0
"2025-08-28 00:00:00",343,27.03,11.94,12,1.878,0.094,0,0,0,0
"2025-08-28 01:00:00",344,27.02,11.94,12,1.517,0.101,0,0,0,0
"2025-08-28 02:00:00",345,26.9,11.91,11.99,1.284,0.102,0,0,0,0
"2025-08-28 03:00:00",346,26.76,11.94,12,1.855,0.095,0,0,0,0
"2025-08-28 04:00:00",347,26.66,11.94,12,1.882,0.098,0,0,0,0
"2025-08-28 05:00:00",348,26.56,11.94,12,1.654,0.1,0,0,0,0
"2025-08-28 06:00:00",349,26.43,11.94,12,1.433,0.094,0,0,0,0
"2025-08-28 07:00:00",350,26.32,11.94,12,3.207,0.1,0,0,0,0
"2025-08-28 08:00:00",351,26.16,11.95,12,12.02,0.094,0,0,0,0
"2025-08-28 09:00:00",352,26.07,11.98,12.03,12.06,0.097,0,0,0,0
"2025-08-28 10:00:00",353,26.26,11.94,11.99,12.01,0.094,0,0,0,0
"2025-08-28 11:00:00",354,26.3,11.94,11.99,12.01,0.102,0,0,0,0
"2025-08-28 12:00:00",355,26.21,11.93,11.98,12,0.096,0,0,0,0
"2025-08-28 13:00:00",356,26.19,11.94,11.99,11.99,0.132,0,0,0,0
"2025-08-28 14:00:00",357,26.57,11.98,12.03,12.06,0.122,0,0,0,0
"2025-08-28 15:00:00",358,27.18,11.97,12.01,12.01,0.145,0,0,0,0
"2025-08-28 16:00:00",359,26.66,11.96,12.01,12.02,0.139,0,0,0,0
"2025-08-28 17:00:00",360,26.34,11.93,12.01,11.95,0.143,0,0,0,0
"2025-08-28 18:00:00",361,26.27,11.94,11.99,12.01,0.122,0,0,0,0
"2025-08-28 19:00:00",362,26.16,11.95,12,12.01,0.106,0,0,0,0
"2025-08-28 20:00:00",363,26.15,11.9,11.97,11.99,0.092,0,0,0,0
"2025-08-28 21:00:00",364,26,11.93,11.98,1.865,0.098,0,0,0,0
"2025-08-28 22:00:00",365,24.45,11.93,11.99,1.867,0.101,0,0,0,0
"2025-08-28 23:00:00",366,23.59,11.92,11.98,1.901,0.093,0,0,0,0
"2025-08-29 00:00:00",367,23.19,11.93,11.98,1.923,0.105,0,0,0,0
"2025-08-29 01:00:00",368,23,11.92,11.98,1.932,0.093,0,0,0,0
"2025-08-29 02:00:00",369,22.98,11.9,11.94,1.22,0.143,0,0,0,0
"2025-08-29 03:00:00",370,22.88,11.92,11.98,1.282,0.095,0,0,0,0
"2025-08-29 04:00:00",371,22.74,11.92,11.98,1.586,0.097,0,0,0,0
"2025-08-29 05:00:00",372,22.55,11.92,11.98,1.503,0.097,0,0,0,0
"2025-08-29 06:00:00",373,22.28,11.92,11.97,1.312,0.101,0,0,0,0
"2025-08-29 07:00:00",374,22,11.91,11.97,4.662,0.097,0,0,0,0
"2025-08-29 08:00:00",375,21.66,11.92,11.98,11.99,0.1,0,0,0,0
"2025-08-29 09:00:00",376,21.57,11.94,12,12.02,0.095,0,0,0,0
"2025-08-29 10:00:00",377,21.97,11.97,12.03,12.03,0.103,0,0,0,0
"2025-08-29 11:00:00",378,22.73,12.03,12.08,12.12,0.095,0,0,0,0
"2025-08-29 12:00:00",379,24.4,12.09,12.11,12.12,0.15,0,0,0,0
"2025-08-29 13:00:00",380,25.31,12.07,12.12,12.14,0.102,0,0,0,0
"2025-08-29 14:00:00",381,25.51,12.05,12.1,12.13,0.098,0,0,0,0
"2025-08-29 15:00:00",382,25.58,12.01,12.06,12.07,0.121,0,0,0,0
"2025-08-29 16:00:00",383,25.9,11.99,12.04,12.04,0.146,0,0,0,0
"2025-08-29 17:00:00",384,26.51,11.98,12.03,12.04,0.139,0,0,0,0
"2025-08-29 18:00:00",385,26.98,11.97,12.01,12.03,0.118,0,0,0,0
"2025-08-29 19:00:00",386,27.2,11.95,12,12.01,0.124,0,0,0,0
"2025-08-29 20:00:00",387,27.22,11.94,11.99,11.98,0.129,0,0,0,0
"2025-08-29 21:00:00",388,26.73,11.94,11.99,1.895,0.097,0,0,0,0
"2025-08-29 22:00:00",389,25.65,11.93,11.99,1.369,0.094,0,0,0,0
"2025-08-29 23:00:00",390,24.92,11.93,11.98,1.25,0.123,0,0,0,0
"2025-08-30 00:00:00",391,24.42,11.92,11.97,1.89,0.095,0,0,0,0
"2025-08-30 01:00:00",392,24.01,11.91,11.98,1.244,0.101,0,0,0,0
"2025-08-30 02:00:00",393,23.72,11.92,11.97,1.497,0.099,0,0,0,0
"2025-08-30 03:00:00",394,23.55,11.92,11.97,1.954,0.108,0,0,0,0
"2025-08-30 04:00:00",395,23.3,11.91,11.97,1.291,0.101,0,0,0,0
"2025-08-30 05:00:00",396,23.02,11.9,11.96,1.667,0.113,0,0,0,0
"2025-08-30 06:00:00",397,22.7,11.91,11.97,1.634,0.102,0,0,0,0
"2025-08-30 07:00:00",398,22.39,11.9,11.96,3.923,0.11,0,0,0,0
"2025-08-30 08:00:00",399,22.18,11.92,11.97,12,0.104,0,0,0,0
"2025-08-30 09:00:00",400,22.24,11.95,12,12.03,0.096,0,0,0,0
"2025-08-30 10:00:00",401,22.9,11.97,12.02,12.05,0.093,0,0,0,0
"2025-08-30 11:00:00",402,23.74,12.01,12.06,12.09,0.092,0,0,0,0
"2025-08-30 12:00:00",403,25.84,12.06,12.11,12.12,0.13,0,0,0,0
"2025-08-30 13:00:00",404,27.34,12.01,12.05,12.04,0.216,0,0,0,0
"2025-08-30 14:00:00",405,27.21,12.01,12.06,12.08,0.107,0,0,0,0
"2025-08-30 15:00:00",406,26.57,11.99,12.04,12.06,0.101,0,0,0,0
"2025-08-30 16:00:00",407,26.12,11.97,12.02,12.04,0.092,0,0,0,0
"2025-08-30 17:00:00",408,25.9,11.96,12.02,12.04,0.097,0,0,0,0
"2025-08-30 18:00:00",409,25.84,11.96,12.01,12.03,0.097,0,0,0,0
"2025-08-30 19:00:00",410,25.76,11.94,12,12.02,0.097,0,0,0,0
"2025-08-30 20:00:00",411,25.55,11.93,11.99,12,0.098,0,0,0,0
"2025-08-30 21:00:00",412,25.25,11.92,11.98,1.498,0.097,0,0,0,0
"2025-08-30 22:00:00",413,25,11.92,11.97,1.305,0.105,0,0,0,0
"2025-08-30 23:00:00",414,24.85,11.91,11.97,1.221,0.101,0,0,0,0
"2025-08-31 00:00:00",415,24.77,11.91,11.97,1.597,0.094,0,0,0,0
"2025-08-31 01:00:00",416,24.68,11.89,11.95,1.902,0.116,0,0,0,0
"2025-08-31 02:00:00",417,24.64,11.9,11.95,1.834,0.121,0,0,0,0
"2025-08-31 03:00:00",418,24.64,11.9,11.95,1.815,0.118,0,0,0,0
"2025-08-31 04:00:00",419,24.58,11.87,11.94,1.712,0.138,0,0,0,0
"2025-08-31 05:00:00",420,24.36,11.9,11.94,1.272,0.122,0,0,0,0
"2025-08-31 06:00:00",421,24.11,11.9,11.95,1.281,0.127,0,0,0,0
"2025-08-31 07:00:00",422,23.9,11.89,11.94,4.251,0.133,0,0,0,0
"2025-08-31 08:00:00",423,23.75,11.9,11.95,11.95,0.121,0,0,0,0
"2025-08-31 09:00:00",424,23.81,11.94,12,12.02,0.092,0,0,0,0
"2025-08-31 10:00:00",425,24.2,11.96,12.01,12.04,0.096,0,0,0,0
"2025-08-31 11:00:00",426,24.98,12.01,12.07,12.09,0.095,0,0,0,0
"2025-08-31 12:00:00",427,26.69,12.04,12.1,12.12,0.098,0,0,0,0
"2025-08-31 13:00:00",428,27.96,12.05,12.1,12.12,0.123,0,0,0,0
"2025-08-31 14:00:00",429,28.1,12.01,12.07,12.08,0.097,0,0,0,0
"2025-08-31 15:00:00",430,27.79,11.96,12,11.94,0.181,0,0,0,0
"2025-08-31 16:00:00",431,27.62,11.98,12.03,12.04,0.127,0,0,0,0
"2025-08-31 17:00:00",432,27.54,11.95,11.99,11.97,0.191,0,0,0,0
"2025-08-31 18:00:00",433,27.52,11.95,11.99,12.02,0.127,0,0,0,0
"2025-08-31 19:00:00",434,27.4,11.94,11.99,11.99,0.116,0,0,0,0
"2025-08-31 20:00:00",435,27.3,11.92,11.98,11.94,0.123,0,0,0,0
"2025-08-31 21:00:00",436,27.15,11.93,11.98,1.268,0.098,0,0,0,0
"2025-08-31 22:00:00",437,27.05,11.92,11.97,1.786,0.098,0,0,0,0
"2025-08-31 23:00:00",438,27.02,11.9,11.97,1.321,0.097,0,0,0,0
"2025-09-01 00:00:00",439,26.97,11.91,11.96,1.953,0.096,0,0,0,0
"2025-09-01 01:00:00",440,26.88,11.91,11.96,1.849,0.111,0,0,0,0
"2025-09-01 02:00:00",441,26.78,11.91,11.96,1.838,0.101,0,0,0,0
"2025-09-01 03:00:00",442,26.7,11.9,11.93,1.357,0.147,0,0,0,0
"2025-09-01 04:00:00",443,26.68,11.9,11.95,1.23,0.14,0,0,0,0
"2025-09-01 05:00:00",444,26.58,11.9,11.96,1.519,0.095,0,0,0,0
"2025-09-01 06:00:00",445,25.26,11.9,11.96,1.264,0.097,0,0,0,0
"2025-09-01 07:00:00",446,24.1,11.9,11.96,2.014,0.094,0,0,0,0
"2025-09-01 08:00:00",447,23.43,11.9,11.95,11.95,0.093,0,0,0,0
"2025-09-01 09:00:00",448,23.16,11.89,11.96,11.94,0.101,0,0,0,0
"2025-09-01 10:00:00",449,23.21,11.92,11.97,11.95,0.108,0,0,0,0
"2025-09-01 11:00:00",450,23.62,11.97,12.02,12.05,0.105,0,0,0,0
"2025-09-01 12:00:00",451,24.5,12.01,12.07,12.1,0.092,0,0,0,0
"2025-09-01 13:00:00",452,25.77,12.02,12.07,12.1,0.099,0,0,0,0
"2025-09-01 14:00:00",453,26.26,11.98,12.03,12.06,0.099,0,0,0,0
"2025-09-01 15:00:00",454,26.16,11.95,11.98,12.01,0.129,0,0,0,0
"2025-09-01 16:00:00",455,25.82,11.93,11.97,11.98,0.135,0,0,0,0
"2025-09-01 17:00:00",456,25.61,11.92,11.97,11.98,0.121,0,0,0,0
"2025-09-01 18:00:00",457,25.65,11.92,11.97,11.98,0.129,0,0,0,0
"2025-09-01 19:00:00",458,25.94,11.91,11.96,11.97,0.132,0,0,0,0
"2025-09-01 20:00:00",459,26.19,11.89,11.94,11.96,0.125,0,0,0,0
"2025-09-01 21:00:00",460,26.09,11.89,11.93,1.583,0.125,0,0,0,0
"2025-09-01 22:00:00",461,25.82,11.9,11.95,1.705,0.095,0,0,0,0
"2025-09-01 23:00:00",462,25.54,11.89,11.95,1.908,0.103,0,0,0,0
"2025-09-02 00:00:00",463,24.98,11.89,11.95,1.36,0.107,0,0,0,0
"2025-09-02 01:00:00",464,24.68,11.89,11.94,1.858,0.098,0,0,0,0
"2025-09-02 02:00:00",465,24.39,11.89,11.95,1.361,0.103,0,0,0,0
"2025-09-02 03:00:00",466,24.06,11.87,11.94,1.286,0.105,0,0,0,0
"2025-09-02 04:00:00",467,23.9,11.89,11.94,1.657,0.095,0,0,0,0
"2025-09-02 05:00:00",468,23.86,11.88,11.94,1.946,0.093,0,0,0,0
"2025-09-02 06:00:00",469,23.71,11.88,11.93,1.44,0.097,0,0,0,0
"2025-09-02 07:00:00",470,23.44,11.88,11.94,2.502,0.094,0,0,0,0
"2025-09-02 08:00:00",471,23.05,11.89,11.93,11.96,0.096,0,0,0,0
"2025-09-02 09:00:00",472,22.82,11.91,11.96,11.98,0.099,0,0,0,0
"2025-09-02 10:00:00",473,22.92,11.95,12,12.03,0.095,0,0,0,0
"2025-09-02 11:00:00",474,23.4,12.03,12.07,12.11,0.105,0,0,0,0
"2025-09-02 12:00:00",475,25.06,12.03,12.05,12.04,0.184,0,0,0,0
"2025-09-02 13:00:00",476,26.9,12.01,12.04,12.05,0.178,0,0,0,0
"2025-09-02 14:00:00",477,27.15,11.99,12.04,12.06,0.096,0,0,0,0
"2025-09-02 15:00:00",478,26.49,11.96,12.01,12.03,0.101,0,0,0,0
"2025-09-02 16:00:00",479,26.46,11.93,11.98,12,0.117,0,0,0,0
"2025-09-02 17:00:00",480,26.67,11.93,11.98,12,0.121,0,0,0,0
"2025-09-02 18:00:00",481,26.78,11.92,11.97,11.99,0.141,0,0,0,0
"2025-09-02 19:00:00",482,26.82,11.92,11.97,11.98,0.128,0,0,0,0
"2025-09-02 20:00:00",483,26.75,11.87,11.88,11.88,0.169,0,0,0,0
"2025-09-02 21:00:00",484,26.48,11.89,11.94,1.765,0.123,0,0,0,0
"2025-09-02 22:00:00",485,26.17,11.89,11.94,1.267,0.094,0,0,0,0
"2025-09-02 23:00:00",486,25.95,11.89,11.94,1.511,0.095,0,0,0,0
"2025-09-03 00:00:00",487,25.79,11.89,11.94,1.479,0.094,0,0,0,0
"2025-09-03 01:00:00",488,25.65,11.88,11.94,1.286,0.096,0,0,0,0
"2025-09-03 02:00:00",489,25.49,11.88,11.94,1.755,0.095,0,0,0,0
"2025-09-03 03:00:00",490,25.28,11.88,11.94,1.874,0.096,0,0,0,0
"2025-09-03 04:00:00",491,24.97,11.88,11.94,1.284,0.096,0,0,0,0
"2025-09-03 05:00:00",492,24.48,11.88,11.93,1.258,0.1,0,0,0,0
"2025-09-03 06:00:00",493,24.03,11.88,11.93,1.691,0.096,0,0,0,0
"2025-09-03 07:00:00",494,23.6,11.87,11.92,2.23,0.112,0,0,0,0
"2025-09-03 08:00:00",495,23.25,11.88,11.94,11.96,0.101,0,0,0,0
"2025-09-03 09:00:00",496,23.14,11.91,11.97,11.99,0.095,0,0,0,0
"2025-09-03 10:00:00",497,23.47,11.93,11.99,12.01,0.095,0,0,0,0
"2025-09-03 11:00:00",498,24.24,12.02,12.05,12.07,0.175,0,0,0,0
"2025-09-03 12:00:00",499,26.07,12,12.03,12.04,0.173,0,0,0,0
"2025-09-03 13:00:00",500,27.26,12.01,12.07,12.09,0.108,0,0,0,0
"2025-09-03 14:00:00",501,27.36,11.96,12.02,12.03,0.111,0,0,0,0
"2025-09-03 15:00:00",502,27.15,11.94,11.98,12,0.12,0,0,0,0
"2025-09-03 16:00:00",503,27.24,11.92,11.97,11.98,0.13,0,0,0,0
"2025-09-03 17:00:00",504,27.32,11.91,11.96,11.97,0.128,0,0,0,0
"2025-09-03 18:00:00",505,27.34,11.91,11.96,11.96,0.129,0,0,0,0
"2025-09-03 19:00:00",506,27.29,11.85,11.92,11.91,0.127,0,0,0,0
"2025-09-03 20:00:00",507,27.14,11.88,11.93,11.94,0.126,0,0,0,0
"2025-09-03 21:00:00",508,26.92,11.88,11.94,1.769,0.096,0,0,0,0
"2025-09-03 22:00:00",509,26.65,11.88,11.93,1.209,0.095,0,0,0,0
"2025-09-03 23:00:00",510,26.41,11.88,11.93,1.511,0.094,0,0,0,0
"2025-09-04 00:00:00",511,26.19,11.88,11.93,1.594,0.105,0,0,0,0
"2025-09-04 01:00:00",512,25.99,11.87,11.93,1.893,0.099,0,0,0,0
"2025-09-04 02:00:00",513,25.8,11.87,11.93,1.516,0.096,0,0,0,0
"2025-09-04 03:00:00",514,25.63,11.86,11.92,1.309,0.113,0,0,0,0
"2025-09-04 04:00:00",515,25.47,11.87,11.93,1.889,0.098,0,0,0,0
"2025-09-04 05:00:00",516,25.28,11.87,11.92,1.527,0.094,0,0,0,0
"2025-09-04 06:00:00",517,25.07,11.87,11.92,1.808,0.096,0,0,0,0
"2025-09-04 07:00:00",518,24.77,11.87,11.92,2.768,0.095,0,0,0,0
"2025-09-04 08:00:00",519,24.51,11.87,11.93,11.94,0.094,0,0,0,0
"2025-09-04 09:00:00",520,24.49,11.9,11.96,11.97,0.094,0,0,0,0
"2025-09-04 10:00:00",521,24.98,11.93,11.98,12.01,0.094,0,0,0,0
"2025-09-04 11:00:00",522,25.69,12.06,12.11,12.16,0.099,0,0,0,0
"2025-09-04 12:00:00",523,27.09,11.99,12.04,12.07,0.104,0,0,0,0
"2025-09-04 13:00:00",524,28.05,12,12.04,12.08,0.109,0,0,0,0
"2025-09-04 14:00:00",525,28.23,11.97,12.02,12.04,0.096,0,0,0,0
"2025-09-04 15:00:00",526,28.06,11.94,11.99,12.01,0.098,0,0,0,0
"2025-09-04 16:00:00",527,27.81,11.92,11.97,11.97,0.123,0,0,0,0
"2025-09-04 17:00:00",528,27.63,11.91,11.96,11.97,0.127,0,0,0,0
"2025-09-04 18:00:00",529,27.51,11.9,11.95,11.96,0.133,0,0,0,0
"2025-09-04 19:00:00",530,27.45,11.89,11.94,11.95,0.128,0,0,0,0
"2025-09-04 20:00:00",531,27.38,11.88,11.94,11.95,0.104,0,0,0,0
"2025-09-04 21:00:00",532,27.24,11.85,11.89,1.192,0.172,0,0,0,0
"2025-09-04 22:00:00",533,27.04,11.86,11.92,1.204,0.13,0,0,0,0
"2025-09-04 23:00:00",534,26.89,11.87,11.92,1.742,0.1,0,0,0,0
"2025-09-05 00:00:00",535,26.52,11.87,11.92,1.819,0.099,0,0,0,0
"2025-09-05 01:00:00",536,26.17,11.87,11.92,1.248,0.105,0,0,0,0
"2025-09-05 02:00:00",537,25.94,11.86,11.92,1.344,0.097,0,0,0,0
"2025-09-05 03:00:00",538,25.76,11.86,11.92,1.762,0.096,0,0,0,0
"2025-09-05 04:00:00",539,25.57,11.86,11.91,1.673,0.095,0,0,0,0
"2025-09-05 05:00:00",540,25.28,11.86,11.92,1.326,0.094,0,0,0,0
"2025-09-05 06:00:00",541,24.96,11.86,11.92,1.856,0.096,0,0,0,0
"2025-09-05 07:00:00",542,24.68,11.86,11.92,2.218,0.096,0,0,0,0
"2025-09-05 08:00:00",543,24.42,11.86,11.92,11.93,0.095,0,0,0,0
"2025-09-05 09:00:00",544,24.26,11.89,11.94,11.96,0.094,0,0,0,0
"2025-09-05 10:00:00",545,24.38,11.92,11.96,12,0.097,0,0,0,0
"2025-09-05 11:00:00",546,24.82,12.01,12.05,12.08,0.149,0,0,0,0
"2025-09-05 12:00:00",547,26.17,12.02,12.07,12.1,0.093,0,0,0,0
"2025-09-05 13:00:00",548,27.13,12.02,12.07,12.1,0.107,0,0,0,0
"2025-09-05 14:00:00",549,27.16,11.97,12.02,12.04,0.113,0,0,0,0
"2025-09-05 15:00:00",550,26.78,11.93,11.98,11.99,0.13,0,0,0,0
"2025-09-05 16:00:00",551,26.48,11.92,11.97,11.97,0.122,0,0,0,0
"2025-09-05 17:00:00",552,26.26,11.9,11.95,11.95,0.148,0,0,0,0
"2025-09-05 18:00:00",553,25.96,11.89,11.95,11.96,0.124,0,0,0,0
"2025-09-05 19:00:00",554,25.68,11.88,11.94,11.95,0.12,0,0,0,0
"2025-09-05 20:00:00",555,25.38,11.87,11.92,11.91,0.129,0,0,0,0
"2025-09-05 21:00:00",556,25.1,11.86,11.9,1.594,0.13,0,0,0,0
"2025-09-05 22:00:00",557,24.87,11.87,11.92,1.933,0.098,0,0,0,0
"2025-09-05 23:00:00",558,24.7,11.86,11.91,1.977,0.098,0,0,0,0
"2025-09-06 00:00:00",559,24.56,11.86,11.91,1.331,0.096,0,0,0,0
"2025-09-06 01:00:00",560,24.43,11.86,11.91,1.521,0.106,0,0,0,0
"2025-09-06 02:00:00",561,24.21,11.85,11.91,1.634,0.099,0,0,0,0
"2025-09-06 03:00:00",562,23.9,11.85,11.9,1.782,0.096,0,0,0,0
"2025-09-06 04:00:00",563,23.65,11.85,11.9,1.825,0.094,0,0,0,0
"2025-09-06 05:00:00",564,23.43,11.85,11.9,1.872,0.093,0,0,0,0
"2025-09-06 06:00:00",565,23.22,11.85,11.9,1.785,0.095,0,0,0,0
"2025-09-06 07:00:00",566,23.04,11.85,11.9,2.813,0.101,0,0,0,0
"2025-09-06 08:00:00",567,22.86,11.85,11.91,11.93,0.095,0,0,0,0
"2025-09-06 09:00:00",568,22.87,11.88,11.94,11.95,0.101,0,0,0,0
"2025-09-06 10:00:00",569,23.31,11.9,11.96,11.98,0.092,0,0,0,0
"2025-09-06 11:00:00",570,23.96,12.01,12.06,12.08,0.132,0,0,0,0
"2025-09-06 12:00:00",571,25.5,12.01,12.05,12.07,0.123,0,0,0,0
"2025-09-06 13:00:00",572,26.59,12,12.05,12.07,0.127,0,0,0,0
"2025-09-06 14:00:00",573,26.65,11.94,11.99,11.98,0.148,0,0,0,0
"2025-09-06 15:00:00",574,26.41,11.93,11.98,12,0.099,0,0,0,0
"2025-09-06 16:00:00",575,26.34,11.91,11.97,11.99,0.101,0,0,0,0
"2025-09-06 17:00:00",576,26.25,11.87,11.91,11.92,0.154,0,0,0,0
"2025-09-06 18:00:00",577,26.15,11.9,11.95,11.96,0.1,0,0,0,0
"2025-09-06 19:00:00",578,26.06,11.88,11.94,11.96,0.104,0,0,0,0
"2025-09-06 20:00:00",579,25.96,11.87,11.93,11.94,0.108,0,0,0,0
"2025-09-06 21:00:00",580,25.81,11.86,11.92,1.222,0.098,0,0,0,0
"2025-09-06 22:00:00",581,25.65,11.86,11.91,1.349,0.093,0,0,0,0
"2025-09-06 23:00:00",582,25.54,11.85,11.91,1.255,0.094,0,0,0,0
"2025-09-07 00:00:00",583,25.42,11.85,11.9,1.251,0.094,0,0,0,0
"2025-09-07 01:00:00",584,25.34,11.85,11.9,1.27,0.094,0,0,0,0
"2025-09-07 02:00:00",585,25.27,11.85,11.9,1.587,0.095,0,0,0,0
"2025-09-07 03:00:00",586,25.18,11.84,11.9,1.644,0.098,0,0,0,0
"2025-09-07 04:00:00",587,24.97,11.84,11.9,1.667,0.11,0,0,0,0
"2025-09-07 05:00:00",588,24.81,11.84,11.9,1.889,0.096,0,0,0,0
"2025-09-07 06:00:00",589,24.73,11.84,11.9,1.273,0.096,0,0,0,0
"2025-09-07 07:00:00",590,24.62,11.84,11.9,2.051,0.102,0,0,0,0
"2025-09-07 08:00:00",591,24.44,11.84,11.9,11.92,0.096,0,0,0,0
"2025-09-07 09:00:00",592,24.43,11.87,11.93,11.94,0.113,0,0,0,0
"2025-09-07 10:00:00",593,24.79,11.87,11.92,11.92,0.141,0,0,0,0
"2025-09-07 11:00:00",594,25.34,11.92,11.97,11.98,0.124,0,0,0,0
"2025-09-07 12:00:00",595,26.27,11.98,12.02,12.04,0.123,0,0,0,0
"2025-09-07 13:00:00",596,27.19,11.92,11.96,11.92,0.194,0,0,0,0
"2025-09-07 14:00:00",597,27.49,11.93,11.98,12,0.094,0,0,0,0
"2025-09-07 15:00:00",598,27.59,11.91,11.97,11.99,0.096,0,0,0,0
"2025-09-07 16:00:00",599,27.6,11.88,11.92,11.91,0.176,0,0,0,0
"2025-09-07 17:00:00",600,27.49,11.9,11.95,11.97,0.11,0,0,0,0
"2025-09-07 18:00:00",601,27.35,11.89,11.94,11.96,0.091,0,0,0,0
"2025-09-07 19:00:00",602,27.22,11.88,11.92,11.95,0.106,0,0,0,0
"2025-09-07 20:00:00",603,27.1,11.86,11.91,11.93,0.099,0,0,0,0
"2025-09-07 21:00:00",604,26.96,11.85,11.9,1.722,0.097,0,0,0,0
"2025-09-07 22:00:00",605,26.81,11.84,11.9,1.238,0.099,0,0,0,0
"2025-09-07 23:00:00",606,26.69,11.84,11.9,1.86,0.099,0,0,0,0
"2025-09-08 00:00:00",607,26.62,11.84,11.9,1.988,0.117,0,0,0,0
"2025-09-08 01:00:00",608,26.55,11.84,11.89,1.423,0.102,0,0,0,0
"2025-09-08 02:00:00",609,26.45,11.84,11.9,1.27,0.106,0,0,0,0
"2025-09-08 03:00:00",610,26.36,11.84,11.89,1.876,0.095,0,0,0,0
"2025-09-08 04:00:00",611,26.24,11.83,11.89,1.396,0.096,0,0,0,0
"2025-09-08 05:00:00",612,26.22,11.84,11.89,1.822,0.096,0,0,0,0
"2025-09-08 06:00:00",613,26.16,11.83,11.88,1.688,0.121,0,0,0,0
"2025-09-08 07:00:00",614,26.02,11.83,11.87,1.664,0.117,0,0,0,0
"2025-09-08 08:00:00",615,25.86,11.83,11.87,11.87,0.126,0,0,0,0
"2025-09-08 09:00:00",616,25.81,11.82,11.88,11.88,0.122,0,0,0,0
"2025-09-08 10:00:00",617,25.83,11.83,11.88,11.9,0.125,0,0,0,0
"2025-09-08 11:00:00",618,25.95,11.88,11.93,11.94,0.121,0,0,0,0
"2025-09-08 12:00:00",619,26.24,11.83,11.86,11.85,0.183,0,0,0,0
"2025-09-08 13:00:00",620,26.19,11.8,11.82,11.81,0.202,0,0,0,0
"2025-09-08 14:00:00",621,25.86,11.84,11.88,11.87,0.148,0,0,0,0
"2025-09-08 15:00:00",622,26.13,11.84,11.86,11.84,0.192,0,0,0,0
"2025-09-08 16:00:00",623,26.49,11.83,11.88,11.85,0.141,0,0,0,0
"2025-09-08 17:00:00",624,26.7,11.85,11.9,11.93,0.103,0,0,0,0
"2025-09-08 18:00:00",625,26.71,11.83,11.89,11.91,0.102,0,0,0,0
"2025-09-08 19:00:00",626,26.53,11.8,11.87,11.86,0.094,0,0,0,0
"2025-09-08 20:00:00",627,26.28,11.79,11.83,5.558,0.154,0,0,0,0
"2025-09-08 21:00:00",628,26.04,11.82,11.87,1.797,0.096,0,0,0,0
"2025-09-08 22:00:00",629,25.85,11.79,11.82,1.207,0.151,0,0,0,0
"2025-09-08 23:00:00",630,25.69,11.81,11.86,1.279,0.096,0,0,0,0
"2025-09-09 00:00:00",631,25.57,11.78,11.82,1.502,0.151,0,0,0,0
"2025-09-09 01:00:00",632,25.49,11.76,11.83,1.345,0.151,0,0,0,0
"2025-09-09 02:00:00",633,25.45,11.81,11.87,1.624,0.099,0,0,0,0
"2025-09-09 03:00:00",634,25.42,11.81,11.86,1.254,0.096,0,0,0,0
"2025-09-09 04:00:00",635,25.34,11.8,11.84,1.249,0.138,0,0,0,0
"2025-09-09 05:00:00",636,25.23,11.77,11.81,1.56,0.139,0,0,0,0
"2025-09-09 06:00:00",637,25.13,11.77,11.81,1.223,0.158,0,0,0,0
"2025-09-09 07:00:00",638,25.02,11.8,11.86,1.249,0.096,0,0,0,0
"2025-09-09 08:00:00",639,23.9,11.8,11.85,10.21,0.097,0,0,0,0
"2025-09-09 09:00:00",640,23.34,11.77,11.82,11.8,0.175,0,0,0,0
"2025-09-09 10:00:00",641,22.95,11.79,11.84,11.85,0.121,0,0,0,0
"2025-09-09 11:00:00",642,22.29,11.8,11.84,11.86,0.125,0,0,0,0
"2025-09-09 12:00:00",643,21.97,11.77,11.81,11.79,0.179,0,0,0,0
"2025-09-09 13:00:00",644,22.39,11.87,11.92,11.94,0.122,0,0,0,0
"2025-09-09 14:00:00",645,23.26,11.83,11.88,11.9,0.135,0,0,0,0
"2025-09-09 15:00:00",646,23.61,11.84,11.89,11.89,0.137,0,0,0,0
"2025-09-09 16:00:00",647,23.61,11.82,11.86,11.87,0.123,0,0,0,0
"2025-09-09 17:00:00",648,23.5,11.82,11.88,11.9,0.107,0,0,0,0
"2025-09-09 18:00:00",649,23.49,11.82,11.87,11.88,0.104,0,0,0,0
"2025-09-09 19:00:00",650,23.49,11.78,11.85,11.86,0.104,0,0,0,0
"2025-09-09 20:00:00",651,23.43,11.8,11.85,11.87,0.096,0,0,0,0
"2025-09-09 21:00:00",652,23.33,11.8,11.85,1.597,0.095,0,0,0,0
"2025-09-09 22:00:00",653,23.27,11.79,11.85,1.291,0.101,0,0,0,0
"2025-09-09 23:00:00",654,23.18,11.79,11.85,2.01,0.094,0,0,0,0
"2025-09-10 00:00:00",655,23.11,11.79,11.84,1.273,0.104,0,0,0,0
"2025-09-10 01:00:00",656,23.01,11.79,11.85,1.991,0.103,0,0,0,0
"2025-09-10 02:00:00",657,22.89,11.79,11.84,1.438,0.096,0,0,0,0
"2025-09-16 15:00:00",814,26.63,11.84,11.89,11.91,0.101,0,0,0,0
"2025-09-16 16:00:00",815,26.36,11.83,11.88,11.9,0.106,0,0,0,0
"2025-09-16 17:00:00",816,26.02,11.8,11.85,11.88,0.103,0,0,0,0
"2025-09-16 18:00:00",817,25.7,11.79,11.84,11.86,0.097,0,0,0,0
"2025-09-16 19:00:00",818,25.46,11.77,11.82,11.82,0.113,0,0,0,0
"2025-09-16 20:00:00",819,25.32,11.76,11.82,4.759,0.103,0,0,0,0
"2025-09-16 21:00:00",820,25.19,11.75,11.8,1.898,0.097,0,0,0,0
"2025-09-16 22:00:00",821,25.09,11.74,11.8,1.9,0.096,0,0,0,0
"2025-09-16 23:00:00",822,24.95,11.73,11.79,1.298,0.096,0,0,0,0
"2025-09-17 00:00:00",823,24.85,11.72,11.78,1.304,0.1,0,0,0,0
"2025-09-17 01:00:00",824,24.73,11.72,11.78,1.527,0.096,0,0,0,0
"2025-09-17 02:00:00",825,24.65,11.71,11.77,1.673,0.117,0,0,0,0
"2025-09-17 03:00:00",826,24.62,11.71,11.76,1.3,0.135,0,0,0,0
"2025-09-17 04:00:00",827,24.53,11.71,11.76,1.883,0.122,0,0,0,0
"2025-09-17 05:00:00",828,24.36,11.7,11.76,1.916,0.124,0,0,0,0
"2025-09-17 06:00:00",829,24.18,11.71,11.75,1.32,0.122,0,0,0,0
"2025-09-17 07:00:00",830,24.12,11.7,11.75,1.934,0.125,0,0,0,0
"2025-09-17 08:00:00",831,24.14,11.7,11.75,11.88,0.123,0,0,0,0
"2025-09-17 09:00:00",832,24.18,11.72,11.77,11.8,0.094,0,0,0,0
"2025-09-17 10:00:00",833,24.38,11.75,11.81,11.83,0.094,0,0,0,0
"2025-09-17 11:00:00",834,24.82,11.75,11.81,11.82,0.103,0,0,0,0
"2025-09-17 12:00:00",835,25.7,11.84,11.89,11.91,0.105,0,0,0,0
"2025-09-17 13:00:00",836,26.44,11.84,11.89,11.91,0.1,0,0,0,0
"2025-09-17 14:00:00",837,26.71,11.8,11.86,11.89,0.097,0,0,0,0
"2025-09-17 15:00:00",838,26.72,11.79,11.84,11.86,0.102,0,0,0,0
"2025-09-17 16:00:00",839,26.63,11.75,11.78,11.81,0.146,0,0,0,0
"2025-09-17 17:00:00",840,26.63,11.72,11.77,11.74,0.145,0,0,0,0
"2025-09-17 18:00:00",841,26.93,11.7,11.74,11.72,0.149,0,0,0,0
"2025-09-17 19:00:00",842,27.13,11.68,11.74,11.71,0.163,0,0,0,0
"2025-09-17 20:00:00",843,27.13,11.7,11.72,9.23,0.161,0,0,0,0
"2025-09-17 21:00:00",844,26.9,11.69,11.76,1.534,0.12,0,0,0,0
"2025-09-17 22:00:00",845,26.68,11.7,11.76,1.313,0.099,0,0,0,0
"2025-09-17 23:00:00",846,26.47,11.7,11.75,1.424,0.096,0,0,0,0
"2025-09-18 00:00:00",847,26.27,11.67,11.7,1.242,0.155,0,0,0,0
"2025-09-18 01:00:00",848,26.09,11.7,11.75,1.796,0.107,0,0,0,0
"2025-09-18 02:00:00",849,25.9,11.65,11.72,1.392,0.141,0,0,0,0
"2025-09-18 03:00:00",850,25.7,11.65,11.7,1.295,0.21,0,0,0,0
"2025-09-18 04:00:00",851,25.47,11.69,11.74,1.914,0.136,0,0,0,0
"2025-09-18 05:00:00",852,25.23,11.69,11.74,1.661,0.129,0,0,0,0
"2025-09-18 06:00:00",853,25.02,11.69,11.74,1.823,0.125,0,0,0,0
"2025-09-18 07:00:00",854,24.79,11.68,11.74,1.358,0.12,0,0,0,0
"2025-09-18 08:00:00",855,24.57,11.69,11.74,11.74,0.125,0,0,0,0
"2025-09-18 09:00:00",856,24.38,11.72,11.77,11.78,0.122,0,0,0,0
"2025-09-18 10:00:00",857,24.47,11.75,11.81,11.83,0.107,0,0,0,0
"2025-09-18 11:00:00",858,24.95,11.84,11.89,11.92,0.096,0,0,0,0
"2025-09-18 12:00:00",859,26.44,11.86,11.91,11.93,0.098,0,0,0,0
"2025-09-18 13:00:00",860,27.35,11.83,11.89,11.91,0.097,0,0,0,0
"2025-09-18 14:00:00",861,27.49,11.81,11.86,11.88,0.094,0,0,0,0
"2025-09-18 15:00:00",862,27.34,11.78,11.84,11.86,0.099,0,0,0,0
"2025-09-18 16:00:00",863,27.28,11.73,11.76,11.78,0.156,0,0,0,0
"2025-09-18 17:00:00",864,27.23,11.71,11.74,11.74,0.21,0,0,0,0
"2025-09-18 18:00:00",865,27.08,11.7,11.73,11.71,0.16,0,0,0,0
"2025-09-18 19:00:00",866,26.87,11.69,11.72,11.71,0.141,0,0,0,0
"2025-09-18 20:00:00",867,26.62,11.7,11.76,7.248,0.096,0,0,0,0
"2025-09-18 21:00:00",868,26.38,11.69,11.75,1.343,0.101,0,0,0,0
"2025-09-18 22:00:00",869,26.22,11.65,11.71,1.5,0.15,0,0,0,0
"2025-09-18 23:00:00",870,26.07,11.69,11.73,1.266,0.107,0,0,0,0
"2025-09-19 00:00:00",871,25.93,11.66,11.69,1.695,0.161,0,0,0,0
"2025-09-19 01:00:00",872,25.76,11.65,11.68,1.405,0.165,0,0,0,0
"2025-09-19 02:00:00",873,25.56,11.63,11.7,1.402,0.15,0,0,0,0
"2025-09-19 03:00:00",874,25.4,11.65,11.68,1.526,0.148,0,0,0,0
"2025-09-19 04:00:00",875,25.2,11.67,11.72,1.736,0.133,0,0,0,0
"2025-09-19 05:00:00",876,24.99,11.64,11.68,1.842,0.185,0,0,0,0
"2025-09-19 06:00:00",877,24.8,11.67,11.72,1.938,0.122,0,0,0,0
"2025-09-19 07:00:00",878,24.47,11.66,11.72,1.482,0.126,0,0,0,0
"2025-09-19 08:00:00",879,24.06,11.67,11.71,11.72,0.133,0,0,0,0
"2025-09-19 09:00:00",880,23.82,11.69,11.74,11.75,0.123,0,0,0,0
"2025-09-19 10:00:00",881,23.97,11.68,11.72,11.72,0.178,0,0,0,0
"2025-09-19 11:00:00",882,24.61,11.77,11.81,11.84,0.095,0,0,0,0
"2025-09-19 12:00:00",883,26.41,11.82,11.87,11.9,0.094,0,0,0,0
"2025-09-19 13:00:00",884,27.49,11.79,11.84,11.86,0.102,0,0,0,0
"2025-09-19 14:00:00",885,27.39,11.76,11.81,11.82,0.104,0,0,0,0
"2025-09-19 15:00:00",886,27.08,11.74,11.79,11.81,0.097,0,0,0,0
"2025-09-19 16:00:00",887,26.89,11.72,11.77,11.79,0.096,0,0,0,0
"2025-09-19 17:00:00",888,26.73,11.71,11.77,11.79,0.106,0,0,0,0
"2025-09-19 18:00:00",889,26.61,11.7,11.76,11.78,0.105,0,0,0,0
"2025-09-19 19:00:00",890,26.48,11.7,11.75,11.77,0.112,0,0,0,0
"2025-09-19 20:00:00",891,26.31,11.68,11.74,4.782,0.097,0,0,0,0
"2025-09-19 21:00:00",892,26.11,11.68,11.74,1.252,0.104,0,0,0,0
"2025-09-19 22:00:00",893,25.93,11.68,11.74,2.035,0.104,0,0,0,0
"2025-09-19 23:00:00",894,25.8,11.68,11.73,1.911,0.096,0,0,0,0
"2025-09-20 00:00:00",895,25.71,11.67,11.73,1.992,0.106,0,0,0,0
"2025-09-20 01:00:00",896,25.64,11.67,11.73,1.259,0.101,0,0,0,0
"2025-09-20 02:00:00",897,25.46,11.67,11.73,1.32,0.101,0,0,0,0
"2025-09-20 03:00:00",898,25.28,11.67,11.72,1.936,0.101,0,0,0,0
"2025-09-20 04:00:00",899,25.12,11.67,11.71,1.782,0.096,0,0,0,0
"2025-09-20 05:00:00",900,24.98,11.65,11.7,1.422,0.141,0,0,0,0
"2025-09-20 06:00:00",901,24.86,11.66,11.71,1.449,0.123,0,0,0,0
"2025-09-20 07:00:00",902,24.74,11.66,11.71,1.424,0.127,0,0,0,0
"2025-09-20 08:00:00",903,24.63,11.66,11.71,11.79,0.124,0,0,0,0
"2025-09-20 09:00:00",904,24.58,11.68,11.73,11.74,0.132,0,0,0,0
"2025-09-20 10:00:00",905,24.82,11.71,11.75,11.78,0.123,0,0,0,0
"2025-09-20 11:00:00",906,25.4,11.76,11.82,11.83,0.096,0,0,0,0
"2025-09-20 12:00:00",907,27.01,11.78,11.81,11.82,0.191,0,0,0,0
"2025-09-20 13:00:00",908,28.14,11.77,11.82,11.85,0.096,0,0,0,0
"2025-09-20 14:00:00",909,27.72,11.71,11.75,11.75,0.156,0,0,0,0
"2025-09-20 15:00:00",910,27.28,11.68,11.72,11.7,0.149,0,0,0,0
"2025-09-20 16:00:00",911,27.1,11.69,11.74,11.76,0.124,0,0,0,0
"2025-09-20 17:00:00",912,27.02,11.69,11.74,11.77,0.1,0,0,0,0
"2025-09-20 18:00:00",913,26.91,11.66,11.73,11.75,0.109,0,0,0,0
"2025-09-20 19:00:00",914,26.76,11.64,11.68,11.69,0.176,0,0,0,0
"2025-09-20 20:00:00",915,26.51,11.63,11.64,4.045,0.162,0,0,0,0
"2025-09-20 21:00:00",916,26.29,11.65,11.71,1.445,0.099,0,0,0,0
"2025-09-20 22:00:00",917,26.13,11.62,11.68,1.572,0.163,0,0,0,0
"2025-09-20 23:00:00",918,26.02,11.65,11.71,1.869,0.101,0,0,0,0
"2025-09-21 00:00:00",919,25.92,11.65,11.71,1.432,0.109,0,0,0,0
"2025-09-21 01:00:00",920,25.81,11.65,11.71,1.874,0.096,0,0,0,0
"2025-09-21 02:00:00",921,25.69,11.61,11.65,1.4,0.155,0,0,0,0
"2025-09-21 03:00:00",922,25.54,11.63,11.66,1.917,0.141,0,0,0,0
"2025-09-21 04:00:00",923,25.38,11.61,11.67,1.415,0.132,0,0,0,0
"2025-09-21 05:00:00",924,25.25,11.6,11.65,1.319,0.175,0,0,0,0
"2025-09-21 06:00:00",925,25.12,11.64,11.69,1.808,0.119,0,0,0,0
"2025-09-21 07:00:00",926,25,11.64,11.69,1.277,0.125,0,0,0,0
"2025-09-21 08:00:00",927,24.86,11.64,11.69,11.68,0.118,0,0,0,0
"2025-09-21 09:00:00",928,24.03,11.65,11.71,11.73,0.097,0,0,0,0
"2025-09-21 10:00:00",929,23.61,11.7,11.75,11.77,0.102,0,0,0,0
"2025-09-21 11:00:00",930,23.74,11.72,11.77,11.8,0.095,0,0,0,0
"2025-09-21 12:00:00",931,24.17,11.7,11.75,11.78,0.094,0,0,0,0
"2025-09-21 13:00:00",932,24.53,11.69,11.74,11.76,0.103,0,0,0,0
"2025-09-21 14:00:00",933,24.87,11.69,11.74,11.76,0.102,0,0,0,0
"2025-09-21 15:00:00",934,24.88,11.65,11.71,11.73,0.095,0,0,0,0
"2025-09-21 16:00:00",935,24.56,11.68,11.73,11.75,0.114,0,0,0,0
"2025-09-21 17:00:00",936,24.45,11.67,11.72,11.72,0.105,0,0,0,0
"2025-09-21 18:00:00",937,24.36,11.65,11.71,11.72,0.094,0,0,0,0
"2025-09-21 19:00:00",938,23.45,11.61,11.63,5.165,0.171,0,0,0,0
"2025-09-21 20:00:00",939,21.95,11.63,11.69,1.689,0.098,0,0,0,0
"2025-09-21 21:00:00",940,21.22,11.61,11.64,1.854,0.164,0,0,0,0
"2025-09-21 22:00:00",941,20.81,11.6,11.64,1.368,0.163,0,0,0,0
"2025-09-21 23:00:00",942,20.58,11.6,11.64,1.935,0.183,0,0,0,0
"2025-09-22 00:00:00",943,20.57,11.62,11.67,1.414,0.1,0,0,0,0
"2025-09-22 01:00:00",944,20.59,11.62,11.66,1.646,0.112,0,0,0,0
"2025-09-22 02:00:00",945,20.56,11.63,11.68,1.309,0.095,0,0,0,0
"2025-09-22 03:00:00",946,20.35,11.63,11.68,1.467,0.097,0,0,0,0
"2025-09-22 04:00:00",947,20.11,11.62,11.67,1.597,0.128,0,0,0,0
"2025-09-22 05:00:00",948,19.8,11.61,11.67,1.642,0.131,0,0,0,0
"2025-09-22 06:00:00",949,19.42,11.61,11.67,1.396,0.124,0,0,0,0
"2025-09-22 07:00:00",950,19.11,11.6,11.66,1.976,0.123,0,0,0,0
"2025-09-22 08:00:00",951,18.62,11.61,11.66,11.66,0.124,0,0,0,0
"2025-09-22 09:00:00",952,18.26,11.64,11.69,11.7,0.13,0,0,0,0
"2025-09-22 10:00:00",953,18.17,11.67,11.72,11.73,0.134,0,0,0,0
"2025-09-22 11:00:00",954,18.47,11.71,11.76,11.77,0.129,0,0,0,0
"2025-09-22 12:00:00",955,19.87,11.8,11.85,11.87,0.108,0,0,0,0
"2025-09-22 13:00:00",956,20.93,11.69,11.71,11.67,0.161,0,0,0,0
"2025-09-22 14:00:00",957,20.91,11.69,11.74,11.76,0.098,0,0,0,0
"2025-09-22 15:00:00",958,20.84,11.63,11.68,11.68,0.158,0,0,0,0
"2025-09-22 16:00:00",959,21.04,11.61,11.66,11.62,0.151,0,0,0,0
"2025-09-22 17:00:00",960,21.2,11.63,11.68,11.68,0.107,0,0,0,0
"2025-09-22 18:00:00",961,21.23,11.59,11.61,11.61,0.152,0,0,0,0
"2025-09-22 19:00:00",962,21.23,11.61,11.67,11.69,0.098,0,0,0,0
"2025-09-22 20:00:00",963,21.09,11.61,11.66,4.471,0.095,0,0,0,0
"2025-09-22 21:00:00",964,20.93,11.61,11.67,1.947,0.115,0,0,0,0
"2025-09-22 22:00:00",965,20.84,11.61,11.67,1.718,0.103,0,0,0,0
"2025-09-22 23:00:00",966,20.69,11.61,11.66,1.404,0.097,0,0,0,0
"2025-09-23 00:00:00",967,20.57,11.61,11.66,1.925,0.098,0,0,0,0
"2025-09-23 01:00:00",968,20.33,11.57,11.62,1.738,0.179,0,0,0,0
"2025-09-23 02:00:00",969,20.05,11.57,11.62,1.956,0.145,0,0,0,0
"2025-09-23 03:00:00",970,19.74,11.57,11.62,1.868,0.139,0,0,0,0
"2025-09-23 04:00:00",971,19.41,11.57,11.6,1.849,0.137,0,0,0,0
"2025-09-23 05:00:00",972,19.09,11.57,11.59,1.276,0.153,0,0,0,0
"2025-09-23 06:00:00",973,18.75,11.57,11.6,1.892,0.143,0,0,0,0
"2025-09-23 07:00:00",974,18.53,11.58,11.64,1.888,0.117,0,0,0,0
"2025-09-23 08:00:00",975,18.3,11.55,11.6,11.57,0.192,0,0,0,0
"2025-09-23 09:00:00",976,18.12,11.57,11.62,11.61,0.192,0,0,0,0
"2025-09-23 10:00:00",977,18.18,11.63,11.68,11.69,0.14,0,0,0,0
"2025-09-23 11:00:00",978,18.52,11.64,11.69,11.68,0.201,0,0,0,0
"2025-09-23 12:00:00",979,20.1,11.74,11.79,11.8,0.129,0,0,0,0
"2025-09-23 13:00:00",980,21.37,11.69,11.75,11.76,0.098,0,0,0,0
"2025-09-23 14:00:00",981,21.52,11.66,11.71,11.73,0.097,0,0,0,0
"2025-09-23 15:00:00",982,21.31,11.64,11.69,11.71,0.104,0,0,0,0
"2025-09-23 16:00:00",983,21.15,11.63,11.68,11.7,0.095,0,0,0,0
"2025-09-23 17:00:00",984,21.07,11.62,11.67,11.68,0.096,0,0,0,0
"2025-09-23 18:00:00",985,21.07,11.62,11.67,11.69,0.095,0,0,0,0
"2025-09-23 19:00:00",986,21.1,11.61,11.66,11.65,0.095,0,0,0,0
"2025-09-23 20:00:00",987,21.04,11.57,11.6,2.598,0.159,0,0,0,0
"2025-09-23 21:00:00",988,20.36,11.59,11.64,1.364,0.106,0,0,0,0
"2025-09-23 22:00:00",989,19.89,11.56,11.63,1.496,0.116,0,0,0,0
"2025-09-23 23:00:00",990,19.61,11.55,11.59,1.249,0.154,0,0,0,0
"2025-09-24 00:00:00",991,19.4,11.55,11.6,1.479,0.156,0,0,0,0
"2025-09-24 01:00:00",992,19.23,11.55,11.6,1.345,0.147,0,0,0,0
"2025-09-24 02:00:00",993,18.85,11.55,11.6,1.627,0.14,0,0,0,0
"2025-09-24 03:00:00",994,18.53,11.59,11.64,1.53,0.096,0,0,0,0
"2025-09-24 04:00:00",995,17.79,11.59,11.64,1.605,0.103,0,0,0,0
"2025-09-24 05:00:00",996,17.13,11.58,11.64,1.772,0.103,0,0,0,0
"2025-09-24 06:00:00",997,16.84,11.58,11.64,1.397,0.105,0,0,0,0
"2025-09-24 07:00:00",998,16.65,11.58,11.64,1.373,0.096,0,0,0,0
"2025-09-24 08:00:00",999,16.49,11.58,11.64,11.71,0.097,0,0,0,0
"2025-09-24 09:00:00",1000,16.32,11.61,11.66,11.68,0.101,0,0,0,0
"2025-09-24 10:00:00",1001,16.47,11.65,11.7,11.72,0.095,0,0,0,0
"2025-09-24 11:00:00",1002,17.02,11.68,11.73,11.74,0.131,0,0,0,0
"2025-09-24 12:00:00",1003,18.81,11.75,11.79,11.81,0.131,0,0,0,0
"2025-09-24 13:00:00",1004,20.26,11.7,11.75,11.75,0.134,0,0,0,0
"2025-09-24 14:00:00",1005,20.39,11.65,11.71,11.73,0.125,0,0,0,0
"2025-09-24 15:00:00",1006,20.24,11.64,11.69,11.69,0.122,0,0,0,0
"2025-09-24 16:00:00",1007,20.14,11.62,11.66,11.67,0.145,0,0,0,0
"2025-09-24 17:00:00",1008,20.14,11.62,11.67,11.69,0.098,0,0,0,0
"2025-09-24 18:00:00",1009,20.18,11.6,11.66,11.68,0.095,0,0,0,0
"2025-09-24 19:00:00",1010,20.19,11.58,11.65,11.66,0.096,0,0,0,0
"2025-09-24 20:00:00",1011,20.16,11.58,11.64,3.696,0.104,0,0,0,0
"2025-09-24 21:00:00",1012,20.22,11.54,11.59,1.539,0.124,0,0,0,0
"2025-09-24 22:00:00",1013,20.22,11.57,11.63,1.506,0.097,0,0,0,0
"2025-09-24 23:00:00",1014,20.13,11.57,11.62,1.526,0.097,0,0,0,0
"2025-09-25 00:00:00",1015,20,11.56,11.62,1.935,0.099,0,0,0,0
"2025-09-25 01:00:00",1016,19.82,11.53,11.58,1.826,0.175,0,0,0,0
"2025-09-25 02:00:00",1017,19.44,11.53,11.58,1.853,0.164,0,0,0,0
"2025-09-25 03:00:00",1018,19.21,11.53,11.59,1.371,0.116,0,0,0,0
"2025-09-25 04:00:00",1019,19.08,11.55,11.58,1.832,0.141,0,0,0,0
"2025-09-25 05:00:00",1020,19.01,11.56,11.62,1.378,0.097,0,0,0,0
"2025-09-25 06:00:00",1021,18.67,11.56,11.61,1.935,0.099,0,0,0,0
"2025-09-25 07:00:00",1022,18.33,11.56,11.61,1.66,0.098,0,0,0,0
"2025-09-25 08:00:00",1023,18.15,11.55,11.61,11.61,0.097,0,0,0,0
"2025-09-25 09:00:00",1024,18.02,11.56,11.62,11.64,0.106,0,0,0,0
"2025-09-25 10:00:00",1025,17.87,11.57,11.62,11.64,0.102,0,0,0,0
"2025-09-25 11:00:00",1026,17.91,11.59,11.64,11.67,0.101,0,0,0,0
"2025-09-25 12:00:00",1027,19.01,11.71,11.76,11.79,0.106,0,0,0,0
"2025-09-25 13:00:00",1028,20.32,11.67,11.72,11.74,0.098,0,0,0,0
"2025-09-25 14:00:00",1029,20.64,11.64,11.7,11.71,0.108,0,0,0,0
"2025-09-25 15:00:00",1030,20.88,11.62,11.66,11.68,0.124,0,0,0,0
"2025-09-25 16:00:00",1031,21.14,11.61,11.66,11.67,0.133,0,0,0,0
"2025-09-25 17:00:00",1032,21.09,11.59,11.64,11.65,0.126,0,0,0,0
"2025-09-25 18:00:00",1033,21.17,11.58,11.63,11.63,0.135,0,0,0,0
"2025-09-25 19:00:00",1034,21.22,11.56,11.62,11.62,0.125,0,0,0,0
"2025-09-25 20:00:00",1035,20.66,11.55,11.61,2.102,0.127,0,0,0,0
"2025-09-25 21:00:00",1036,20.06,11.55,11.59,1.672,0.127,0,0,0,0
"2025-09-25 22:00:00",1037,19.8,11.56,11.61,1.969,0.107,0,0,0,0
"2025-09-25 23:00:00",1038,19.67,11.54,11.6,1.92,0.133,0,0,0,0
"2025-09-26 00:00:00",1039,19.62,11.55,11.61,1.31,0.104,0,0,0,0
"2025-09-26 01:00:00",1040,19.38,11.56,11.61,2.086,0.1,0,0,0,0
"2025-09-26 02:00:00",1041,19.1,11.55,11.61,1.892,0.095,0,0,0,0
"2025-09-26 03:00:00",1042,18.88,11.55,11.61,1.557,0.099,0,0,0,0
"2025-09-26 04:00:00",1043,18.71,11.55,11.61,1.478,0.094,0,0,0,0
"2025-09-26 05:00:00",1044,18.52,11.54,11.61,1.976,0.096,0,0,0,0
"2025-09-26 06:00:00",1045,18.39,11.55,11.61,1.7,0.096,0,0,0,0
"2025-09-26 07:00:00",1046,18.27,11.55,11.6,1.376,0.097,0,0,0,0
"2025-09-26 08:00:00",1047,18.2,11.55,11.6,11.71,0.097,0,0,0,0
"2025-09-26 09:00:00",1048,18.18,11.54,11.58,11.57,0.167,0,0,0,0
"2025-09-26 10:00:00",1049,18.48,11.57,11.61,11.59,0.193,0,0,0,0
"2025-09-26 11:00:00",1050,19.12,11.66,11.72,11.73,0.155,0,0,0,0
"2025-09-26 12:00:00",1051,20.31,11.69,11.75,11.78,0.098,0,0,0,0
"2025-09-26 13:00:00",1052,21.36,11.63,11.68,11.7,0.095,0,0,0,0
"2025-09-26 14:00:00",1053,21.41,11.59,11.61,11.6,0.147,0,0,0,0
"2025-09-26 15:00:00",1054,21.45,11.6,11.66,11.67,0.109,0,0,0,0
"2025-09-26 16:00:00",1055,21.51,11.6,11.65,11.67,0.096,0,0,0,0
"2025-09-26 17:00:00",1056,21.78,11.58,11.62,11.65,0.096,0,0,0,0
"2025-09-26 18:00:00",1057,22.01,11.56,11.62,11.63,0.105,0,0,0,0
"2025-09-26 19:00:00",1058,22.08,11.55,11.6,11.63,0.1,0,0,0,0
"2025-09-26 20:00:00",1059,21.97,11.54,11.59,1.839,0.13,0,0,0,0
"2025-09-26 21:00:00",1060,21.58,11.54,11.58,1.895,0.121,0,0,0,0
"2025-09-26 22:00:00",1061,21.16,11.54,11.58,1.928,0.132,0,0,0,0
"2025-09-26 23:00:00",1062,20.81,11.54,11.6,1.63,0.095,0,0,0,0
"2025-09-27 00:00:00",1063,20.51,11.54,11.6,1.4,0.1,0,0,0,0
"2025-09-27 01:00:00",1064,20.25,11.54,11.6,1.676,0.096,0,0,0,0
"2025-09-27 02:00:00",1065,19.93,11.54,11.6,1.687,0.102,0,0,0,0
"2025-09-27 03:00:00",1066,19.58,11.53,11.6,1.639,0.094,0,0,0,0
"2025-09-27 04:00:00",1067,19.31,11.54,11.59,1.647,0.099,0,0,0,0
"2025-09-27 05:00:00",1068,19.1,11.53,11.58,1.942,0.096,0,0,0,0
"2025-09-27 06:00:00",1069,18.95,11.53,11.58,1.31,0.096,0,0,0,0
"2025-09-27 07:00:00",1070,18.83,11.53,11.59,1.589,0.102,0,0,0,0
"2025-09-27 08:00:00",1071,18.7,11.52,11.58,11.58,0.112,0,0,0,0
"2025-09-27 09:00:00",1072,18.65,11.54,11.6,11.62,0.097,0,0,0,0
"2025-09-27 10:00:00",1073,18.81,11.59,11.64,11.66,0.094,0,0,0,0
"2025-09-27 11:00:00",1074,19.44,11.67,11.73,11.75,0.095,0,0,0,0
"2025-09-27 12:00:00",1075,20.64,11.68,11.73,11.76,0.094,0,0,0,0
"2025-09-27 13:00:00",1076,21.85,11.68,11.73,11.75,0.096,0,0,0,0
"2025-09-27 14:00:00",1077,22.17,11.66,11.72,11.73,0.102,0,0,0,0
"2025-09-27 15:00:00",1078,22.42,11.65,11.71,11.73,0.1,0,0,0,0
"2025-09-27 16:00:00",1079,22.61,11.62,11.68,11.66,0.116,0,0,0,0
"2025-09-27 17:00:00",1080,22.7,11.61,11.66,11.67,0.135,0,0,0,0
"2025-09-27 18:00:00",1081,22.78,11.59,11.64,11.64,0.125,0,0,0,0
"2025-09-27 19:00:00",1082,22.75,11.57,11.61,11.63,0.136,0,0,0,0
"2025-09-27 20:00:00",1083,22.67,11.55,11.6,1.392,0.127,0,0,0,0
"2025-09-27 21:00:00",1084,22.56,11.55,11.61,1.862,0.1,0,0,0,0
"2025-09-27 22:00:00",1085,22.47,11.54,11.6,1.232,0.105,0,0,0,0
"2025-09-27 23:00:00",1086,22.32,11.54,11.59,1.452,0.103,0,0,0,0
"2025-09-28 00:00:00",1087,22.2,11.53,11.59,1.73,0.093,0,0,0,0
"2025-09-28 01:00:00",1088,22.07,11.53,11.58,1.801,0.096,0,0,0,0
"2025-09-28 02:00:00",1089,22,11.53,11.59,1.399,0.1,0,0,0,0
"2025-09-28 03:00:00",1090,21.85,11.52,11.57,1.927,0.137,0,0,0,0
"2025-09-28 04:00:00",1091,21.57,11.53,11.59,1.91,0.109,0,0,0,0
"2025-09-28 05:00:00",1092,21.29,11.5,11.54,1.213,0.174,0,0,0,0
"2025-09-28 06:00:00",1093,21.16,11.53,11.58,1.757,0.095,0,0,0,0
"2025-09-28 07:00:00",1094,21.09,11.53,11.58,1.73,0.094,0,0,0,0
"2025-09-28 08:00:00",1095,20.92,11.5,11.53,7.387,0.144,0,0,0,0
"2025-09-28 09:00:00",1096,20.84,11.52,11.58,11.59,0.103,0,0,0,0
"2025-09-28 10:00:00",1097,20.86,11.53,11.59,11.61,0.1,0,0,0,0
"2025-09-28 11:00:00",1098,21.14,11.56,11.61,11.61,0.101,0,0,0,0
"2025-09-28 12:00:00",1099,21.53,11.59,11.64,11.67,0.106,0,0,0,0
"2025-09-28 13:00:00",1100,21.93,11.57,11.63,11.66,0.093,0,0,0,0
"2025-09-28 14:00:00",1101,22.24,11.6,11.64,11.66,0.111,0,0,0,0
"2025-09-28 15:00:00",1102,22.58,11.56,11.61,11.59,0.15,0,0,0,0
"2025-09-28 16:00:00",1103,22.75,11.58,11.62,11.65,0.114,0,0,0,0
"2025-09-28 17:00:00",1104,22.77,11.57,11.62,11.65,0.109,0,0,0,0
"2025-09-28 18:00:00",1105,22.71,11.54,11.59,11.6,0.12,0,0,0,0
"2025-09-28 19:00:00",1106,22.59,11.52,11.57,11.57,0.118,0,0,0,0
"2025-09-28 20:00:00",1107,22.42,11.51,11.56,1.799,0.133,0,0,0,0
"2025-09-28 21:00:00",1108,22.21,11.51,11.56,1.581,0.127,0,0,0,0
"2025-09-28 22:00:00",1109,22.09,11.51,11.56,1.324,0.13,0,0,0,0
"2025-09-28 23:00:00",1110,21.99,11.51,11.56,1.526,0.141,0,0,0,0
"2025-09-29 00:00:00",1111,21.95,11.5,11.55,1.836,0.145,0,0,0,0
"2025-09-29 01:00:00",1112,21.84,11.52,11.56,1.417,0.105,0,0,0,0
"2025-09-29 02:00:00",1113,21.61,11.51,11.57,1.402,0.095,0,0,0,0
"2025-09-29 03:00:00",1114,21.24,11.51,11.56,1.394,0.092,0,0,0,0
"2025-09-29 04:00:00",1115,20.85,11.48,11.52,1.843,0.161,0,0,0,0
"2025-09-29 05:00:00",1116,20.51,11.5,11.57,1.296,0.095,0,0,0,0
"2025-09-29 06:00:00",1117,20.2,11.51,11.56,1.463,0.095,0,0,0,0
"2025-09-29 07:00:00",1118,19.88,11.51,11.56,1.399,0.096,0,0,0,0
"2025-09-29 08:00:00",1119,19.57,11.48,11.51,11.51,0.164,0,0,0,0
"2025-09-29 09:00:00",1120,19.39,11.55,11.6,11.62,0.101,0,0,0,0
"2025-09-29 10:00:00",1121,19.6,11.55,11.61,11.62,0.109,0,0,0,0
"2025-09-29 11:00:00",1122,20.11,11.58,11.63,11.65,0.103,0,0,0,0
"2025-09-29 12:00:00",1123,21.15,11.63,11.68,11.71,0.113,0,0,0,0
"2025-09-29 13:00:00",1124,21.85,11.61,11.67,11.69,0.097,0,0,0,0
"2025-09-29 14:00:00",1125,22.13,11.61,11.66,11.68,0.096,0,0,0,0
"2025-09-29 15:00:00",1126,22.39,11.6,11.65,11.67,0.105,0,0,0,0
"2025-09-29 16:00:00",1127,22.61,11.58,11.63,11.66,0.097,0,0,0,0
"2025-09-29 17:00:00",1128,22.65,11.57,11.62,11.64,0.097,0,0,0,0
"2025-09-29 18:00:00",1129,22.65,11.55,11.6,11.62,0.1,0,0,0,0
"2025-09-29 19:00:00",1130,22.56,11.52,11.58,11.6,0.098,0,0,0,0
"2025-09-29 20:00:00",1131,22.36,11.5,11.55,1.794,0.112,0,0,0,0
"2025-09-29 21:00:00",1132,22.15,11.51,11.56,2.22,0.097,0,0,0,0
"2025-09-29 22:00:00",1133,21.99,11.5,11.56,1.329,0.097,0,0,0,0
"2025-09-29 23:00:00",1134,21.88,11.5,11.56,1.247,0.112,0,0,0,0
"2025-09-30 00:00:00",1135,21.74,11.5,11.56,1.42,0.099,0,0,0,0
"2025-09-30 01:00:00",1136,21.61,11.5,11.55,1.814,0.094,0,0,0,0
"2025-09-30 02:00:00",1137,21.38,11.5,11.55,1.349,0.096,0,0,0,0
"2025-09-30 03:00:00",1138,21.1,11.5,11.55,1.865,0.097,0,0,0,0
"2025-09-30 04:00:00",1139,20.85,11.5,11.55,1.362,0.099,0,0,0,0
"2025-09-30 05:00:00",1140,20.68,11.49,11.55,1.394,0.096,0,0,0,0
"2025-09-30 06:00:00",1141,20.54,11.48,11.53,1.799,0.161,0,0,0,0
"2025-09-30 07:00:00",1142,20.44,11.45,11.52,1.401,0.124,0,0,0,0
"2025-09-30 08:00:00",1143,20.36,11.48,11.53,11.53,0.123,0,0,0,0
"2025-09-30 09:00:00",1144,20.32,11.5,11.56,11.57,0.125,0,0,0,0
"2025-09-30 10:00:00",1145,20.47,11.54,11.6,11.61,0.122,0,0,0,0
"2025-09-30 11:00:00",1146,21.13,11.68,11.72,11.75,0.134,0,0,0,0
"2025-09-30 12:00:00",1147,22.79,11.63,11.68,11.69,0.12,0,0,0,0
"2025-09-30 13:00:00",1148,23.65,11.6,11.65,11.65,0.146,0,0,0,0
"2025-09-30 14:00:00",1149,23.54,11.57,11.61,11.64,0.132,0,0,0,0
"2025-09-30 15:00:00",1150,23.37,11.55,11.61,11.63,0.101,0,0,0,0
"2025-09-30 16:00:00",1151,23.26,11.53,11.59,11.57,0.12,0,0,0,0
"2025-09-30 17:00:00",1152,23.23,11.53,11.59,11.6,0.1,0,0,0,0
"2025-09-30 18:00:00",1153,23.23,11.52,11.57,11.59,0.103,0,0,0,0
"2025-09-30 19:00:00",1154,23.21,11.5,11.56,11.57,0.099,0,0,0,0
"2025-09-30 20:00:00",1155,23.1,11.5,11.55,2.131,0.102,0,0,0,0
"2025-09-30 21:00:00",1156,22.98,11.49,11.55,1.832,0.097,0,0,0,0
"2025-09-30 22:00:00",1157,22.86,11.49,11.55,1.292,0.107,0,0,0,0
"2025-09-30 23:00:00",1158,22.77,11.49,11.54,1.358,0.094,0,0,0,0
"2025-10-01 00:00:00",1159,22.63,11.49,11.54,1.604,0.096,0,0,0,0
"2025-10-01 01:00:00",1160,22.46,11.46,11.5,1.793,0.151,0,0,0,0
"2025-10-01 02:00:00",1161,22.27,11.46,11.5,1.57,0.151,0,0,0,0
"2025-10-01 03:00:00",1162,22.09,11.48,11.54,1.566,0.107,0,0,0,0
"2025-10-01 04:00:00",1163,21.91,11.48,11.54,1.386,0.095,0,0,0,0
"2025-10-01 05:00:00",1164,21.72,11.48,11.54,1.352,0.095,0,0,0,0
"2025-10-01 06:00:00",1165,21.55,11.48,11.54,1.84,0.1,0,0,0,0
"2025-10-01 07:00:00",1166,21.3,11.47,11.52,1.925,0.125,0,0,0,0
"2025-10-01 08:00:00",1167,21.01,11.47,11.52,11.54,0.135,0,0,0,0
"2025-10-01 09:00:00",1168,20.76,11.49,11.55,11.55,0.123,0,0,0,0
"2025-10-01 10:00:00",1169,20.9,11.52,11.57,11.58,0.126,0,0,0,0
"2025-10-01 11:00:00",1170,21.31,11.52,11.57,11.58,0.128,0,0,0,0
"2025-10-01 12:00:00",1171,22.12,11.57,11.61,11.61,0.141,0,0,0,0
"2025-10-01 13:00:00",1172,23,11.56,11.61,11.64,0.106,0,0,0,0
"2025-10-01 14:00:00",1173,23.27,11.54,11.59,11.61,0.097,0,0,0,0
"2025-10-01 15:00:00",1174,23.34,11.51,11.56,11.58,0.109,0,0,0,0
"2025-10-01 16:00:00",1175,23.35,11.49,11.55,11.56,0.095,0,0,0,0
"2025-10-01 17:00:00",1176,23.37,11.49,11.54,11.56,0.098,0,0,0,0
"2025-10-01 18:00:00",1177,23.38,11.48,11.53,11.55,0.099,0,0,0,0
"2025-10-01 19:00:00",1178,23.34,11.48,11.53,11.55,0.096,0,0,0,0
"2025-10-01 20:00:00",1179,23.25,11.47,11.53,0.882,0.106,0,0,0,0
"2025-10-01 21:00:00",1180,23.14,11.47,11.52,0.878,0.098,0,0,0,0
"2025-10-01 22:00:00",1181,23.04,11.47,11.52,0.932,0.103,0,0,0,0
"2025-10-01 23:00:00",1182,22.97,11.47,11.52,1.185,0.097,0,0,0,0
"2025-10-02 00:00:00",1183,22.9,11.47,11.52,0.916,0.098,0,0,0,0
"2025-10-02 01:00:00",1184,22.81,11.47,11.52,1.116,0.097,0,0,0,0
"2025-10-02 02:00:00",1185,22.62,11.47,11.52,0.801,0.097,0,0,0,0
"2025-10-02 03:00:00",1186,22.43,11.46,11.52,0.802,0.096,0,0,0,0
"2025-10-02 04:00:00",1187,22.35,11.46,11.52,1.086,0.095,0,0,0,0
"2025-10-02 05:00:00",1188,22.36,11.46,11.52,0.968,0.097,0,0,0,0
"2025-10-02 06:00:00",1189,22.32,11.41,11.45,1.022,0.165,0,0,0,0
"2025-10-02 07:00:00",1190,22.22,11.45,11.51,0.839,0.131,0,0,0,0
"2025-10-02 08:00:00",1191,22.14,11.45,11.5,9.58,0.13,0,0,0,0
"2025-10-02 09:00:00",1192,22.07,11.46,11.51,11.53,0.124,0,0,0,0
"2025-10-02 10:00:00",1193,22.22,11.51,11.56,11.58,0.123,0,0,0,0
"2025-10-02 11:00:00",1194,22.67,11.56,11.6,11.62,0.119,0,0,0,0
"2025-10-02 12:00:00",1195,23.78,11.61,11.66,11.67,0.125,0,0,0,0
"2025-10-02 13:00:00",1196,24.13,11.57,11.62,11.62,0.133,0,0,0,0
"2025-10-02 14:00:00",1197,23.78,11.56,11.61,11.62,0.121,0,0,0,0
"2025-10-02 15:00:00",1198,23.35,11.55,11.6,11.62,0.104,0,0,0,0
"2025-10-02 16:00:00",1199,23.06,11.55,11.6,11.6,0.103,0,0,0,0
"2025-10-02 17:00:00",1200,22.69,11.53,11.58,11.61,0.108,0,0,0,0
"2025-10-02 18:00:00",1201,22.46,11.51,11.57,11.58,0.098,0,0,0,0
"2025-10-02 19:00:00",1202,22.3,11.49,11.54,11.56,0.099,0,0,0,0
"2026-02-03 11:30:00",1802,12.98,11.71,11.67,11.65,0.109,0,0,0,0
"2026-02-03 11:45:00",1803,13.37,11.71,11.7,11.66,0.106,0,0,0,0
"2026-02-03 12:00:00",1804,13.74,11.63,11.62,11.52,0.103,0,0,0,0
"2026-02-03 12:15:00",1805,13.98,11.6,11.58,11.54,0.118,0,0,0,0
"2026-02-03 12:30:00",1806,14.19,11.56,11.56,11.46,0.125,0,0,0,0
"2026-02-03 12:45:00",1807,14.31,11.56,11.56,11.5,0.112,0,0,0,0
"2026-02-03 13:00:00",1808,14.42,11.53,11.53,11.47,0.115,0,0,0,0
"2026-02-03 13:15:00",1809,14.44,11.53,11.53,11.47,0.121,0,0,0,0
"2026-02-03 13:30:00",1810,14.49,11.51,11.51,11.45,0.121,0,0,0,0
"2026-02-03 13:45:00",1811,14.49,11.52,11.51,11.45,0.104,0,0,0,0
"2026-02-03 14:00:00",1812,14.53,11.49,11.5,11.39,0.116,0,0,0,0
"2026-02-03 14:15:00",1813,14.51,11.5,11.5,11.43,0.104,0,0,0,0
"2026-02-03 14:30:00",1814,14.53,11.47,11.45,11.29,0.126,0,0,0,0
"2026-02-03 14:45:00",1815,14.51,11.49,11.49,11.4,0.107,0,0,0,0
"2026-02-03 15:00:00",1816,14.54,11.48,11.44,11.41,0.112,0,0,0,0
"2026-02-03 15:15:00",1817,14.52,11.48,11.46,11.41,0.117,0,0,0,0
"2026-02-03 15:30:00",1818,14.55,11.47,11.44,11.34,0.11,0,0,0,0
"2026-02-03 15:45:00",1819,14.53,11.46,11.47,11.41,0.106,0,0,0,0
"2026-02-03 16:00:00",1820,14.54,11.45,11.46,11.39,0.122,0,0,0,0
"2026-02-03 16:15:00",1821,14.53,11.47,11.46,11.39,0.105,0,0,0,0
"2026-02-03 16:30:00",1822,14.57,11.47,11.42,11.36,0.107,0,0,0,0
"2026-02-03 16:45:00",1823,14.58,11.46,11.46,11.4,0.105,0,0,0,0
"2026-02-03 17:00:00",1824,14.62,11.46,11.45,11.33,0.113,0,0,0,0
"2026-02-03 17:15:00",1825,14.62,11.46,11.46,11.39,0.106,0,0,0,0
"2026-02-03 17:30:00",1826,14.67,11.45,11.45,11.38,0.124,0,0,0,0
"2026-02-03 17:45:00",1827,14.73,11.45,11.41,11.38,0.111,0,0,0,0
"2026-02-03 18:00:00",1828,14.72,11.46,11.45,11.35,0.105,0,0,0,0
"2026-02-03 18:15:00",1829,14.74,11.44,11.44,11.38,0.11,0,0,0,0
"2026-02-03 18:30:00",1830,14.77,11.44,11.44,11.38,0.115,0,0,0,0
"2026-02-03 18:45:00",1831,14.73,11.46,11.45,11.35,0.107,0,0,0,0
"2026-02-03 19:00:00",1832,14.71,11.44,11.44,11.38,0.126,0,0,0,0
"2026-02-03 19:15:00",1833,14.64,11.45,11.45,7.48,0.119,0,0,0,0
"2026-02-03 19:30:00",1834,14.62,11.44,11.37,1.508,0.112,0,0,0,0
"2026-02-03 19:45:00",1835,14.56,11.43,11.42,1.023,0.122,0,0,0,0
"2026-02-03 20:00:00",1836,14.53,11.44,11.44,0.823,0.133,0,0,0,0
"2026-02-03 20:15:00",1837,14.45,11.44,11.44,1.063,0.117,0,0,0,0
"2026-02-03 20:30:00",1838,14.42,11.45,11.42,0.803,0.109,0,0,0,0
"2026-02-03 20:45:00",1839,14.36,11.45,11.45,0.877,0.108,0,0,0,0
"2026-02-03 21:00:00",1840,14.32,11.43,11.44,0.678,0.122,0,0,0,0
"2026-02-03 21:15:00",1841,14.24,11.45,11.45,0.675,0.107,0,0,0,0
"2026-02-03 21:30:00",1842,14.21,11.44,11.44,0.636,0.11,0,0,0,0
"2026-02-03 21:45:00",1843,14.19,11.43,11.42,0.978,0.114,0,0,0,0
"2026-02-03 22:00:00",1844,14.11,11.45,11.44,0.824,0.115,0,0,0,0
"2026-02-03 22:15:00",1845,14.06,11.43,11.42,0.962,0.119,0,0,0,0
"2026-02-03 22:30:00",1846,14.06,11.43,11.4,0.817,0.123,0,0,0,0
"2026-02-03 22:45:00",1847,13.98,11.45,11.43,0.664,0.107,0,0,0,0
"2026-02-03 23:00:00",1848,13.93,11.44,11.43,0.634,0.113,0,0,0,0
"2026-02-03 23:15:00",1849,13.84,11.44,11.43,1.002,0.107,0,0,0,0
"2026-02-03 23:30:00",1850,13.8,11.43,11.44,0.998,0.115,0,0,0,0
"2026-02-03 23:45:00",1851,13.72,11.44,11.43,0.708,0.111,0,0,0,0
"2026-02-04 00:00:00",1852,13.69,11.44,11.43,0.677,0.129,0,0,0,0
"2026-02-04 00:15:00",1853,13.65,11.44,11.44,0.755,0.108,0,0,0,0
"2026-02-04 00:30:00",1854,13.62,11.42,11.42,0.957,0.122,0,0,0,0
"2026-02-04 00:45:00",1855,13.54,11.44,11.41,1.005,0.12,0,0,0,0
"2026-02-04 01:00:00",1856,13.48,11.41,11.39,0.769,0.13,0,0,0,0
"2026-02-04 01:15:00",1857,13.38,11.44,11.43,1.029,0.106,0,0,0,0
"2026-02-04 01:30:00",1858,13.32,11.43,11.38,0.704,0.123,0,0,0,0
"2026-02-04 01:45:00",1859,13.26,11.42,11.42,0.705,0.11,0,0,0,0
"2026-02-04 02:00:00",1860,13.14,11.44,11.43,1.003,0.109,0,0,0,0
"2026-02-04 02:15:00",1861,13.07,11.43,11.41,0.827,0.118,0,0,0,0
"2026-02-04 02:30:00",1862,13.05,11.43,11.42,0.809,0.112,0,0,0,0
"2026-02-04 02:45:00",1863,12.94,11.44,11.43,0.989,0.108,0,0,0,0
"2026-02-04 03:00:00",1864,12.86,11.43,11.42,0.94,0.123,0,0,0,0
"2026-02-04 03:15:00",1865,12.73,11.43,11.42,0.984,0.107,0,0,0,0
"2026-02-04 03:30:00",1866,12.66,11.43,11.42,0.953,0.113,0,0,0,0
"2026-02-04 03:45:00",1867,12.55,11.44,11.42,0.695,0.107,0,0,0,0
"2026-02-04 04:00:00",1868,12.46,11.43,11.43,0.852,0.114,0,0,0,0
"2026-02-04 04:15:00",1869,12.33,11.44,11.43,0.931,0.116,0,0,0,0
"2026-02-04 04:30:00",1870,12.25,11.41,11.41,0.808,0.135,0,0,0,0
"2026-02-04 04:45:00",1871,12.16,11.43,11.39,0.944,0.115,0,0,0,0
"2026-02-04 05:00:00",1872,12.01,11.44,11.43,0.651,0.123,0,0,0,0
"2026-02-04 05:15:00",1873,11.91,11.42,11.4,0.757,0.115,0,0,0,0
"2026-02-04 05:30:00",1874,11.86,11.42,11.41,0.758,0.107,0,0,0,0
"2026-02-04 05:45:00",1875,11.73,11.43,11.43,0.816,0.118,0,0,0,0
"2026-02-04 06:00:00",1876,11.63,11.43,11.41,0.634,0.115,0,0,0,0
"2026-02-04 06:15:00",1877,11.52,11.42,11.39,0.963,0.13,0,0,0,0
"2026-02-04 06:30:00",1878,11.46,11.43,11.41,0.893,0.141,0,0,0,0
"2026-02-04 06:45:00",1879,11.37,11.43,11.41,1.015,0.11,0,0,0,0
"2026-02-04 07:00:00",1880,11.33,11.42,11.39,0.923,0.115,0,0,0,0
"2026-02-04 07:15:00",1881,11.27,11.42,11.42,0.759,0.107,0,0,0,0
"2026-02-04 07:30:00",1882,11.24,11.42,11.41,0.721,0.114,0,0,0,0
"2026-02-04 07:45:00",1883,11.2,11.43,11.42,1.01,0.105,0,0,0,0
"2026-02-04 08:00:00",1884,11.19,11.41,11.42,0.949,0.14,0,0,0,0
"2026-02-04 08:15:00",1885,11.14,11.43,11.42,0.927,0.107,0,0,0,0
"2026-02-04 08:30:00",1886,11.15,11.41,11.41,0.9,0.112,0,0,0,0
"2026-02-04 08:45:00",1887,11.13,11.43,11.42,2.488,0.109,0,0,0,0
"2026-02-04 09:00:00",1888,11.13,11.42,11.41,9.52,0.109,0,0,0,0
"2026-02-04 09:15:00",1889,11.11,11.42,11.42,11.25,0.116,0,0,0,0
"2026-02-04 09:30:00",1890,11.13,11.42,11.38,11.22,0.13,0,0,0,0
"2026-02-04 09:45:00",1891,11.13,11.42,11.42,11.31,0.106,0,0,0,0
"2026-02-04 10:00:00",1892,11.19,11.41,11.37,11.35,0.111,0,0,0,0
"2026-02-04 10:15:00",1893,11.21,11.42,11.39,12.7,0.108,0,0,0,0
"2026-02-04 10:30:00",1894,11.28,11.42,11.38,11.37,0.12,0,0,0,0
"2026-02-04 10:45:00",1895,11.37,11.43,11.38,11.33,0.11,0,0,0,0
"2026-02-04 11:00:00",1896,11.41,11.44,11.44,11.37,0.106,0,0,0,0
"2026-02-04 11:15:00",1897,11.5,11.44,11.44,11.37,0.137,0,0,0,0
"2026-02-04 11:30:00",1898,11.63,11.41,11.36,11.27,0.131,0,0,0,0
"2026-02-04 11:45:00",1899,11.7,11.43,11.43,11.37,0.117,0,0,0,0
"2026-02-04 12:00:00",1900,12.03,11.48,11.45,11.36,0.109,0,0,0,0
"2026-02-04 12:15:00",1901,12.58,12.36,12.37,12.32,0.1,0,0,0,0
"2026-02-04 12:30:00",1902,12.72,12.24,12.26,12.26,0.113,0,0,0,0
"2026-02-04 12:45:00",1903,12.85,12.18,12.21,12.21,0.14,0,0,0,0
"2026-02-04 13:00:00",1904,13.02,12.15,12.17,12.19,0.196,0,0,0,0
"2026-02-04 13:15:00",1905,12.93,12.16,12.18,12.19,0.18,0,0,0,0
"2026-02-04 13:30:00",1906,12.91,12.14,12.2,12.17,0.166,0,0,0,0
"2026-02-04 13:45:00",1907,12.99,11.8,11.86,11.87,0.116,0,0,0,0
"2026-02-04 14:00:00",1908,13.1,12.15,12.21,12.21,0.113,0,0,0,0
"2026-02-04 14:15:00",1909,13.15,12.16,12.2,12.19,0.157,0,0,0,0
"2026-02-04 14:30:00",1910,13.26,12.19,12.25,12.26,0.109,0,0,0,0
"2026-02-04 14:45:00",1911,13.37,12.17,12.2,12.23,0.147,0,0,0,0
"2026-02-04 15:00:00",1912,13.42,12.18,12.25,12.21,0.173,0,0,0,0
"2026-02-04 15:15:00",1913,13.48,12.21,12.27,12.29,0.118,0,0,0,0
"2026-02-04 15:30:00",1914,13.58,12.19,12.23,12.24,0.172,0,0,0,0
"2026-02-04 15:45:00",1915,13.63,12.21,12.26,12.19,0.162,0,0,0,0
"2026-02-04 16:00:00",1916,13.69,12.21,12.27,12.25,0.182,0,0,0,0
"2026-02-04 16:15:00",1917,13.73,12.25,12.33,12.33,0.113,0,0,0,0
"2026-02-04 16:30:00",1918,13.84,12.22,12.28,12.25,0.167,0,0,0,0
"2026-02-04 16:45:00",1919,13.95,12.27,12.32,12.34,0.104,0,0,0,0
"2026-02-04 17:00:00",1920,14.01,12.26,12.3,12.31,0.17,0,0,0,0
"2026-02-04 17:15:00",1921,14.07,12.28,12.33,12.36,0.105,0,0,0,0
"2026-02-04 17:30:00",1922,14.16,12.26,12.33,12.3,0.173,0,0,0,0
"2026-02-04 17:45:00",1923,14.17,12.28,12.33,12.31,0.159,0,0,0,0
"2026-02-04 18:00:00",1924,14.22,12.3,12.37,12.39,0.113,0,0,0,0
"2026-02-04 18:15:00",1925,14.25,12.32,12.37,12.41,0.101,0,0,0,0
"2026-02-04 18:30:00",1926,14.28,12.29,12.33,12.31,0.144,0,0,0,0
"2026-02-04 18:45:00",1927,14.27,12.28,12.36,12.36,0.164,0,0,0,0
"2026-02-04 19:00:00",1928,14.28,12.33,12.39,12.4,0.123,0,0,0,0
"2026-02-04 19:15:00",1929,14.29,11.87,11.93,7.267,0.102,0,0,0,0
"2026-02-04 19:30:00",1930,14.36,11.8,11.86,1.961,0.133,0,0,0,0
"2026-02-04 19:45:00",1931,14.41,11.78,11.84,1.013,0.109,0,0,0,0
"2026-02-04 20:00:00",1932,14.37,11.77,11.82,1.102,0.108,0,0,0,0
"2026-02-04 20:15:00",1933,14.35,11.75,11.81,0.986,0.128,0,0,0,0
"2026-02-04 20:30:00",1934,14.36,11.74,11.8,1.036,0.105,0,0,0,0
"2026-02-04 20:45:00",1935,14.28,11.74,11.8,0.93,0.104,0,0,0,0
"2026-02-04 21:00:00",1936,14.23,11.73,11.77,1.114,0.133,0,0,0,0
"2026-02-04 21:15:00",1937,14.15,11.72,11.78,1.119,0.132,0,0,0,0
"2026-02-04 21:30:00",1938,14.12,11.72,11.77,0.805,0.139,0,0,0,0
"2026-02-04 21:45:00",1939,14.11,11.71,11.77,0.978,0.136,0,0,0,0
"2026-02-04 22:00:00",1940,14.03,11.72,11.77,0.865,0.13,0,0,0,0
"2026-02-04 22:15:00",1941,13.98,11.7,11.73,0.785,0.164,0,0,0,0
"2026-02-04 22:30:00",1942,13.99,11.7,11.76,0.838,0.163,0,0,0,0
"2026-02-04 22:45:00",1943,13.96,11.69,11.76,1.078,0.145,0,0,0,0
"2026-02-04 23:00:00",1944,13.92,11.71,11.76,1.142,0.151,0,0,0,0
"2026-02-04 23:15:00",1945,13.88,11.7,11.75,1.094,0.149,0,0,0,0
"2026-02-04 23:30:00",1946,13.85,11.69,11.75,0.969,0.144,0,0,0,0
"2026-02-04 23:45:00",1947,13.8,11.7,11.74,1.074,0.145,0,0,0,0
"2026-02-05 00:00:00",1948,13.76,11.7,11.75,1.078,0.132,0,0,0,0
"2026-02-05 00:15:00",1949,13.75,11.69,11.75,0.811,0.134,0,0,0,0
"2026-02-05 00:30:00",1950,13.73,11.7,11.75,0.801,0.152,0,0,0,0
"2026-02-05 00:45:00",1951,13.67,11.69,11.74,0.851,0.154,0,0,0,0
"2026-02-05 01:00:00",1952,13.63,11.69,11.73,1.131,0.135,0,0,0,0
"2026-02-05 01:15:00",1953,13.58,11.69,11.74,1.14,0.171,0,0,0,0
"2026-02-05 01:30:00",1954,13.55,11.69,11.73,0.824,0.142,0,0,0,0
"2026-02-05 01:45:00",1955,13.51,11.68,11.73,0.901,0.131,0,0,0,0
"2026-02-05 02:00:00",1956,13.49,11.69,11.74,0.934,0.161,0,0,0,0
"2026-02-05 02:15:00",1957,13.48,11.69,11.74,0.82,0.133,0,0,0,0
"2026-02-05 02:30:00",1958,13.48,11.68,11.74,1.042,0.165,0,0,0,0
"2026-02-05 02:45:00",1959,13.46,11.68,11.72,1.142,0.136,0,0,0,0
"2026-02-05 03:00:00",1960,13.44,11.68,11.73,1.118,0.148,0,0,0,0
"2026-02-05 03:15:00",1961,13.41,11.68,11.74,0.777,0.141,0,0,0,0
"2026-02-05 03:30:00",1962,13.4,11.67,11.72,0.778,0.158,0,0,0,0
"2026-02-05 03:45:00",1963,13.38,11.68,11.72,0.913,0.135,0,0,0,0
"2026-02-05 04:00:00",1964,13.37,11.68,11.72,0.841,0.147,0,0,0,0
"2026-02-05 04:15:00",1965,13.36,11.68,11.72,0.845,0.148,0,0,0,0
"2026-02-05 04:30:00",1966,13.34,11.67,11.71,0.827,0.151,0,0,0,0
"2026-02-05 04:45:00",1967,13.31,11.67,11.73,1.128,0.149,0,0,0,0
"2026-02-05 05:00:00",1968,13.28,11.67,11.72,1.151,0.136,0,0,0,0
"2026-02-05 05:15:00",1969,13.24,11.67,11.73,0.982,0.155,0,0,0,0
"2026-02-05 05:30:00",1970,13.21,11.68,11.73,0.851,0.138,0,0,0,0
"2026-02-05 05:45:00",1971,13.2,11.67,11.72,0.957,0.135,0,0,0,0
"2026-02-05 06:00:00",1972,13.19,11.67,11.71,0.888,0.132,0,0,0,0
"2026-02-05 06:15:00",1973,13.19,11.67,11.73,1.09,0.154,0,0,0,0
"2026-02-05 06:30:00",1974,13.2,11.67,11.72,0.922,0.129,0,0,0,0
"2026-02-05 06:45:00",1975,13.2,11.67,11.72,1.063,0.135,0,0,0,0
"2026-02-05 07:00:00",1976,13.22,11.67,11.72,1.006,0.147,0,0,0,0
"2026-02-05 07:15:00",1977,13.24,11.66,11.72,1.116,0.15,0,0,0,0
"2026-02-05 07:30:00",1978,13.27,11.66,11.72,0.943,0.153,0,0,0,0
"2026-02-05 07:45:00",1979,13.29,11.67,11.72,0.901,0.135,0,0,0,0
"2026-02-05 08:00:00",1980,13.26,11.67,11.72,0.872,0.135,0,0,0,0
"2026-02-05 08:15:00",1981,13.22,11.67,11.72,0.93,0.133,0,0,0,0
"2026-02-05 08:30:00",1982,13.25,11.66,11.72,1.072,0.138,0,0,0,0
"2026-02-05 08:45:00",1983,13.32,11.66,11.7,2.114,0.133,0,0,0,0
"2026-02-05 09:00:00",1984,13.42,11.66,11.71,4.442,0.132,0,0,0,0
"2026-02-05 09:15:00",1985,13.51,11.67,11.7,8.53,0.145,0,0,0,0
"2026-02-05 09:30:00",1986,13.55,11.67,11.73,11.59,0.114,0,0,0,0
"2026-02-05 09:45:00",1987,13.58,11.66,11.73,11.78,0.107,0,0,0,0
"2026-02-05 10:00:00",1988,13.61,11.67,11.73,11.72,0.123,0,0,0,0
"2026-02-05 10:15:00",1989,13.66,11.67,11.73,11.74,0.107,0,0,0,0
"2026-02-05 10:30:00",1990,13.71,11.66,11.73,11.74,0.123,0,0,0,0
"2026-02-05 10:45:00",1991,13.71,11.67,11.73,11.74,0.103,0,0,0,0
"2026-02-05 11:00:00",1992,13.67,11.67,11.73,11.73,0.115,0,0,0,0
"2026-02-05 11:15:00",1993,13.59,11.67,11.73,11.74,0.103,0,0,0,0
"2026-02-05 11:30:00",1994,13.58,11.67,11.73,11.74,0.118,0,0,0,0
"2026-02-05 11:45:00",1995,13.59,11.66,11.73,11.73,0.127,0,0,0,0
"2026-02-05 12:00:00",1996,13.59,11.65,11.72,11.74,0.125,0,0,0,0
"2026-02-05 12:15:00",1997,13.6,11.67,11.73,11.72,0.112,0,0,0,0
"2026-02-05 12:30:00",1998,13.61,11.67,11.72,11.74,0.137,0,0,0,0
"2026-02-05 12:45:00",1999,13.61,11.66,11.72,11.73,0.107,0,0,0,0
"2026-02-05 13:00:00",2000,13.61,11.67,11.72,11.74,0.12,0,0,0,0
"2026-02-05 13:15:00",2001,13.62,11.67,11.72,11.74,0.109,0,0,0,0
"2026-02-05 13:30:00",2002,13.66,11.67,11.73,11.71,0.114,0,0,0,0
"2026-02-05 13:45:00",2003,13.7,11.67,11.72,11.72,0.12,0,0,0,0
"2026-02-05 14:00:00",2004,13.76,11.65,11.71,11.72,0.144,0,0,0,0
"2026-02-05 14:15:00",2005,13.81,11.66,11.72,11.74,0.127,0,0,0,0
"2026-02-05 14:30:00",2006,13.86,11.67,11.72,11.69,0.123,0,0,0,0
"2026-02-05 14:45:00",2007,13.91,11.66,11.72,11.71,0.113,0,0,0,0
"2026-02-05 15:00:00",2008,13.91,11.66,11.72,11.73,0.106,0,0,0,0
"2026-02-05 15:15:00",2009,13.9,11.66,11.72,11.74,0.112,0,0,0,0
"2026-02-05 15:30:00",2010,13.92,11.66,11.71,11.72,0.106,0,0,0,0
"2026-02-05 15:45:00",2011,13.91,11.66,11.72,11.73,0.104,0,0,0,0
"2026-02-05 16:00:00",2012,13.91,11.67,11.72,11.74,0.104,0,0,0,0
"2026-02-05 16:15:00",2013,13.93,11.67,11.73,11.73,0.108,0,0,0,0
"2026-02-05 16:30:00",2014,14.03,11.65,11.72,11.73,0.115,0,0,0,0
"2026-02-05 16:45:00",2015,14.15,11.65,11.72,11.73,0.134,0,0,0,0
"2026-02-05 17:00:00",2016,14.29,11.66,11.71,11.71,0.108,0,0,0,0
"2026-02-05 17:15:00",2017,14.42,11.65,11.71,11.71,0.114,0,0,0,0
"2026-02-05 17:30:00",2018,14.55,11.66,11.71,11.7,0.111,0,0,0,0
"2026-02-05 17:45:00",2019,14.67,11.65,11.71,11.71,0.107,0,0,0,0
"2026-02-05 18:00:00",2020,14.78,11.64,11.71,11.73,0.133,0,0,0,0
"2026-02-05 18:15:00",2021,14.89,11.65,11.71,11.72,0.128,0,0,0,0
"2026-02-05 18:30:00",2022,14.98,11.65,11.69,11.72,0.106,0,0,0,0
"2026-02-05 18:45:00",2023,15.06,11.65,11.71,11.72,0.107,0,0,0,0
"2026-02-05 19:00:00",2024,15.09,11.65,11.71,11.72,0.114,0,0,0,0
"2026-02-05 19:15:00",2025,15.09,11.64,11.69,8.23,0.123,0,0,0,0
"2026-02-05 19:30:00",2026,15.15,11.62,11.66,2.328,0.153,0,0,0,0
"2026-02-05 19:45:00",2027,15.17,11.62,11.67,1.084,0.163,0,0,0,0
"2026-02-05 20:00:00",2028,15.15,11.62,11.65,0.809,0.18,0,0,0,0
"2026-02-05 20:15:00",2029,15.15,11.65,11.71,0.999,0.106,0,0,0,0
"2026-02-05 20:30:00",2030,15.25,11.62,11.66,0.977,0.146,0,0,0,0
"2026-02-05 20:45:00",2031,15.38,11.62,11.66,1.061,0.174,0,0,0,0
"2026-02-05 21:00:00",2032,15.5,11.62,11.66,1.045,0.188,0,0,0,0
"2026-02-05 21:15:00",2033,15.61,11.6,11.65,0.976,0.178,0,0,0,0
"2026-02-05 21:30:00",2034,15.7,11.63,11.7,1.081,0.112,0,0,0,0
"2026-02-05 21:45:00",2035,15.79,11.61,11.66,0.74,0.179,0,0,0,0
"2026-02-05 22:00:00",2036,15.85,11.63,11.68,0.816,0.129,0,0,0,0
"2026-02-05 22:15:00",2037,15.9,11.64,11.69,1.092,0.105,0,0,0,0
"2026-02-05 22:30:00",2038,15.94,11.64,11.69,0.774,0.108,0,0,0,0
"2026-02-05 22:45:00",2039,15.94,11.64,11.7,0.812,0.106,0,0,0,0
"2026-02-05 23:00:00",2040,15.91,11.64,11.69,1.097,0.108,0,0,0,0
"2026-02-05 23:15:00",2041,15.9,11.64,11.7,0.814,0.114,0,0,0,0
"2026-02-05 23:30:00",2042,15.96,11.64,11.69,0.841,0.108,0,0,0,0
"2026-02-05 23:45:00",2043,16.02,11.64,11.69,1.043,0.116,0,0,0,0
"2026-02-06 00:00:00",2044,16.07,11.63,11.68,0.858,0.117,0,0,0,0
"2026-02-06 00:15:00",2045,16.1,11.6,11.65,1.104,0.157,0,0,0,0
"2026-02-06 00:30:00",2046,16.1,11.64,11.69,1.057,0.154,0,0,0,0
"2026-02-06 00:45:00",2047,16.04,11.6,11.64,1.035,0.166,0,0,0,0
"2026-02-06 01:00:00",2048,15.95,11.61,11.66,1.102,0.182,0,0,0,0
"2026-02-06 01:15:00",2049,15.87,11.6,11.66,0.869,0.18,0,0,0,0
"2026-02-06 01:30:00",2050,15.85,11.63,11.69,0.887,0.113,0,0,0,0
"2026-02-06 01:45:00",2051,15.78,11.59,11.65,0.869,0.15,0,0,0,0
"2026-02-06 02:00:00",2052,15.71,11.64,11.69,1.054,0.104,0,0,0,0
"2026-02-06 02:15:00",2053,15.66,11.64,11.69,0.917,0.103,0,0,0,0
"2026-02-06 02:30:00",2054,15.68,11.63,11.67,0.839,0.115,0,0,0,0
"2026-02-06 02:45:00",2055,15.7,11.63,11.67,0.931,0.13,0,0,0,0
"2026-02-06 03:00:00",2056,15.69,11.63,11.69,0.814,0.109,0,0,0,0
"2026-02-06 03:15:00",2057,15.65,11.63,11.69,0.817,0.111,0,0,0,0
"2026-02-06 03:30:00",2058,15.68,11.63,11.68,0.933,0.115,0,0,0,0
"2026-02-06 03:45:00",2059,15.72,11.62,11.69,1.129,0.127,0,0,0,0
"2026-02-06 04:00:00",2060,15.75,11.63,11.69,0.796,0.107,0,0,0,0
"2026-02-06 04:15:00",2061,15.75,11.63,11.68,1.141,0.112,0,0,0,0
"2026-02-06 04:30:00",2062,15.75,11.63,11.68,0.987,0.104,0,0,0,0
"2026-02-06 04:45:00",2063,15.71,11.63,11.69,0.938,0.111,0,0,0,0
"2026-02-06 05:00:00",2064,15.62,11.63,11.69,1.142,0.109,0,0,0,0
"2026-02-06 05:15:00",2065,15.54,11.63,11.69,1.114,0.104,0,0,0,0
"2026-02-06 05:30:00",2066,15.53,11.62,11.68,0.825,0.126,0,0,0,0
"2026-02-06 05:45:00",2067,15.54,11.63,11.68,0.86,0.113,0,0,0,0
"2026-02-06 06:00:00",2068,15.53,11.62,11.68,1.129,0.11,0,0,0,0
"2026-02-06 06:15:00",2069,15.52,11.62,11.68,0.826,0.106,0,0,0,0
"2026-02-06 06:30:00",2070,15.5,11.62,11.68,1.095,0.106,0,0,0,0
"2026-02-06 06:45:00",2071,15.48,11.62,11.68,1.116,0.132,0,0,0,0
"2026-02-06 07:00:00",2072,15.46,11.62,11.68,0.889,0.108,0,0,0,0
"2026-02-06 07:15:00",2073,15.42,11.62,11.68,0.81,0.11,0,0,0,0
"2026-02-06 07:30:00",2074,15.41,11.62,11.68,1.073,0.139,0,0,0,0
"2026-02-06 07:45:00",2075,15.37,11.62,11.68,0.818,0.121,0,0,0,0
"2026-02-06 08:00:00",2076,15.3,11.61,11.67,1.114,0.123,0,0,0,0
"2026-02-06 08:15:00",2077,15.23,11.62,11.68,1.002,0.122,0,0,0,0
"2026-02-06 08:30:00",2078,15.21,11.62,11.68,1.74,0.107,0,0,0,0
"2026-02-06 08:45:00",2079,15.17,11.62,11.68,7.669,0.105,0,0,0,0
"2026-02-06 09:00:00",2080,15.16,11.6,11.66,11.7,0.138,0,0,0,0
"2026-02-06 09:15:00",2081,15.18,11.62,11.66,11.66,0.129,0,0,0,0
"2026-02-06 09:30:00",2082,15.19,11.61,11.68,11.69,0.123,0,0,0,0
"2026-02-06 09:45:00",2083,15.19,11.61,11.66,11.65,0.138,0,0,0,0
"2026-02-06 10:00:00",2084,15.21,11.62,11.68,11.68,0.161,0,0,0,0
"2026-02-06 10:15:00",2085,15.25,11.62,11.66,11.66,0.134,0,0,0,0
"2026-02-06 10:30:00",2086,15.31,11.62,11.67,11.69,0.138,0,0,0,0
"2026-02-06 10:45:00",2087,15.39,11.7,11.74,11.77,0.142,0,0,0,0
"2026-02-06 11:00:00",2088,15.55,11.68,11.72,11.74,0.138,0,0,0,0
"2026-02-06 11:15:00",2089,15.88,11.69,11.74,11.72,0.134,0,0,0,0
"2026-02-06 11:30:00",2090,16.26,11.69,11.74,11.75,0.152,0,0,0,0
"2026-02-06 11:45:00",2091,16.64,11.69,11.74,11.73,0.143,0,0,0,0
"2026-02-06 12:00:00",2092,16.96,11.71,11.76,11.75,0.137,0,0,0,0
"2026-02-06 12:15:00",2093,17.22,11.66,11.71,11.69,0.136,0,0,0,0
"2026-02-06 12:30:00",2094,17.41,11.64,11.7,11.7,0.173,0,0,0,0
"2026-02-06 12:45:00",2095,17.51,11.64,11.69,11.67,0.141,0,0,0,0
"2026-02-06 13:00:00",2096,17.56,11.62,11.68,11.69,0.151,0,0,0,0
"2026-02-06 13:15:00",2097,17.59,11.62,11.68,11.66,0.137,0,0,0,0
"2026-02-06 13:30:00",2098,17.61,11.62,11.66,11.65,0.145,0,0,0,0
"2026-02-06 13:45:00",2099,17.61,11.62,11.67,11.65,0.143,0,0,0,0
"2026-02-06 14:00:00",2100,17.61,11.58,11.63,11.55,0.212,0,0,0,0
"2026-02-06 14:15:00",2101,17.61,11.6,11.65,11.65,0.133,0,0,0,0
"2026-02-06 14:30:00",2102,17.63,11.61,11.66,11.64,0.133,0,0,0,0
"2026-02-06 14:45:00",2103,17.66,11.57,11.62,11.62,0.191,0,0,0,0
"2026-02-06 15:00:00",2104,17.69,11.6,11.66,11.67,0.139,0,0,0,0
"2026-02-06 15:15:00",2105,17.72,11.61,11.65,11.64,0.134,0,0,0,0
"2026-02-06 15:30:00",2106,17.76,11.59,11.66,11.61,0.152,0,0,0,0
"2026-02-06 15:45:00",2107,17.79,11.57,11.61,11.57,0.184,0,0,0,0
"2026-02-06 16:00:00",2108,17.83,11.6,11.64,11.64,0.179,0,0,0,0
"2026-02-06 16:15:00",2109,17.87,11.61,11.66,11.65,0.135,0,0,0,0
"2026-02-06 16:30:00",2110,17.91,11.57,11.62,11.6,0.212,0,0,0,0
"2026-02-06 16:45:00",2111,17.93,11.58,11.63,11.59,0.206,0,0,0,0
"2026-02-06 17:00:00",2112,17.96,11.6,11.65,11.65,0.14,0,0,0,0
"2026-02-06 17:15:00",2113,17.99,11.58,11.61,11.6,0.184,0,0,0,0
"2026-02-06 17:30:00",2114,18.03,11.6,11.66,11.66,0.154,0,0,0,0
"2026-02-06 17:45:00",2115,18.06,11.57,11.61,11.58,0.222,0,0,0,0
"2026-02-06 18:00:00",2116,18.09,11.59,11.64,11.65,0.166,0,0,0,0
"2026-02-06 18:15:00",2117,18.1,11.6,11.63,11.66,0.154,0,0,0,0
"2026-02-06 18:30:00",2118,18.1,11.57,11.6,11.59,0.197,0,0,0,0
"2026-02-06 18:45:00",2119,18.08,11.6,11.64,11.64,0.139,0,0,0,0
"2026-02-06 19:00:00",2120,18.04,11.59,11.64,11.65,0.141,0,0,0,0
"2026-02-06 19:15:00",2121,17.99,11.59,11.64,7.567,0.144,0,0,0,0
"2026-02-06 19:30:00",2122,17.93,11.56,11.61,2.481,0.22,0,0,0,0
"2026-02-06 19:45:00",2123,17.86,11.59,11.64,1.151,0.136,0,0,0,0
"2026-02-06 20:00:00",2124,17.78,11.57,11.61,0.814,0.225,0,0,0,0
"2026-02-06 20:15:00",2125,17.7,11.57,11.62,0.853,0.191,0,0,0,0
"2026-02-06 20:30:00",2126,17.62,11.6,11.66,1.09,0.107,0,0,0,0
"2026-02-06 20:45:00",2127,17.54,11.6,11.65,0.994,0.106,0,0,0,0
"2026-02-06 21:00:00",2128,17.46,11.56,11.62,1.011,0.202,0,0,0,0
"2026-02-06 21:15:00",2129,17.38,11.57,11.61,0.712,0.179,0,0,0,0
"2026-02-06 21:30:00",2130,17.31,11.6,11.66,0.862,0.11,0,0,0,0
"2026-02-06 21:45:00",2131,17.24,11.58,11.61,1.036,0.153,0,0,0,0
"2026-02-06 22:00:00",2132,17.17,11.57,11.61,0.773,0.173,0,0,0,0
"2026-02-06 22:15:00",2133,17.1,11.57,11.62,1.022,0.195,0,0,0,0
"2026-02-06 22:30:00",2134,17.04,11.57,11.6,0.735,0.188,0,0,0,0
"2026-02-06 22:45:00",2135,16.97,11.59,11.65,1.059,0.133,0,0,0,0
"2026-02-06 23:00:00",2136,16.91,11.56,11.61,0.756,0.157,0,0,0,0
"2026-02-06 23:15:00",2137,16.84,11.6,11.64,1.157,0.11,0,0,0,0
"2026-02-06 23:30:00",2138,16.79,11.59,11.65,1.045,0.111,0,0,0,0
"2026-02-06 23:45:00",2139,16.74,11.56,11.6,0.808,0.17,0,0,0,0
"2026-02-07 00:00:00",2140,16.69,11.56,11.62,0.888,0.171,0,0,0,0
"2026-02-07 00:15:00",2141,16.61,11.58,11.63,0.8,0.119,0,0,0,0
"2026-02-07 00:30:00",2142,16.56,11.59,11.64,0.926,0.107,0,0,0,0
"2026-02-07 00:45:00",2143,16.53,11.56,11.59,1.045,0.17,0,0,0,0
"2026-02-07 01:00:00",2144,16.5,11.59,11.64,1.165,0.11,0,0,0,0
"2026-02-07 01:15:00",2145,16.47,11.55,11.6,0.791,0.188,0,0,0,0
"2026-02-07 01:30:00",2146,16.45,11.59,11.63,1.031,0.107,0,0,0,0
"2026-02-07 01:45:00",2147,16.41,11.54,11.61,0.958,0.177,0,0,0,0
"2026-02-07 02:00:00",2148,16.37,11.54,11.61,0.745,0.178,0,0,0,0
"2026-02-07 02:15:00",2149,16.34,11.58,11.63,0.82,0.115,0,0,0,0
"2026-02-07 02:30:00",2150,16.31,11.55,11.6,0.866,0.19,0,0,0,0
"2026-02-07 02:45:00",2151,16.27,11.57,11.64,0.986,0.171,0,0,0,0
"2026-02-07 03:00:00",2152,16.21,11.54,11.57,1.019,0.178,0,0,0,0
"2026-02-07 03:15:00",2153,16.15,11.57,11.64,1.14,0.119,0,0,0,0
"2026-02-07 03:30:00",2154,16.09,11.56,11.6,0.812,0.148,0,0,0,0
"2026-02-07 03:45:00",2155,16.02,11.55,11.59,1.035,0.168,0,0,0,0
"2026-02-07 04:00:00",2156,15.95,11.58,11.63,1.081,0.124,0,0,0,0
"2026-02-07 04:15:00",2157,15.85,11.57,11.64,1.157,0.15,0,0,0,0
"2026-02-07 04:30:00",2158,15.77,11.55,11.59,0.923,0.163,0,0,0,0
"2026-02-07 04:45:00",2159,15.67,11.58,11.64,0.952,0.129,0,0,0,0
"2026-02-07 05:00:00",2160,15.58,11.54,11.61,0.874,0.187,0,0,0,0
"2026-02-07 05:15:00",2161,15.49,11.57,11.63,1.168,0.105,0,0,0,0
"2026-02-07 05:30:00",2162,15.42,11.54,11.58,0.753,0.172,0,0,0,0
"2026-02-07 05:45:00",2163,15.35,11.57,11.63,0.969,0.145,0,0,0,0
"2026-02-07 06:00:00",2164,15.28,11.54,11.59,1.106,0.161,0,0,0,0
"2026-02-07 06:15:00",2165,15.21,11.55,11.58,0.802,0.173,0,0,0,0
"2026-02-07 06:30:00",2166,15.15,11.57,11.63,1.131,0.112,0,0,0,0
"2026-02-07 06:45:00",2167,15.1,11.54,11.58,1.043,0.178,0,0,0,0
"2026-02-07 07:00:00",2168,15.05,11.54,11.59,0.833,0.183,0,0,0,0
"2026-02-07 07:15:00",2169,15,11.54,11.59,0.996,0.173,0,0,0,0
"2026-02-07 07:30:00",2170,14.96,11.57,11.62,0.831,0.104,0,0,0,0
"2026-02-07 07:45:00",2171,14.92,11.57,11.63,0.784,0.109,0,0,0,0
"2026-02-07 08:00:00",2172,14.88,11.53,11.6,1.14,0.106,0,0,0,0
"2026-02-07 08:15:00",2173,14.85,11.56,11.62,0.867,0.106,0,0,0,0
"2026-02-07 08:30:00",2174,14.82,11.52,11.6,1.44,0.155,0,0,0,0
"2026-02-07 08:45:00",2175,14.79,11.56,11.62,8.75,0.113,0,0,0,0
"2026-02-07 09:00:00",2176,14.76,11.54,11.58,12.75,0.187,0,0,0,0
"2026-02-07 09:15:00",2177,14.74,11.56,11.62,11.63,0.127,0,0,0,0
"2026-02-07 09:30:00",2178,14.72,11.54,11.57,11.57,0.12,0,0,0,0
"2026-02-07 09:45:00",2179,14.7,11.53,11.57,11.56,0.181,0,0,0,0
"2026-02-07 10:00:00",2180,14.67,11.54,11.58,11.58,0.178,0,0,0,0
"2026-02-07 10:15:00",2181,14.65,11.57,11.63,11.62,0.103,0,0,0,0
"2026-02-07 10:30:00",2182,14.64,11.55,11.6,11.57,0.152,0,0,0,0
"2026-02-07 10:45:00",2183,14.65,11.6,11.67,11.65,0.103,0,0,0,0
"2026-02-07 11:00:00",2184,14.74,11.59,11.63,11.65,0.156,0,0,0,0
"2026-02-07 11:15:00",2185,14.96,11.7,11.75,11.75,0.133,0,0,0,0
"2026-02-07 11:30:00",2186,15.25,11.62,11.67,11.65,0.182,0,0,0,0
"2026-02-07 11:45:00",2187,15.54,11.62,11.68,11.66,0.106,0,0,0,0
"2026-02-07 12:00:00",2188,15.8,11.65,11.71,11.72,0.128,0,0,0,0
"2026-02-07 12:15:00",2189,15.99,11.57,11.62,11.62,0.17,0,0,0,0
"2026-02-07 12:30:00",2190,16.15,11.58,11.65,11.67,0.122,0,0,0,0
"2026-02-07 12:45:00",2191,16.24,11.58,11.63,11.63,0.119,0,0,0,0
"2026-02-07 13:00:00",2192,16.29,11.55,11.59,11.57,0.184,0,0,0,0
"2026-02-07 13:15:00",2193,16.31,11.57,11.62,11.63,0.105,0,0,0,0
"2026-02-07 13:30:00",2194,16.31,11.53,11.58,11.56,0.158,0,0,0,0
"2026-02-07 13:45:00",2195,16.3,11.53,11.58,11.55,0.169,0,0,0,0
"2026-02-07 14:00:00",2196,16.29,11.56,11.62,11.64,0.11,0,0,0,0
"2026-02-07 14:15:00",2197,16.29,11.56,11.61,11.61,0.125,0,0,0,0
"2026-02-07 14:30:00",2198,16.29,11.55,11.61,11.62,0.12,0,0,0,0
"2026-02-07 14:45:00",2199,16.3,11.53,11.57,11.54,0.172,0,0,0,0
"2026-02-07 15:00:00",2200,16.3,11.55,11.62,11.63,0.118,0,0,0,0
"2026-02-07 15:15:00",2201,16.31,11.5,11.54,11.52,0.205,0,0,0,0
"2026-02-07 15:30:00",2202,16.32,11.55,11.59,11.63,0.122,0,0,0,0
"2026-02-07 15:45:00",2203,16.34,11.56,11.61,11.6,0.118,0,0,0,0
"2026-02-07 16:00:00",2204,16.35,11.56,11.61,11.6,0.119,0,0,0,0
"2026-02-07 16:15:00",2205,16.38,11.56,11.61,11.62,0.109,0,0,0,0
"2026-02-07 16:30:00",2206,16.41,11.51,11.6,11.62,0.105,0,0,0,0
"2026-02-07 16:45:00",2207,16.44,11.53,11.6,11.56,0.139,0,0,0,0
"2026-02-07 17:00:00",2208,16.47,11.55,11.61,11.61,0.107,0,0,0,0
"2026-02-07 17:15:00",2209,16.49,11.52,11.56,11.56,0.177,0,0,0,0
"2026-02-07 17:30:00",2210,16.52,11.54,11.61,11.62,0.17,0,0,0,0
"2026-02-07 17:45:00",2211,16.55,11.49,11.53,11.53,0.219,0,0,0,0
"2026-02-07 18:00:00",2212,16.57,11.52,11.56,11.55,0.153,0,0,0,0
"2026-02-07 18:15:00",2213,16.58,11.52,11.55,11.48,0.162,0,0,0,0
"2026-02-07 18:30:00",2214,16.6,11.55,11.59,11.61,0.112,0,0,0,0
"2026-02-07 18:45:00",2215,16.6,11.54,11.59,11.61,0.111,0,0,0,0
"2026-02-07 19:00:00",2216,16.59,11.51,11.56,11.56,0.196,0,0,0,0
"2026-02-07 19:15:00",2217,16.55,11.49,11.56,7.141,0.199,0,0,0,0
"2026-02-07 19:30:00",2218,16.5,11.5,11.55,2.038,0.152,0,0,0,0
"2026-02-07 19:45:00",2219,16.44,11.51,11.57,1.063,0.133,0,0,0,0
"2026-02-07 20:00:00",2220,16.38,11.54,11.58,1.039,0.11,0,0,0,0
"2026-02-07 20:15:00",2221,16.31,11.5,11.55,0.915,0.166,0,0,0,0
"2026-02-07 20:30:00",2222,16.26,11.54,11.59,1.097,0.107,0,0,0,0
"2026-02-07 20:45:00",2223,16.2,11.5,11.57,0.747,0.174,0,0,0,0
"2026-02-07 21:00:00",2224,16.14,11.53,11.57,0.781,0.126,0,0,0,0
"2026-02-07 21:15:00",2225,16.08,11.53,11.59,0.972,0.14,0,0,0,0
"2026-02-07 21:30:00",2226,16.02,11.53,11.58,0.939,0.11,0,0,0,0
"2026-02-07 21:45:00",2227,15.97,11.53,11.58,0.84,0.108,0,0,0,0
"2026-02-07 22:00:00",2228,15.92,11.53,11.59,0.753,0.108,0,0,0,0
"2026-02-07 22:15:00",2229,15.87,11.52,11.59,1.113,0.108,0,0,0,0
"2026-02-07 22:30:00",2230,15.83,11.49,11.55,0.987,0.178,0,0,0,0
"2026-02-07 22:45:00",2231,15.81,11.5,11.56,1.029,0.11,0,0,0,0
"2026-02-07 23:00:00",2232,15.78,11.52,11.58,0.798,0.123,0,0,0,0
"2026-02-07 23:15:00",2233,15.75,11.53,11.58,1.095,0.108,0,0,0,0
"2026-02-07 23:30:00",2234,15.74,11.49,11.55,1.036,0.173,0,0,0,0
"2026-02-07 23:45:00",2235,15.72,11.48,11.55,0.9,0.172,0,0,0,0
"2026-02-08 00:00:00",2236,15.69,11.52,11.56,1.089,0.105,0,0,0,0
"2026-02-08 00:15:00",2237,15.68,11.5,11.53,0.843,0.147,0,0,0,0
"2026-02-08 00:30:00",2238,15.67,11.52,11.57,0.934,0.113,0,0,0,0
"2026-02-08 00:45:00",2239,15.64,11.52,11.57,1.143,0.104,0,0,0,0
"2026-02-08 01:00:00",2240,15.6,11.49,11.51,0.754,0.173,0,0,0,0
"2026-02-08 01:15:00",2241,15.57,11.49,11.54,1.001,0.2,0,0,0,0
"2026-02-08 01:30:00",2242,15.56,11.52,11.58,0.931,0.11,0,0,0,0
"2026-02-08 01:45:00",2243,15.53,11.51,11.56,1.08,0.113,0,0,0,0
"2026-02-08 02:00:00",2244,15.51,11.48,11.54,0.932,0.205,0,0,0,0
"2026-02-08 02:15:00",2245,15.49,11.46,11.51,0.701,0.165,0,0,0,0
"2026-02-08 02:30:00",2246,15.48,11.48,11.5,1.058,0.169,0,0,0,0
"2026-02-08 02:45:00",2247,15.46,11.51,11.57,1.111,0.106,0,0,0,0
"2026-02-08 03:00:00",2248,15.43,11.46,11.49,0.697,0.186,0,0,0,0
"2026-02-08 03:15:00",2249,15.4,11.51,11.56,0.774,0.109,0,0,0,0
"2026-02-08 03:30:00",2250,15.26,11.5,11.55,1.081,0.121,0,0,0,0
"2026-02-08 03:45:00",2251,15.07,11.49,11.56,0.821,0.131,0,0,0,0
"2026-02-08 04:00:00",2252,14.9,11.5,11.56,0.924,0.121,0,0,0,0
"2026-02-08 04:15:00",2253,14.75,11.5,11.56,1.091,0.135,0,0,0,0
"2026-02-08 04:30:00",2254,14.63,11.46,11.53,0.76,0.187,0,0,0,0
"2026-02-08 04:45:00",2255,14.51,11.48,11.52,0.957,0.165,0,0,0,0
"2026-02-08 05:00:00",2256,14.39,11.5,11.55,0.928,0.115,0,0,0,0
"2026-02-08 05:15:00",2257,14.28,11.5,11.54,1.042,0.109,0,0,0,0
"2026-02-08 05:30:00",2258,14.18,11.46,11.5,0.824,0.188,0,0,0,0
"2026-02-08 05:45:00",2259,14.09,11.49,11.51,0.91,0.156,0,0,0,0
"2026-02-08 06:00:00",2260,14,11.46,11.5,0.74,0.187,0,0,0,0
"2026-02-08 06:15:00",2261,13.92,11.46,11.51,1.085,0.158,0,0,0,0
"2026-02-08 06:30:00",2262,13.87,11.46,11.52,1.03,0.201,0,0,0,0
"2026-02-08 06:45:00",2263,13.82,11.46,11.5,1.075,0.156,0,0,0,0
"2026-02-08 07:00:00",2264,13.77,11.45,11.5,0.717,0.188,0,0,0,0
"2026-02-08 07:15:00",2265,13.74,11.46,11.54,0.978,0.133,0,0,0,0
"2026-02-08 07:30:00",2266,13.71,11.47,11.49,1.066,0.16,0,0,0,0
"2026-02-08 07:45:00",2267,13.68,11.49,11.53,0.924,0.105,0,0,0,0
"2026-02-08 08:00:00",2268,13.66,11.46,11.54,0.814,0.125,0,0,0,0
"2026-02-08 08:15:00",2269,13.63,11.48,11.54,1.012,0.113,0,0,0,0
"2026-02-08 08:30:00",2270,13.6,11.46,11.53,1.609,0.108,0,0,0,0
"2026-02-08 08:45:00",2271,13.57,11.45,11.49,7.26,0.182,0,0,0,0
"2026-02-08 09:00:00",2272,13.54,11.48,11.54,11.48,0.114,0,0,0,0
"2026-02-08 09:15:00",2273,13.51,11.46,11.5,11.47,0.168,0,0,0,0
"2026-02-08 09:30:00",2274,13.49,11.47,11.54,11.54,0.129,0,0,0,0
"2026-02-08 09:45:00",2275,13.45,11.48,11.54,11.56,0.126,0,0,0,0
"2026-02-08 10:00:00",2276,13.44,11.5,11.56,11.53,0.108,0,0,0,0
"2026-02-08 10:15:00",2277,13.42,11.51,11.56,11.55,0.128,0,0,0,0
"2026-02-08 10:30:00",2278,13.42,11.51,11.55,11.58,0.116,0,0,0,0
"2026-02-08 10:45:00",2279,13.42,11.55,11.6,11.6,0.143,0,0,0,0
"2026-02-08 11:00:00",2280,13.42,11.61,11.67,11.68,0.116,0,0,0,0
"2026-02-08 11:15:00",2281,13.5,11.66,11.72,11.74,0.149,0,0,0,0
"2026-02-08 11:30:00",2282,13.66,11.63,11.67,11.69,0.129,0,0,0,0
"2026-02-08 11:45:00",2283,13.88,11.6,11.65,11.65,0.139,0,0,0,0
"2026-02-08 12:00:00",2284,14.09,11.61,11.67,11.68,0.164,0,0,0,0
"2026-02-08 12:15:00",2285,14.31,11.59,11.64,11.63,0.135,0,0,0,0
"2026-02-08 12:30:00",2286,14.49,11.57,11.62,11.61,0.136,0,0,0,0
"2026-02-08 12:45:00",2287,14.64,11.53,11.59,11.6,0.15,0,0,0,0
"2026-02-08 13:00:00",2288,14.76,11.52,11.57,11.57,0.131,0,0,0,0
"2026-02-08 13:15:00",2289,14.82,11.52,11.56,11.57,0.145,0,0,0,0
"2026-02-08 13:30:00",2290,14.87,11.49,11.55,11.54,0.176,0,0,0,0
"2026-02-08 13:45:00",2291,14.89,11.5,11.54,11.56,0.137,0,0,0,0
"2026-02-08 14:00:00",2292,14.92,11.5,11.55,11.52,0.158,0,0,0,0
"2026-02-08 14:15:00",2293,14.95,11.49,11.54,11.53,0.133,0,0,0,0
"2026-02-08 14:30:00",2294,15,11.48,11.54,11.54,0.141,0,0,0,0
"2026-02-08 14:45:00",2295,15.07,11.49,11.53,11.54,0.145,0,0,0,0
"2026-02-08 15:00:00",2296,15.15,11.49,11.53,11.53,0.146,0,0,0,0
"2026-02-08 15:15:00",2297,15.22,11.48,11.54,11.53,0.147,0,0,0,0
"2026-02-08 15:30:00",2298,15.3,11.48,11.54,11.54,0.132,0,0,0,0
"2026-02-08 15:45:00",2299,15.39,11.48,11.54,11.53,0.136,0,0,0,0
"2026-02-08 16:00:00",2300,15.48,11.49,11.54,11.51,0.135,0,0,0,0
"2026-02-08 16:15:00",2301,15.58,11.48,11.54,11.55,0.161,0,0,0,0
"2026-02-08 16:30:00",2302,15.69,11.49,11.54,11.53,0.145,0,0,0,0
"2026-02-08 16:45:00",2303,15.79,11.48,11.53,11.52,0.136,0,0,0,0
"2026-02-08 17:00:00",2304,15.85,11.48,11.53,11.51,0.13,0,0,0,0
"2026-02-08 17:15:00",2305,15.9,11.47,11.53,11.53,0.159,0,0,0,0
"2026-02-08 17:30:00",2306,15.95,11.49,11.53,11.52,0.136,0,0,0,0
"2026-02-08 17:45:00",2307,15.99,11.47,11.53,11.52,0.137,0,0,0,0
"2026-02-08 18:00:00",2308,16,11.48,11.52,11.52,0.137,0,0,0,0
"2026-02-08 18:15:00",2309,16.01,11.48,11.53,11.53,0.14,0,0,0,0
"2026-02-08 18:30:00",2310,16.02,11.47,11.53,11.54,0.139,0,0,0,0
"2026-02-08 18:45:00",2311,16.02,11.47,11.51,11.53,0.133,0,0,0,0
"2026-02-08 19:00:00",2312,16.01,11.47,11.51,11.52,0.135,0,0,0,0
"2026-02-08 19:15:00",2313,15.98,11.46,11.51,11.53,0.138,0,0,0,0
"2026-02-08 19:30:00",2314,15.94,11.47,11.52,2.884,0.138,0,0,0,0
"2026-02-08 19:45:00",2315,15.89,11.46,11.5,0.871,0.156,0,0,0,0
"2026-02-08 20:00:00",2316,15.83,11.47,11.51,0.814,0.136,0,0,0,0
"2026-02-08 20:15:00",2317,15.77,11.47,11.52,0.97,0.138,0,0,0,0
"2026-02-08 20:30:00",2318,15.72,11.46,11.51,0.832,0.134,0,0,0,0
"2026-02-08 20:45:00",2319,15.65,11.47,11.52,1.111,0.152,0,0,0,0
"2026-02-08 21:00:00",2320,15.56,11.46,11.51,1.099,0.141,0,0,0,0
"2026-02-08 21:15:00",2321,15.48,11.46,11.5,1.148,0.138,0,0,0,0
"2026-02-08 21:30:00",2322,15.41,11.46,11.52,0.823,0.154,0,0,0,0
"2026-02-08 21:45:00",2323,15.35,11.41,11.47,0.735,0.201,0,0,0,0
"2026-02-08 22:00:00",2324,15.29,11.43,11.44,0.784,0.179,0,0,0,0
"2026-02-08 22:15:00",2325,15.23,11.46,11.5,0.841,0.135,0,0,0,0
"2026-02-08 22:30:00",2326,15.18,11.45,11.51,0.811,0.135,0,0,0,0
"2026-02-08 22:45:00",2327,15.13,11.44,11.48,0.808,0.16,0,0,0,0
"2026-02-08 23:00:00",2328,15.05,11.46,11.5,1.087,0.142,0,0,0,0
"2026-02-08 23:15:00",2329,14.97,11.42,11.47,1.033,0.204,0,0,0,0
"2026-02-08 23:30:00",2330,14.9,11.45,11.49,0.979,0.137,0,0,0,0
"2026-02-08 23:45:00",2331,14.82,11.45,11.49,0.771,0.133,0,0,0,0
"2026-02-09 00:00:00",2332,14.76,11.45,11.5,1.063,0.138,0,0,0,0
"2026-02-09 00:15:00",2333,14.69,11.46,11.51,0.815,0.165,0,0,0,0
"2026-02-09 00:30:00",2334,14.63,11.46,11.5,0.878,0.136,0,0,0,0
"2026-02-09 00:45:00",2335,14.56,11.45,11.51,0.823,0.13,0,0,0,0
"2026-02-09 01:00:00",2336,14.49,11.43,11.51,1.12,0.137,0,0,0,0
"2026-02-09 01:15:00",2337,14.43,11.42,11.48,0.72,0.153,0,0,0,0
"2026-02-09 01:30:00",2338,14.38,11.45,11.5,0.787,0.106,0,0,0,0
"2026-02-09 01:45:00",2339,14.32,11.45,11.51,0.999,0.113,0,0,0,0
"2026-02-09 02:00:00",2340,14.27,11.45,11.51,0.858,0.108,0,0,0,0
"2026-02-09 02:15:00",2341,14.23,11.45,11.5,0.756,0.114,0,0,0,0
"2026-02-09 02:30:00",2342,14.21,11.43,11.45,1.03,0.156,0,0,0,0
"2026-02-09 02:45:00",2343,14.18,11.43,11.45,1.014,0.152,0,0,0,0
"2026-02-09 03:00:00",2344,14.15,11.42,11.47,1.066,0.166,0,0,0,0
"2026-02-09 03:15:00",2345,14.13,11.44,11.51,1.057,0.128,0,0,0,0
"2026-02-09 03:30:00",2346,14.12,11.43,11.46,0.836,0.179,0,0,0,0
"2026-02-09 03:45:00",2347,14.1,11.41,11.47,0.968,0.131,0,0,0,0
"2026-02-09 04:00:00",2348,14.1,11.45,11.5,1.101,0.108,0,0,0,0
"2026-02-09 04:15:00",2349,14.1,11.44,11.49,0.808,0.125,0,0,0,0
"2026-02-09 04:30:00",2350,14.1,11.41,11.45,0.79,0.202,0,0,0,0
"2026-02-09 04:45:00",2351,14.1,11.44,11.51,1.109,0.131,0,0,0,0
"2026-02-09 05:00:00",2352,14.1,11.44,11.49,0.901,0.105,0,0,0,0
"2026-02-09 05:15:00",2353,14.09,11.45,11.5,0.82,0.133,0,0,0,0
"2026-02-09 05:30:00",2354,14.09,11.41,11.47,0.798,0.176,0,0,0,0
"2026-02-09 05:45:00",2355,14.08,11.44,11.5,0.912,0.127,0,0,0,0
"2026-02-09 06:00:00",2356,14.06,11.44,11.5,1.124,0.109,0,0,0,0
"2026-02-09 06:15:00",2357,14.04,11.4,11.46,1.068,0.168,0,0,0,0
"2026-02-09 06:30:00",2358,14.02,11.44,11.5,0.836,0.121,0,0,0,0
"2026-02-09 06:45:00",2359,13.99,11.41,11.47,0.724,0.16,0,0,0,0
"2026-02-09 07:00:00",2360,13.96,11.44,11.5,0.822,0.108,0,0,0,0
"2026-02-11 10:30:00",0,17.82,0,11.68,11.74,0.001,0,0,0,0
"2026-02-19 11:15:00",1,13.7,11.65,11.71,11.73,0.111,0,0,0,0
"2026-02-19 11:30:00",2,14.19,11.66,11.73,11.72,0.105,0,0,0,0
"2026-02-19 11:45:00",3,14.75,11.68,11.74,11.77,0.083,0,0,0,0
"2026-02-19 12:00:00",4,15.03,11.66,11.72,11.75,0.093,0,0,0,0
"2026-02-19 12:15:00",5,15.09,11.68,11.75,11.77,0.084,0,0,0,0
"2026-02-19 12:30:00",6,15.18,11.62,11.66,11.67,0.136,0,0,0,0
"2026-02-19 12:45:00",7,15.09,11.61,11.65,11.66,0.128,0,0,0,0
"2026-02-19 13:00:00",8,14.96,11.6,11.64,11.62,0.135,0,0,0,0
"2026-02-19 13:15:00",9,14.85,11.61,11.69,11.71,0.082,0,0,0,0
"2026-02-19 13:30:00",10,14.86,11.58,11.64,11.64,0.145,0,0,0,0
"2026-02-19 13:45:00",11,14.84,11.6,11.67,11.69,0.086,0,0,0,0
"2026-02-19 14:00:00",12,14.84,11.6,11.66,11.69,0.095,0,0,0,0
"2026-02-19 14:15:00",13,14.87,11.6,11.66,11.68,0.085,0,0,0,0
"2026-02-19 14:30:00",14,14.98,11.6,11.66,11.68,0.081,0,0,0,0
"2026-02-19 14:45:00",15,15.08,11.59,11.66,11.68,0.092,0,0,0,0
"2026-02-19 15:00:00",16,15.18,11.59,11.65,11.68,0.083,0,0,0,0
"2026-02-19 15:15:00",17,15.25,11.59,11.65,11.67,0.083,0,0,0,0
"2026-02-19 15:30:00",18,15.38,11.58,11.65,11.67,0.085,0,0,0,0
"2026-02-19 15:45:00",19,15.46,11.55,11.62,11.61,0.136,0,0,0,0
"2026-02-19 16:00:00",20,15.54,11.55,11.62,11.59,0.132,0,0,0,0
"2026-02-19 16:15:00",21,15.62,11.54,11.6,11.58,0.128,0,0,0,0
"2026-02-19 16:30:00",22,15.76,11.57,11.65,11.67,0.083,0,0,0,0
"2026-02-19 16:45:00",23,15.84,11.58,11.64,11.67,0.085,0,0,0,0
"2026-02-19 17:00:00",24,15.9,11.58,11.64,11.67,0.081,0,0,0,0
"2026-02-19 17:15:00",25,15.97,11.57,11.64,11.66,0.09,0,0,0,0
"2026-02-19 17:30:00",26,16.08,11.55,11.59,11.6,0.137,0,0,0,0
"2026-02-19 17:45:00",27,16.13,11.57,11.64,11.66,0.089,0,0,0,0
"2026-02-19 18:00:00",28,16.15,11.57,11.64,11.65,0.085,0,0,0,0
"2026-02-19 18:15:00",29,16.14,11.56,11.63,11.66,0.082,0,0,0,0
"2026-02-19 18:30:00",30,16.18,11.57,11.62,11.66,0.082,0,0,0,0
"2026-02-19 18:45:00",31,16.15,11.54,11.59,11.6,0.154,0,0,0,0
"2026-02-19 19:00:00",32,16.08,11.53,11.59,11.6,0.137,0,0,0,0
"2026-02-19 19:15:00",33,15.98,11.53,11.62,11.64,0.085,0,0,0,0
"2026-02-19 19:30:00",34,15.94,11.56,11.62,11.65,0.084,0,0,0,0
"2026-02-19 19:45:00",35,15.83,11.53,11.62,3.179,0.083,0,0,0,0
"2026-02-19 20:00:00",36,15.69,11.56,11.63,1.011,0.094,0,0,0,0
"2026-02-19 20:15:00",37,15.55,11.55,11.62,0.92,0.083,0,0,0,0
"2026-02-19 20:30:00",38,15.47,11.52,11.59,0.821,0.143,0,0,0,0
"2026-02-19 20:45:00",39,15.35,11.52,11.6,0.766,0.128,0,0,0,0
"2026-02-19 21:00:00",40,15.22,11.56,11.62,0.986,0.082,0,0,0,0
"2026-02-19 21:15:00",41,15.1,11.56,11.62,0.933,0.085,0,0,0,0
"2026-02-19 21:30:00",42,15.06,11.56,11.62,0.878,0.085,0,0,0,0
"2026-02-19 21:45:00",43,14.98,11.53,11.58,0.695,0.133,0,0,0,0
"2026-02-19 22:00:00",44,14.88,11.55,11.62,0.837,0.087,0,0,0,0
"2026-02-19 22:15:00",45,14.78,11.53,11.57,0.903,0.15,0,0,0,0
"2026-02-19 22:30:00",46,14.74,11.55,11.61,0.974,0.084,0,0,0,0
"2026-02-19 22:45:00",47,14.65,11.55,11.62,0.996,0.085,0,0,0,0
"2026-02-19 23:00:00",48,14.54,11.55,11.62,0.816,0.082,0,0,0,0
"2026-02-19 23:15:00",49,14.45,11.55,11.62,0.929,0.097,0,0,0,0
"2026-02-19 23:30:00",50,14.4,11.54,11.61,0.921,0.083,0,0,0,0
"2026-02-19 23:45:00",51,14.29,11.51,11.61,0.776,0.097,0,0,0,0
"2026-02-20 00:00:00",52,14.18,11.51,11.57,0.743,0.134,0,0,0,0
"2026-02-20 00:15:00",53,14.07,11.51,11.58,0.753,0.144,0,0,0,0
"2026-02-20 00:30:00",54,14.01,11.51,11.57,0.904,0.145,0,0,0,0
"2026-02-20 00:45:00",55,13.92,11.54,11.61,0.754,0.084,0,0,0,0
"2026-02-20 01:00:00",56,13.81,11.5,11.57,0.745,0.138,0,0,0,0
"2026-02-20 01:15:00",57,13.7,11.54,11.61,0.963,0.093,0,0,0,0
"2026-02-20 01:30:00",58,13.65,11.54,11.6,0.794,0.084,0,0,0,0
"2026-02-20 01:45:00",59,13.57,11.54,11.61,0.786,0.082,0,0,0,0
"2026-02-20 02:00:00",60,13.47,11.54,11.6,0.908,0.082,0,0,0,0
"2026-02-20 02:15:00",61,13.37,11.54,11.6,0.748,0.084,0,0,0,0
"2026-02-20 02:30:00",62,13.33,11.53,11.6,0.934,0.083,0,0,0,0
"2026-02-20 02:45:00",63,13.24,11.53,11.6,0.954,0.086,0,0,0,0
"2026-02-20 03:00:00",64,13.14,11.53,11.6,0.944,0.082,0,0,0,0
"2026-02-20 03:15:00",65,13.05,11.53,11.6,0.943,0.084,0,0,0,0
"2026-02-20 03:30:00",66,13.03,11.53,11.6,0.749,0.085,0,0,0,0
"2026-02-20 03:45:00",67,12.97,11.53,11.59,0.765,0.083,0,0,0,0
"2026-02-20 04:00:00",68,12.9,11.53,11.6,0.928,0.084,0,0,0,0
"2026-02-20 04:15:00",69,12.83,11.52,11.58,0.914,0.099,0,0,0,0
"2026-02-20 04:30:00",70,12.82,11.52,11.59,0.901,0.086,0,0,0,0
"2026-02-20 04:45:00",71,12.77,11.52,11.59,0.946,0.081,0,0,0,0
"2026-02-20 05:00:00",72,12.71,11.52,11.59,0.807,0.082,0,0,0,0
"2026-02-20 05:15:00",73,12.66,11.52,11.58,0.895,0.083,0,0,0,0
"2026-02-20 05:30:00",74,12.7,11.52,11.59,0.975,0.084,0,0,0,0
"2026-02-20 05:45:00",75,12.68,11.51,11.58,0.92,0.092,0,0,0,0
"2026-02-20 06:00:00",76,12.66,11.52,11.59,0.754,0.082,0,0,0,0
"2026-02-20 06:15:00",77,12.66,11.51,11.59,0.927,0.084,0,0,0,0
"2026-02-20 06:30:00",78,12.71,11.52,11.58,0.958,0.096,0,0,0,0
"2026-02-20 06:45:00",79,12.76,11.52,11.58,0.846,0.082,0,0,0,0
"2026-02-20 07:00:00",80,12.8,11.51,11.58,0.86,0.083,0,0,0,0
"2026-02-20 07:15:00",81,12.82,11.51,11.58,0.939,0.092,0,0,0,0
"2026-02-20 07:30:00",82,12.83,11.51,11.58,0.739,0.083,0,0,0,0
"2026-02-20 07:45:00",83,12.79,11.51,11.58,0.948,0.083,0,0,0,0
"2026-02-20 08:00:00",84,12.76,11.51,11.58,0.972,0.093,0,0,0,0
"2026-02-20 08:15:00",85,12.74,11.51,11.58,1.623,0.086,0,0,0,0
"2026-02-20 08:30:00",86,12.75,11.5,11.58,11.47,0.084,0,0,0,0
"2026-02-20 08:45:00",87,12.77,11.51,11.58,11.75,0.089,0,0,0,0
"2026-02-20 09:00:00",88,12.74,11.51,11.58,11.6,0.083,0,0,0,0
"2026-02-20 09:15:00",89,12.75,11.52,11.59,11.61,0.084,0,0,0,0
"2026-02-20 09:30:00",90,12.84,11.51,11.57,11.58,0.113,0,0,0,0
"2026-02-20 09:45:00",91,12.89,11.53,11.6,11.61,0.084,0,0,0,0
"2026-02-20 10:00:00",92,12.93,11.53,11.6,11.61,0.083,0,0,0,0
"2026-02-20 10:15:00",93,12.97,11.54,11.61,11.63,0.084,0,0,0,0
"2026-02-20 10:30:00",94,13.07,11.55,11.62,11.63,0.082,0,0,0,0
"2026-02-20 10:45:00",95,13.15,11.56,11.62,11.65,0.083,0,0,0,0
"2026-02-20 11:00:00",96,13.34,11.66,11.72,11.76,0.082,0,0,0,0
"2026-02-20 11:15:00",97,14.17,11.67,11.73,11.75,0.083,0,0,0,0
"2026-02-20 11:30:00",98,14.85,11.66,11.73,11.76,0.082,0,0,0,0
"2026-02-20 11:45:00",99,15.43,11.71,11.77,11.81,0.091,0,0,0,0
"2026-02-20 12:00:00",100,16.1,11.64,11.71,11.73,0.084,0,0,0,0
"2026-02-20 12:15:00",101,16.12,11.66,11.73,11.76,0.082,0,0,0,0
"2026-02-20 12:30:00",102,15.92,11.63,11.7,11.72,0.083,0,0,0,0
"2026-02-20 12:45:00",103,15.78,11.61,11.67,11.7,0.083,0,0,0,0
"2026-02-20 13:00:00",104,15.66,11.59,11.66,11.67,0.083,0,0,0,0
"2026-02-20 13:15:00",105,15.56,11.58,11.65,11.67,0.082,0,0,0,0
"2026-02-20 13:30:00",106,15.53,11.58,11.64,11.67,0.084,0,0,0,0
"2026-02-20 13:45:00",107,15.49,11.53,11.6,11.59,0.174,0,0,0,0
"2026-02-20 14:00:00",108,15.46,11.57,11.64,11.66,0.081,0,0,0,0
"2026-02-20 14:15:00",109,15.47,11.54,11.6,11.58,0.147,0,0,0,0
"2026-02-20 14:30:00",110,15.56,11.57,11.63,11.66,0.093,0,0,0,0
"2026-02-20 14:45:00",111,15.65,11.57,11.62,11.66,0.082,0,0,0,0
"2026-02-20 15:00:00",112,15.73,11.57,11.63,11.64,0.082,0,0,0,0
"2026-02-20 15:15:00",113,15.82,11.52,11.6,11.57,0.127,0,0,0,0
"2026-02-20 15:30:00",114,15.96,11.53,11.59,11.56,0.133,0,0,0,0
"2026-02-20 15:45:00",115,16.06,11.52,11.58,11.56,0.125,0,0,0,0
"2026-02-20 16:00:00",116,16.13,11.52,11.57,11.56,0.121,0,0,0,0
"2026-02-20 16:15:00",117,16.19,11.54,11.61,11.63,0.082,0,0,0,0
"2026-02-20 16:30:00",118,16.28,11.51,11.56,11.59,0.134,0,0,0,0
"2026-02-20 16:45:00",119,16.33,11.5,11.55,11.53,0.143,0,0,0,0
"2026-02-20 17:00:00",120,16.35,11.51,11.55,11.58,0.136,0,0,0,0
"2026-02-20 17:15:00",121,16.36,11.53,11.59,11.61,0.083,0,0,0,0
"2026-02-20 17:30:00",122,16.41,11.49,11.53,11.55,0.156,0,0,0,0
"2026-02-20 17:45:00",123,16.43,11.52,11.59,11.61,0.089,0,0,0,0
"2026-02-20 18:00:00",124,16.43,11.51,11.58,11.61,0.086,0,0,0,0
"2026-02-20 18:15:00",125,16.45,11.51,11.58,11.6,0.081,0,0,0,0
"2026-02-20 18:30:00",126,16.49,11.51,11.58,11.6,0.085,0,0,0,0
"2026-02-20 18:45:00",127,16.42,11.47,11.54,11.53,0.136,0,0,0,0
"2026-02-20 19:00:00",128,16.31,11.5,11.57,11.58,0.083,0,0,0,0
"2026-02-20 19:15:00",129,16.19,11.5,11.57,11.59,0.083,0,0,0,0
"2026-02-20 19:30:00",130,16.12,11.46,11.53,11.5,0.135,0,0,0,0
"2026-02-20 19:45:00",131,16.01,11.5,11.56,4.002,0.082,0,0,0,0
"2026-02-20 20:00:00",132,15.89,11.5,11.56,1.198,0.083,0,0,0,0
"2026-02-20 20:15:00",133,15.77,11.49,11.56,0.897,0.084,0,0,0,0
"2026-02-20 20:30:00",134,15.7,11.49,11.56,1.043,0.094,0,0,0,0
"2026-02-20 20:45:00",135,15.58,11.47,11.51,0.83,0.138,0,0,0,0
"2026-02-20 21:00:00",136,15.46,11.49,11.56,1.052,0.084,0,0,0,0
"2026-02-20 21:15:00",137,15.35,11.47,11.52,0.81,0.145,0,0,0,0
"2026-02-20 21:30:00",138,15.31,11.49,11.56,0.763,0.083,0,0,0,0
"2026-02-20 21:45:00",139,15.22,11.49,11.56,0.905,0.087,0,0,0,0
"2026-02-20 22:00:00",140,15.13,11.49,11.56,0.784,0.096,0,0,0,0
"2026-02-20 22:15:00",141,15.05,11.45,11.52,0.785,0.157,0,0,0,0
"2026-02-20 22:30:00",142,15.03,11.49,11.56,0.773,0.082,0,0,0,0
"2026-02-20 22:45:00",143,14.96,11.49,11.56,0.992,0.096,0,0,0,0
"2026-02-20 23:00:00",144,14.89,11.49,11.55,0.976,0.085,0,0,0,0
"2026-02-20 23:15:00",145,14.83,11.49,11.55,0.99,0.082,0,0,0,0
"2026-02-20 23:30:00",146,14.81,11.45,11.53,0.908,0.14,0,0,0,0
"2026-02-20 23:45:00",147,14.76,11.48,11.55,0.944,0.083,0,0,0,0
"2026-02-21 00:00:00",148,14.69,11.48,11.55,0.982,0.083,0,0,0,0
"2026-02-21 00:15:00",149,14.63,11.45,11.52,0.69,0.129,0,0,0,0
"2026-02-21 00:30:00",150,14.61,11.45,11.51,0.904,0.129,0,0,0,0
"2026-02-21 00:45:00",151,14.55,11.45,11.51,0.879,0.126,0,0,0,0
"2026-02-21 01:00:00",152,14.48,11.48,11.55,0.865,0.087,0,0,0,0
"2026-02-21 01:15:00",153,14.41,11.48,11.54,0.84,0.084,0,0,0,0
"2026-02-21 01:30:00",154,14.4,11.46,11.51,0.742,0.129,0,0,0,0
"2026-02-21 01:45:00",155,14.35,11.48,11.55,1.012,0.085,0,0,0,0
"2026-02-21 02:00:00",156,14.28,11.47,11.53,0.824,0.143,0,0,0,0
"2026-02-21 02:15:00",157,14.23,11.48,11.54,1.02,0.083,0,0,0,0
"2026-02-21 02:30:00",158,14.23,11.48,11.55,0.791,0.085,0,0,0,0
"2026-02-21 02:45:00",159,14.2,11.48,11.55,0.824,0.085,0,0,0,0
"2026-02-21 03:00:00",160,14.15,11.44,11.5,0.853,0.16,0,0,0,0
"2026-02-21 03:15:00",161,14.11,11.48,11.54,0.928,0.085,0,0,0,0
"2026-02-21 03:30:00",162,14.11,11.48,11.54,0.867,0.086,0,0,0,0
"2026-02-21 03:45:00",163,14.07,11.47,11.54,0.985,0.084,0,0,0,0
"2026-02-21 04:00:00",164,14.02,11.48,11.54,0.825,0.095,0,0,0,0
"2026-02-21 04:15:00",165,13.97,11.47,11.54,0.831,0.082,0,0,0,0
"2026-03-11 16:30:00",0,16.41,12.29,12.34,0.025,0.072,0,0,0,0
"2026-03-11 16:45:00",1,16.67,12.29,12.36,0.04,0.058,0,0,0,0
"2026-03-11 17:00:00",2,16.7,12.3,12.38,0.04,0.058,0,0,0,0
"2026-03-11 17:15:00",3,16.39,12.32,12.37,0.04,0.059,0,0,0,0
"2026-03-11 17:30:00",4,16.62,12.31,12.38,0.04,0.061,0,0,0,0
"2026-03-11 17:45:00",5,16.62,12.32,12.4,0.04,0.058,0,0,0,0
"2026-03-11 18:00:00",6,16.56,12.33,12.4,0.04,0.06,0,0,0,0
"2026-03-11 18:15:00",7,16.49,12.35,12.4,0.039,0.059,0,0,0,0
"2026-03-11 18:30:00",8,16.46,11.89,11.95,0.039,0.061,0,0,0,0
"2026-03-11 18:45:00",9,16.47,11.85,11.92,0.037,0.06,0,0,0,0
"2026-03-11 19:00:00",10,16.46,11.83,11.9,0.039,0.063,0,0,0,0
"2026-03-11 19:15:00",11,16.44,11.82,11.89,0.04,0.061,0,0,0,0
"2026-03-11 19:30:00",12,16.41,11.81,11.88,0.038,0.06,0,0,0,0
"2026-03-11 19:45:00",13,16.34,11.81,11.87,0.027,0.061,0,0,0,0
"2026-03-11 20:00:00",14,16.19,11.8,11.86,0.039,0.062,0,0,0,0
"2026-03-11 20:15:00",15,16.04,11.8,11.86,0.039,0.066,0,0,0,0
"2026-03-11 20:30:00",16,15.93,11.79,11.85,0.038,0.061,0,0,0,0
"2026-03-11 20:45:00",17,15.83,11.79,11.85,0.033,0.06,0,0,0,0
"2026-03-11 21:00:00",18,15.75,11.79,11.85,0.039,0.061,0,0,0,0
"2026-03-11 21:15:00",19,15.66,11.78,11.85,0.038,0.066,0,0,0,0
"2026-03-11 21:30:00",20,15.57,11.78,11.84,0.039,0.06,0,0,0,0
"2026-03-11 21:45:00",21,15.47,11.78,11.84,0.039,0.059,0,0,0,0
"2026-03-11 22:00:00",22,15.39,11.78,11.84,0.036,0.062,0,0,0,0
"2026-03-11 22:15:00",23,15.37,11.77,11.84,0.033,0.061,0,0,0,0
"2026-03-11 22:30:00",24,15.37,11.77,11.84,0.03,0.06,0,0,0,0
"2026-03-11 22:45:00",25,15.35,11.77,11.82,0.001,0.085,0,0,0,0
"2026-03-11 23:00:00",26,15.29,11.77,11.83,0.039,0.07,0,0,0,0
"2026-03-11 23:15:00",27,15.23,11.77,11.83,0.039,0.062,0,0,0,0
"2026-03-11 23:30:00",28,15.15,11.77,11.83,0.036,0.061,0,0,0,0
"2026-03-11 23:45:00",29,15.08,11.77,11.83,0.04,0.063,0,0,0,0
"2026-03-12 00:00:00",30,14.99,11.76,11.82,0.034,0.068,0,0,0,0
"2026-03-12 00:15:00",31,14.9,11.76,11.83,0.032,0.061,0,0,0,0
"2026-03-12 00:30:00",32,14.84,11.76,11.83,0.04,0.061,0,0,0,0
"2026-03-12 00:45:00",33,14.79,11.76,11.83,0.039,0.069,0,0,0,0
"2026-03-12 01:00:00",34,14.74,11.76,11.83,0.038,0.06,0,0,0,0
"2026-03-12 01:15:00",35,14.69,11.76,11.82,0.038,0.061,0,0,0,0
"2026-03-12 01:30:00",36,14.64,11.76,11.82,0.039,0.061,0,0,0,0
"2026-03-12 01:45:00",37,14.58,11.75,11.81,0.024,0.077,0,0,0,0
"2026-03-12 02:00:00",38,14.52,11.76,11.82,0.04,0.06,0,0,0,0
"2026-03-12 02:15:00",39,14.46,11.76,11.82,0.04,0.06,0,0,0,0
"2026-03-12 02:30:00",40,14.41,11.75,11.81,0.02,0.076,0,0,0,0
"2026-03-12 02:45:00",41,14.37,11.75,11.81,0.023,0.061,0,0,0,0
"2026-03-12 03:00:00",42,14.33,11.75,11.82,0.04,0.06,0,0,0,0
"2026-03-12 03:15:00",43,14.32,11.75,11.82,0.04,0.071,0,0,0,0
"2026-03-12 03:30:00",44,14.35,11.75,11.82,0.039,0.06,0,0,0,0
"2026-03-12 03:45:00",45,14.38,11.75,11.82,0.039,0.061,0,0,0,0
"2026-03-12 04:00:00",46,14.41,11.74,11.81,0.025,0.075,0,0,0,0
"2026-03-12 04:15:00",47,14.44,11.75,11.81,0.04,0.06,0,0,0,0
"2026-03-12 04:30:00",48,14.5,11.75,11.81,0.037,0.06,0,0,0,0
"2026-03-12 04:45:00",49,14.56,11.75,11.81,0.039,0.061,0,0,0,0
"2026-03-12 05:00:00",50,14.55,11.75,11.81,0.04,0.061,0,0,0,0
"2026-03-12 05:15:00",51,14.52,11.74,11.81,0.038,0.06,0,0,0,0
"2026-03-12 05:30:00",52,14.52,11.74,11.81,0.037,0.061,0,0,0,0
"2026-03-12 05:45:00",53,14.52,11.74,11.81,0.039,0.07,0,0,0,0
"2026-03-12 06:00:00",54,14.52,11.74,11.81,0.039,0.061,0,0,0,0
"2026-03-12 06:15:00",55,14.52,11.74,11.81,0.038,0.061,0,0,0,0
"2026-03-12 06:30:00",56,14.51,11.74,11.81,0.041,0.063,0,0,0,0
"2026-03-12 06:45:00",57,14.5,11.74,11.8,0.039,0.06,0,0,0,0
"2026-03-12 07:00:00",58,14.46,11.74,11.81,0.039,0.06,0,0,0,0
"2026-03-12 07:15:00",59,14.41,11.74,11.81,0.04,0.062,0,0,0,0
"2026-03-12 07:30:00",60,14.38,11.74,11.81,0.036,0.06,0,0,0,0
"2026-03-12 07:45:00",61,14.35,11.74,11.81,0.029,0.059,0,0,0,0
"2026-03-12 08:00:00",62,14.31,11.74,11.8,0.039,0.06,0,0,0,0
"2026-03-12 08:15:00",63,14.28,11.74,11.8,0.038,0.057,0,0,0,0
"2026-03-12 08:30:00",64,14.3,11.74,11.8,0.038,0.06,0,0,0,0
"2026-03-12 08:45:00",65,14.35,11.73,11.8,0.04,0.06,0,0,0,0
"2026-03-12 09:00:00",66,14.42,11.73,11.79,0.003,0.077,0,0,0,0
"2026-03-12 09:15:00",67,14.56,11.74,11.8,0.038,0.061,0,0,0,0
"2026-03-12 09:30:00",68,14.7,11.74,11.8,0.039,0.06,0,0,0,0
"2026-03-12 09:45:00",69,14.82,11.74,11.8,0.037,0.059,0,0,0,0
"2026-03-12 10:00:00",70,14.96,11.73,11.8,0.039,0.06,0,0,0,0
"2026-03-12 10:15:00",71,15.18,11.73,11.8,0.028,0.06,0,0,0,0
"2026-03-12 10:30:00",72,15.58,11.73,11.8,0.04,0.06,0,0,0,0
"2026-03-12 10:45:00",73,15.93,11.73,11.8,0.038,0.072,0,0,0,0
"2026-03-12 11:00:00",74,16.2,11.73,11.8,0.038,0.06,0,0,0,0
"2026-03-12 11:15:00",75,16.56,11.73,11.8,0.037,0.061,0,0,0,0
"2026-03-12 11:30:00",76,16.92,11.73,11.8,0.038,0.061,0,0,0,0
"2026-03-18 13:15:00",77,16.6,11.98,12.03,0.02,0.076,0,0,0,0
"2026-03-18 13:30:00",78,16.04,12.68,12.75,0.034,0.058,0,0,0,0
"2026-03-18 13:45:00",79,15.67,12.67,12.75,0.032,0.058,0,0,0,0
"2026-03-18 14:00:00",80,15.44,12.69,12.73,0.034,0.057,0,0,0,0
"2026-03-18 14:15:00",81,15.32,12.68,12.73,0.034,0.058,0,0,0,0
"2026-03-18 14:30:00",82,15.26,12.67,12.75,0.006,0.072,0,0,0,0
"2026-03-18 14:45:00",83,15.19,12.68,12.75,0.033,0.06,0,0,0,0
"2026-03-18 15:00:00",84,15.12,12.69,12.75,0.034,0.067,0,0,0,0
"2026-03-18 15:15:00",85,15.06,12.7,12.76,0.034,0.062,0,0,0,0
"2026-03-18 15:30:00",86,15.03,12.7,12.76,0.034,0.057,0,0,0,0
"2026-03-18 15:45:00",87,15,12.71,12.78,0.033,0.059,0,0,0,0
"2026-03-18 16:00:00",88,14.99,12.71,12.78,0.034,0.056,0,0,0,0
"2026-03-18 16:15:00",89,14.97,12.73,12.78,0.025,0.057,0,0,0,0
"2026-03-18 16:30:00",90,15.02,12.73,12.8,0.034,0.057,0,0,0,0
"2026-03-18 16:45:00",91,15.09,12.73,12.79,0.035,0.067,0,0,0,0
"2026-03-18 17:00:00",92,15.16,12.73,12.8,0.035,0.056,0,0,0,0
"2026-03-18 17:15:00",93,15.25,12.74,12.81,0.035,0.057,0,0,0,0
"2026-03-18 17:30:00",94,15.21,12.75,12.81,0.031,0.057,0,0,0,0
"2026-03-18 17:45:00",95,15.19,12.76,12.81,0.033,0.058,0,0,0,0
"2026-03-18 18:00:00",96,15.18,12.76,12.84,0.026,0.055,0,0,0,0
"2026-03-18 18:15:00",97,15.18,12.77,12.84,0.035,0.058,0,0,0,0
"2026-03-18 18:30:00",98,15.12,12.78,12.84,0.036,0.062,0,0,0,0
"2026-03-19 13:15:00",99,15.41,12.09,12.14,0.031,0.075,0,0,0,0
"2026-03-19 13:30:00",100,15.68,12.09,12.15,0.013,0.058,0,0,0,0
"2026-03-19 13:45:00",101,16.05,12.08,12.14,0.031,0.059,0,0,0,0
"2026-03-19 14:00:00",102,16.17,12.06,12.09,-0.038,0.104,0,0,0,0
"2026-03-19 14:15:00",103,16.18,12.05,12.06,-0.044,0.136,0,0,0,0
"2026-03-19 14:30:00",104,16.29,12.05,12.1,-0.042,0.134,0,0,0,0
"2026-03-19 14:45:00",105,16.47,12.06,12.1,-0.025,0.126,0,0,0,0
"2026-03-19 15:00:00",106,16.62,12.08,12.15,0.033,0.061,0,0,0,0
"2026-03-19 15:15:00",107,16.71,12.08,12.14,0.018,0.08,0,0,0,0
"2026-03-19 15:30:00",108,16.53,12.08,12.13,0.02,0.075,0,0,0,0
"2026-03-19 15:45:00",109,16.29,12.08,12.14,0.032,0.059,0,0,0,0
"2026-03-19 16:00:00",110,16.12,12.06,12.1,-0.095,0.136,0,0,0,0
"2026-03-19 16:15:00",111,15.98,12.05,12.11,-0.036,0.107,0,0,0,0
"2026-03-19 16:30:00",112,15.9,12.05,12.11,-0.063,0.111,0,0,0,0
"2026-03-19 16:45:00",113,15.87,12.06,12.11,-0.059,0.106,0,0,0,0
"2026-03-19 17:00:00",114,15.89,12.07,12.13,0.011,0.074,0,0,0,0
"2026-03-19 17:15:00",115,15.93,12.06,12.1,-0.055,0.102,0,0,0,0
"2026-03-19 17:30:00",116,15.99,12.08,12.14,0.028,0.07,0,0,0,0
"2026-03-19 17:45:00",117,15.95,12.08,12.14,0.032,0.06,0,0,0,0
"2026-05-03 16:30:00",994,22.08,12.55,12.6,12.64,0.09,0,0,0,0
"2026-05-03 16:45:00",995,21.95,12.56,12.62,12.65,0.095,0,0,0,0
"2026-05-03 17:00:00",996,21.8,12.55,12.61,12.62,0.092,0,0,0,0
"2026-05-03 17:15:00",997,21.61,12.55,12.61,12.64,0.095,0,0,0,0
"2026-05-03 17:30:00",998,21.44,12.56,12.62,12.65,0.1,0,0,0,0
"2026-05-03 17:45:00",999,21.28,12.5,12.56,12.58,0.101,0,0,0,0
"2026-05-03 18:00:00",1000,21.13,12.46,12.52,12.55,0.095,0,0,0,0
"2026-05-03 18:15:00",1001,20.99,12.44,12.49,12.52,0.099,0,0,0,0
"2026-05-03 18:30:00",1002,20.87,12.41,12.47,12.49,0.094,0,0,0,0
"2026-05-03 18:45:00",1003,20.76,12.4,12.46,12.47,0.106,0,0,0,0
"2026-05-03 19:00:00",1004,20.65,12.4,12.45,12.47,0.095,0,0,0,0
"2026-05-03 19:15:00",1005,20.54,12.38,12.44,12.47,0.102,0,0,0,0
"2026-05-03 19:30:00",1006,20.43,12.37,12.43,12.46,0.094,0,0,0,0
"2026-05-03 19:45:00",1007,20.31,12.37,12.43,12.44,0.098,0,0,0,0
"2026-05-03 20:00:00",1008,20.2,12.37,12.43,12.45,0.098,0,0,0,0
"2026-05-03 20:15:00",1009,20.08,12.36,12.41,12.45,0.093,0,0,0,0
"2026-05-03 20:30:00",1010,19.99,12.36,12.42,12.44,0.113,0,0,0,0
"2026-05-03 20:45:00",1011,19.91,12.36,12.41,6.184,0.096,0,0,0,0
"2026-05-03 21:00:00",1012,19.81,12.36,12.42,3.322,0.111,0,0,0,0
"2026-05-03 21:15:00",1013,19.69,12.36,12.42,0.4,0.1,0,0,0,0
"2026-05-03 21:30:00",1014,19.57,12.35,12.41,0.299,0.093,0,0,0,0
"2026-05-03 21:45:00",1015,19.45,12.35,12.41,0.297,0.101,0,0,0,0
"2026-05-03 22:00:00",1016,19.32,12.35,12.41,0.295,0.1,0,0,0,0
"2026-05-03 22:15:00",1017,19.19,12.35,12.41,0.279,0.095,0,0,0,0
"2026-05-03 22:30:00",1018,19.08,12.34,12.41,0.281,0.092,0,0,0,0
"2026-05-03 22:45:00",1019,18.98,12.35,12.41,0.275,0.103,0,0,0,0
"2026-05-03 23:00:00",1020,18.88,12.34,12.41,0.284,0.095,0,0,0,0
"2026-05-03 23:15:00",1021,18.8,12.34,12.4,0.267,0.092,0,0,0,0
"2026-05-03 23:30:00",1022,18.74,12.34,12.4,0.254,0.096,0,0,0,0
"2026-05-03 23:45:00",1023,18.66,12.34,12.4,0.257,0.093,0,0,0,0
"2026-05-04 00:00:00",1024,18.58,12.34,12.4,0.265,0.1,0,0,0,0
"2026-05-04 00:15:00",1025,18.5,12.34,12.39,0.258,0.101,0,0,0,0
"2026-05-04 00:30:00",1026,18.43,12.33,12.39,0.249,0.103,0,0,0,0
"2026-05-04 00:45:00",1027,18.36,12.32,12.39,0.259,0.092,0,0,0,0
"2026-05-04 01:00:00",1028,18.3,12.32,12.37,0.248,0.118,0,0,0,0
"2026-05-04 01:15:00",1029,18.24,12.32,12.38,0.258,0.091,0,0,0,0
"2026-05-04 01:30:00",1030,18.2,12.32,12.38,0.252,0.102,0,0,0,0
"2026-05-04 01:45:00",1031,18.15,12.31,12.37,0.253,0.096,0,0,0,0
"2026-05-04 02:00:00",1032,18.1,12.31,12.37,0.269,0.093,0,0,0,0
"2026-05-04 02:15:00",1033,18.07,12.3,12.37,0.271,0.109,0,0,0,0
"2026-05-04 02:30:00",1034,18.05,12.3,12.36,0.273,0.099,0,0,0,0
"2026-05-04 02:45:00",1035,18.02,12.3,12.36,0.288,0.097,0,0,0,0
"2026-05-04 03:00:00",1036,18,12.3,12.36,0.283,0.093,0,0,0,0
"2026-05-04 03:15:00",1037,17.98,12.3,12.36,0.291,0.096,0,0,0,0
"2026-05-04 03:30:00",1038,17.98,12.3,12.36,0.273,0.094,0,0,0,0
"2026-05-04 03:45:00",1039,17.97,12.3,12.36,0.285,0.099,0,0,0,0
"2026-05-04 04:00:00",1040,17.96,12.29,12.35,0.283,0.099,0,0,0,0
"2026-05-04 04:15:00",1041,17.95,12.29,12.35,0.292,0.102,0,0,0,0
"2026-05-04 04:30:00",1042,17.96,12.29,12.35,0.282,0.094,0,0,0,0
"2026-05-04 04:45:00",1043,17.95,12.29,12.35,0.279,0.1,0,0,0,0
"2026-05-04 05:00:00",1044,17.94,12.29,12.35,0.293,0.099,0,0,0,0
"2026-05-04 05:15:00",1045,17.93,12.29,12.35,0.292,0.104,0,0,0,0
"2026-05-04 05:30:00",1046,17.95,12.29,12.35,0.283,0.095,0,0,0,0
"2026-05-04 05:45:00",1047,17.94,12.29,12.34,0.263,0.102,0,0,0,0
"2026-05-04 06:00:00",1048,17.93,12.29,12.35,0.275,0.101,0,0,0,0
"2026-05-04 06:15:00",1049,17.92,12.29,12.35,0.381,0.112,0,0,0,0
"2026-05-04 06:30:00",1050,17.95,12.29,12.35,2.566,0.099,0,0,0,0
"2026-05-04 06:45:00",1051,17.95,12.29,12.35,9.33,0.098,0,0,0,0
"2026-05-04 07:00:00",1052,17.93,12.29,12.35,12.35,0.094,0,0,0,0
"2026-05-04 07:15:00",1053,17.92,12.29,12.35,12.36,0.108,0,0,0,0
"2026-05-04 07:30:00",1054,17.94,12.29,12.35,12.38,0.096,0,0,0,0
"2026-05-04 07:45:00",1055,17.95,12.3,12.36,12.38,0.093,0,0,0,0
"2026-05-04 08:00:00",1056,17.98,12.34,12.4,12.42,0.094,0,0,0,0
"2026-05-04 08:15:00",1057,18.03,12.34,12.39,12.42,0.097,0,0,0,0
"2026-05-04 08:30:00",1058,18.13,12.35,12.41,12.44,0.095,0,0,0,0
"2026-05-04 08:45:00",1059,18.24,12.38,12.44,12.46,0.099,0,0,0,0
"2026-05-04 09:00:00",1060,18.4,12.49,12.55,12.59,0.09,0,0,0,0
"2026-05-04 09:15:00",1061,18.66,12.52,12.58,12.61,0.092,0,0,0,0
"2026-05-04 09:30:00",1062,19,12.83,12.88,12.93,0.091,0,0,0,0
"2026-05-04 09:45:00",1063,19.3,12.68,12.73,12.77,0.091,0,0,0,0
"2026-05-04 10:00:00",1064,19.64,12.73,12.79,12.82,0.092,0,0,0,0
"2026-05-04 10:15:00",1065,20,12.74,12.8,12.83,0.095,0,0,0,0
"2026-05-04 10:30:00",1066,20.34,12.66,12.71,12.75,0.094,0,0,0,0
"2026-05-04 10:45:00",1067,20.53,12.68,12.74,12.78,0.091,0,0,0,0
"2026-05-04 11:00:00",1068,20.61,12.67,12.73,12.76,0.092,0,0,0,0
"2026-05-04 11:15:00",1069,20.65,12.71,12.77,12.79,0.091,0,0,0,0
"2026-05-04 11:30:00",1070,20.72,12.76,12.82,12.87,0.093,0,0,0,0
"2026-05-04 11:45:00",1071,20.81,12.91,12.96,13.01,0.089,0,0,0,0
"2026-05-04 12:00:00",1072,20.95,12.68,12.74,12.77,0.098,0,0,0,0
"2026-05-04 12:15:00",1073,20.96,12.71,12.76,12.8,0.093,0,0,0,0
"2026-05-04 12:30:00",1074,20.94,12.62,12.67,12.7,0.117,0,0,0,0
"2026-05-04 12:45:00",1075,20.87,12.53,12.6,12.62,0.096,0,0,0,0
"2026-05-04 13:00:00",1076,20.74,12.51,12.57,12.6,0.097,0,0,0,0
"2026-05-04 13:15:00",1077,20.49,12.51,12.56,12.59,0.097,0,0,0,0
"2026-05-04 13:30:00",1078,20.26,12.62,12.67,12.7,0.106,0,0,0,0
"2026-05-04 13:45:00",1079,20.05,12.72,12.78,12.82,0.089,0,0,0,0
"2026-05-04 14:00:00",1080,19.91,12.65,12.71,12.74,0.092,0,0,0,0
"2026-05-04 14:15:00",1081,19.84,12.7,12.75,12.77,0.091,0,0,0,0
"2026-05-04 14:30:00",1082,19.84,12.66,12.72,12.75,0.091,0,0,0,0
"2026-05-04 14:45:00",1083,19.82,12.61,12.66,12.69,0.101,0,0,0,0
"2026-05-04 15:00:00",1084,19.79,12.58,12.63,12.66,0.095,0,0,0,0
"2026-05-04 15:15:00",1085,19.77,12.64,12.69,12.72,0.092,0,0,0,0
"2026-05-04 15:30:00",1086,19.82,12.51,12.54,12.55,0.165,0,0,0,0
"2026-05-04 15:45:00",1087,19.86,12.5,12.56,12.59,0.094,0,0,0,0
"2026-05-04 16:00:00",1088,19.86,12.5,12.56,12.58,0.091,0,0,0,0
"2026-05-04 16:15:00",1089,19.82,12.5,12.55,12.57,0.13,0,0,0,0
"2026-05-04 16:30:00",1090,19.8,12.47,12.52,12.54,0.12,0,0,0,0
"2026-05-04 16:45:00",1091,19.74,12.52,12.58,12.59,0.093,0,0,0,0
"2026-05-04 17:00:00",1092,19.65,12.47,12.52,12.55,0.091,0,0,0,0
"2026-05-04 17:15:00",1093,19.58,12.41,12.47,12.49,0.098,0,0,0,0
"2026-05-04 17:30:00",1094,19.56,12.41,12.47,12.49,0.107,0,0,0,0
